Workbook

Sheet 工作表1
B2: 台羅拼音帶調字符表[1]
B3: 字母、陰平（一聲） | D3: 陰上（二聲） | E3: 陰去（三聲） | F3: 陰入（四聲） | G3: 陽平（五聲） | H3: 陽上（六聲） | I3: 陽去（七聲） | J3: 陽入（八聲） | K3: （九聲）
B4: 組合附加符號 | D4: ́ (U+0301) | E4: ̀ (U+0300) | F4: h | G4: ̂ (U+0302) | H4: ̌ (U+030C) | I4: ̄ (U+0304) | J4: ̍h (U+030D) | K4: ̋ (U+030B)
B5: 大寫 | C5: A | D5: Á (U+00C1) | E5: À (U+00C0) | F5: AH | G5: Â (U+00C2) | H5: Ǎ (U+01CD) | I5: Ā (U+0100) | J5: A̍H (U+0041 U+030D) | K5: A̋ (U+0041 U+030B)
C6: E | D6: É (U+00C9) | E6: È (U+00C8) | F6: EH | G6: Ê (U+00CA) | H6: Ě (U+011A) | I6: Ē (U+0112) | J6: E̍H (U+0045 U+030D) | K6: E̋ (U+0045 U+030B)
C7: I | D7: Í (U+00CD) | E7: Ì (U+00CC) | F7: IH | G7: Î (U+00CE) | H7: Ǐ (U+01CF) | I7: Ī (U+012A) | J7: I̍H (U+0049 U+030D) | K7: I̋ (U+0049 U+030B)
C8: O | D8: Ó (U+00D3) | E8: Ò (U+00D2) | F8: OH | G8: Ô (U+00D4) | H8: Ǒ (U+01D1) | I8: Ō (U+014C) | J8: O̍H (U+004F U+030D) | K8: Ő (U+0150)
C9: U | D9: Ú (U+00DA) | E9: Ù (U+00D9) | F9: UH | G9: Û (U+00DB) | H9: Ǔ (U+01D3) | I9: Ū (U+016A) | J9: U̍H (U+0055 U+030D) | K9: Ű (U+0170)
C10: M | D10: Ḿ (U+1E3E) | E10: M̀ (U+004D U+0300) | F10: MH | G10: M̂ (U+004D U+0302) | H10: M̌ (U+004D U+030C) | I10: M̄ (U+004D U+0304) | J10: M̍H (U+004D U+030D) | K10: M̋ (U+004D U+030B)
C11: N | D11: Ń (U+0143) | E11: Ǹ (U+01F8) | F11: NH | G11: N̂ (U+004E U+0302) | H11: Ň (U+0147) | I11: N̄ (U+004E U+0304) | J11: N̍H (U+004E U+030D) | K11: N̋ (U+004E U+030B)
B12: 小寫 | C12: a | D12: á (U+00E1) | E12: à (U+00E0) | F12: ah | G12: â (U+00E2) | H12: ǎ (U+01CE) | I12: ā (U+0101) | J12: a̍h (U+0061 U+030D) | K12: a̋ (U+0061 U+030B)
C13: e | D13: é (U+00E9) | E13: è (U+00E8) | F13: eh | G13: ê (U+00EA) | H13: ě (U+011B) | I13: ē (U+0113) | J13: e̍h (U+0065 U+030D) | K13: e̋ (U+0065 U+030B)
C14: i | D14: í (U+00ED) | E14: ì (U+00EC) | F14: ih | G14: î (U+00EE) | H14: ǐ (U+01D0) | I14: ī (U+012B) | J14: i̍h (U+0069 U+030D) | K14: i̋ (U+0069 U+030B)
C15: o | D15: ó (U+00F3) | E15: ò (U+00F2) | F15: oh | G15: ô (U+00F4) | H15: ǒ (U+01D2) | I15: ō (U+014D) | J15: o̍h (U+006F U+030D) | K15: ő (U+0151)
C16: u | D16: ú (U+00FA) | E16: ù (U+00F9) | F16: uh | G16: û (U+00FB) | H16: ǔ (U+01D4) | I16: ū (U+016B) | J16: u̍h (U+0075 U+030D) | K16: ű (U+0171)
C17: m | D17: ḿ (U+1E3F) | E17: m̀ (U+006D U+0300) | F17: mh | G17: m̂ (U+006D U+0302) | H17: m̌ (U+006D U+030C) | I17: m̄ (U+006D U+0304) | J17: m̍h (U+006D U+030D) | K17: m̋ (U+006D U+030B)
C18: n | D18: ń (U+0144) | E18: ǹ (U+01F9) | F18: nh | G18: n̂ (U+006E U+0302) | H18: ň (U+0148) | I18: n̄ (U+006E U+0304) | J18: n̍h (U+006E U+030D) | K18: n̋ (U+006E U+030B)
A21: =ROW() - 21 -> 0 | B21: =ROUNDDOWN( A21/9, 0) -> 0 | C21: 1 | D21: =LEFT(H21) -> A | E21: ="""" & D21 & """" & ": (" & """" & F21 & """, " & """" & C21 & """" & ")," -> "A": ("A", "1"), | F21: {=INDIRECT( ADDRESS( ROW($21:$21), COLUMN($D:$D)))} -> A | H21: {=INDIRECT(K21)} -> A | I21: {=COLUMN($C:$C)} -> 3 | J21: {=ROW($5:$5) + B21} -> 5 | K21: =ADDRESS(J21, I21,4) -> C5
A22: =ROW() - 21 -> 1 | B22: =ROUNDDOWN( A22/9, 0) -> 0 | C22: 2 | D22: =LEFT(H22) -> Á | E22: ="""" & D22 & """" & ": (" & """" & F22 & """, " & """" & C22 & """" & ")," -> "Á": ("A", "2"), | F22: {=INDIRECT( ADDRESS( ROW($21:$21), COLUMN($D:$D)))} -> A | H22: {=INDIRECT(K22)} -> Á (U+00C1) | I22: =C22 - 1 +$I$21 -> 4 | J22: {=ROW($5:$5) + B22} -> 5 | K22: =ADDRESS(J22, I22,4) -> D5
A23: =ROW() - 21 -> 2 | B23: =ROUNDDOWN( A23/9, 0) -> 0 | C23: 3 | D23: =LEFT(H23) -> À | E23: ="""" & D23 & """" & ": (" & """" & F23 & """, " & """" & C23 & """" & ")," -> "À": ("A", "3"), | F23: {=INDIRECT( ADDRESS( ROW($21:$21), COLUMN($D:$D)))} -> A | H23: {=INDIRECT(K23)} -> À (U+00C0) | I23: =C23 - 1 +$I$21 -> 5 | J23: {=ROW($5:$5) + B23} -> 5 | K23: =ADDRESS(J23, I23,4) -> E5
A24: =ROW() - 21 -> 3 | B24: =ROUNDDOWN( A24/9, 0) -> 0 | C24: 4 | D24: =LEFT(H24) -> A | E24: ="""" & D24 & """" & ": (" & """" & F24 & """, " & """" & C24 & """" & ")," -> "A": ("A", "4"), | F24: {=INDIRECT( ADDRESS( ROW($21:$21), COLUMN($D:$D)))} -> A | H24: {=INDIRECT(K24)} -> AH | I24: =C24 - 1 +$I$21 -> 6 | J24: {=ROW($5:$5) + B24} -> 5 | K24: =ADDRESS(J24, I24,4) -> F5
A25: =ROW() - 21 -> 4 | B25: =ROUNDDOWN( A25/9, 0) -> 0 | C25: 5 | D25: =LEFT(H25) -> Â | E25: ="""" & D25 & """" & ": (" & """" & F25 & """, " & """" & C25 & """" & ")," -> "Â": ("A", "5"), | F25: {=INDIRECT( ADDRESS( ROW($21:$21), COLUMN($D:$D)))} -> A | H25: {=INDIRECT(K25)} -> Â (U+00C2) | I25: =C25 - 1 +$I$21 -> 7 | J25: {=ROW($5:$5) + B25} -> 5 | K25: =ADDRESS(J25, I25,4) -> G5
A26: =ROW() - 21 -> 5 | B26: =ROUNDDOWN( A26/9, 0) -> 0 | C26: 6 | D26: =LEFT(H26) -> Ǎ | E26: ="""" & D26 & """" & ": (" & """" & F26 & """, " & """" & C26 & """" & ")," -> "Ǎ": ("A", "6"), | F26: {=INDIRECT( ADDRESS( ROW($21:$21), COLUMN($D:$D)))} -> A | H26: {=INDIRECT(K26)} -> Ǎ (U+01CD) | I26: =C26 - 1 +$I$21 -> 8 | J26: {=ROW($5:$5) + B26} -> 5 | K26: =ADDRESS(J26, I26,4) -> H5
A27: =ROW() - 21 -> 6 | B27: =ROUNDDOWN( A27/9, 0) -> 0 | C27: 7 | D27: =LEFT(H27) -> Ā | E27: ="""" & D27 & """" & ": (" & """" & F27 & """, " & """" & C27 & """" & ")," -> "Ā": ("A", "7"), | F27: {=INDIRECT( ADDRESS( ROW($21:$21), COLUMN($D:$D)))} -> A | H27: {=INDIRECT(K27)} -> Ā (U+0100) | I27: =C27 - 1 +$I$21 -> 9 | J27: {=ROW($5:$5) + B27} -> 5 | K27: =ADDRESS(J27, I27,4) -> I5
A28: =ROW() - 21 -> 7 | B28: =ROUNDDOWN( A28/9, 0) -> 0 | C28: 8 | D28: =LEFT(H28,2) -> A̍ | E28: ="""" & D28 & """" & ": (" & """" & F28 & """, " & """" & C28 & """" & ")," -> "A̍": ("A", "8"), | F28: {=INDIRECT( ADDRESS( ROW($21:$21), COLUMN($D:$D)))} -> A | H28: {=INDIRECT(K28)} -> A̍H (U+0041 U+030D) | I28: =C28 - 1 +$I$21 -> 10 | J28: {=ROW($5:$5) + B28} -> 5 | K28: =ADDRESS(J28, I28,4) -> J5
A29: =ROW() - 21 -> 8 | B29: =ROUNDDOWN( A29/9, 0) -> 0 | C29: 9 | D29: =LEFT(H29,2) -> A̋ | E29: ="""" & D29 & """" & ": (" & """" & F29 & """, " & """" & C29 & """" & ")," -> "A̋": ("A", "9"), | F29: {=INDIRECT( ADDRESS( ROW($21:$21), COLUMN($D:$D)))} -> A | H29: {=INDIRECT(K29)} -> A̋ (U+0041 U+030B) | I29: =C29 - 1 +$I$21 -> 11 | J29: {=ROW($5:$5) + B29} -> 5 | K29: =ADDRESS(J29, I29,4) -> K5
A30: =ROW() - 21 -> 9 | B30: =ROUNDDOWN( A30/9, 0) -> 1 | C30: 1 | D30: =LEFT(H30) -> E | E30: ="""" & D30 & """" & ": (" & """" & F30 & """, " & """" & C30 & """" & ")," -> "E": ("E", "1"), | F30: {=INDIRECT( ADDRESS( ROW($21:$21) + B30*9, COLUMN($D:$D)))} -> E | H30: {=INDIRECT(K30)} -> E | I30: =I21 -> 3 | J30: {=ROW($5:$5) + B30} -> 6 | K30: =ADDRESS(J30, I30,4) -> C6
A31: =ROW() - 21 -> 10 | B31: =ROUNDDOWN( A31/9, 0) -> 1 | C31: 2 | D31: =LEFT(H31) -> É | E31: ="""" & D31 & """" & ": (" & """" & F31 & """, " & """" & C31 & """" & ")," -> "É": ("E", "2"), | F31: {=INDIRECT( ADDRESS( ROW($21:$21) + B31*9, COLUMN($D:$D)))} -> E | H31: {=INDIRECT(K31)} -> É (U+00C9) | I31: =I22 -> 4 | J31: {=ROW($5:$5) + B31} -> 6 | K31: =ADDRESS(J31, I31,4) -> D6
A32: =ROW() - 21 -> 11 | B32: =ROUNDDOWN( A32/9, 0) -> 1 | C32: 3 | D32: =LEFT(H32) -> È | E32: ="""" & D32 & """" & ": (" & """" & F32 & """, " & """" & C32 & """" & ")," -> "È": ("E", "3"), | F32: {=INDIRECT( ADDRESS( ROW($21:$21) + B32*9, COLUMN($D:$D)))} -> E | H32: {=INDIRECT(K32)} -> È (U+00C8) | I32: =I23 -> 5 | J32: {=ROW($5:$5) + B32} -> 6 | K32: =ADDRESS(J32, I32,4) -> E6
A33: =ROW() - 21 -> 12 | B33: =ROUNDDOWN( A33/9, 0) -> 1 | C33: 4 | D33: =LEFT(H33) -> E | E33: ="""" & D33 & """" & ": (" & """" & F33 & """, " & """" & C33 & """" & ")," -> "E": ("E", "4"), | F33: {=INDIRECT( ADDRESS( ROW($21:$21) + B33*9, COLUMN($D:$D)))} -> E | H33: {=INDIRECT(K33)} -> EH | I33: =I24 -> 6 | J33: {=ROW($5:$5) + B33} -> 6 | K33: =ADDRESS(J33, I33,4) -> F6
A34: =ROW() - 21 -> 13 | B34: =ROUNDDOWN( A34/9, 0) -> 1 | C34: 5 | D34: =LEFT(H34) -> Ê | E34: ="""" & D34 & """" & ": (" & """" & F34 & """, " & """" & C34 & """" & ")," -> "Ê": ("E", "5"), | F34: {=INDIRECT( ADDRESS( ROW($21:$21) + B34*9, COLUMN($D:$D)))} -> E | H34: {=INDIRECT(K34)} -> Ê (U+00CA) | I34: =I25 -> 7 | J34: {=ROW($5:$5) + B34} -> 6 | K34: =ADDRESS(J34, I34,4) -> G6
A35: =ROW() - 21 -> 14 | B35: =ROUNDDOWN( A35/9, 0) -> 1 | C35: 6 | D35: =LEFT(H35) -> Ě | E35: ="""" & D35 & """" & ": (" & """" & F35 & """, " & """" & C35 & """" & ")," -> "Ě": ("E", "6"), | F35: {=INDIRECT( ADDRESS( ROW($21:$21) + B35*9, COLUMN($D:$D)))} -> E | H35: {=INDIRECT(K35)} -> Ě (U+011A) | I35: =I26 -> 8 | J35: {=ROW($5:$5) + B35} -> 6 | K35: =ADDRESS(J35, I35,4) -> H6
A36: =ROW() - 21 -> 15 | B36: =ROUNDDOWN( A36/9, 0) -> 1 | C36: 7 | D36: =LEFT(H36) -> Ē | E36: ="""" & D36 & """" & ": (" & """" & F36 & """, " & """" & C36 & """" & ")," -> "Ē": ("E", "7"), | F36: {=INDIRECT( ADDRESS( ROW($21:$21) + B36*9, COLUMN($D:$D)))} -> E | H36: {=INDIRECT(K36)} -> Ē (U+0112) | I36: =I27 -> 9 | J36: {=ROW($5:$5) + B36} -> 6 | K36: =ADDRESS(J36, I36,4) -> I6
A37: =ROW() - 21 -> 16 | B37: =ROUNDDOWN( A37/9, 0) -> 1 | C37: 8 | D37: =LEFT(H37,2) -> E̍ | E37: ="""" & D37 & """" & ": (" & """" & F37 & """, " & """" & C37 & """" & ")," -> "E̍": ("E", "8"), | F37: {=INDIRECT( ADDRESS( ROW($21:$21) + B37*9, COLUMN($D:$D)))} -> E | H37: {=INDIRECT(K37)} -> E̍H (U+0045 U+030D) | I37: =I28 -> 10 | J37: {=ROW($5:$5) + B37} -> 6 | K37: =ADDRESS(J37, I37,4) -> J6
A38: =ROW() - 21 -> 17 | B38: =ROUNDDOWN( A38/9, 0) -> 1 | C38: 9 | D38: =LEFT(H38,2) -> E̋ | E38: ="""" & D38 & """" & ": (" & """" & F38 & """, " & """" & C38 & """" & ")," -> "E̋": ("E", "9"), | F38: {=INDIRECT( ADDRESS( ROW($21:$21) + B38*9, COLUMN($D:$D)))} -> E | H38: {=INDIRECT(K38)} -> E̋ (U+0045 U+030B) | I38: =I29 -> 11 | J38: {=ROW($5:$5) + B38} -> 6 | K38: =ADDRESS(J38, I38,4) -> K6
A39: =ROW() - 21 -> 18 | B39: =ROUNDDOWN( A39/9, 0) -> 2 | C39: 1 | D39: =LEFT(H39) -> I | E39: ="""" & D39 & """" & ": (" & """" & F39 & """, " & """" & C39 & """" & ")," -> "I": ("I", "1"), | F39: {=INDIRECT( ADDRESS( ROW($21:$21) + B39*9, COLUMN($D:$D)))} -> I | H39: {=INDIRECT(K39)} -> I | I39: {=COLUMN($C:$C)} -> 3 | J39: {=ROW($5:$5) + B39} -> 7 | K39: =ADDRESS(J39, I39,4) -> C7
A40: =ROW() - 21 -> 19 | B40: =ROUNDDOWN( A40/9, 0) -> 2 | C40: 2 | D40: =LEFT(H40) -> Í | E40: ="""" & D40 & """" & ": (" & """" & F40 & """, " & """" & C40 & """" & ")," -> "Í": ("I", "2"), | F40: {=INDIRECT( ADDRESS( ROW($21:$21) + B40*9, COLUMN($D:$D)))} -> I | H40: {=INDIRECT(K40)} -> Í (U+00CD) | I40: =C40 - 1 +$I$21 -> 4 | J40: {=ROW($5:$5) + B40} -> 7 | K40: =ADDRESS(J40, I40,4) -> D7
A41: =ROW() - 21 -> 20 | B41: =ROUNDDOWN( A41/9, 0) -> 2 | C41: 3 | D41: =LEFT(H41) -> Ì | E41: ="""" & D41 & """" & ": (" & """" & F41 & """, " & """" & C41 & """" & ")," -> "Ì": ("I", "3"), | F41: {=INDIRECT( ADDRESS( ROW($21:$21) + B41*9, COLUMN($D:$D)))} -> I | H41: {=INDIRECT(K41)} -> Ì (U+00CC) | I41: =C41 - 1 +$I$21 -> 5 | J41: {=ROW($5:$5) + B41} -> 7 | K41: =ADDRESS(J41, I41,4) -> E7
A42: =ROW() - 21 -> 21 | B42: =ROUNDDOWN( A42/9, 0) -> 2 | C42: 4 | D42: =LEFT(H42) -> I | E42: ="""" & D42 & """" & ": (" & """" & F42 & """, " & """" & C42 & """" & ")," -> "I": ("I", "4"), | F42: {=INDIRECT( ADDRESS( ROW($21:$21) + B42*9, COLUMN($D:$D)))} -> I | H42: {=INDIRECT(K42)} -> IH | I42: =C42 - 1 +$I$21 -> 6 | J42: {=ROW($5:$5) + B42} -> 7 | K42: =ADDRESS(J42, I42,4) -> F7
A43: =ROW() - 21 -> 22 | B43: =ROUNDDOWN( A43/9, 0) -> 2 | C43: 5 | D43: =LEFT(H43) -> Î | E43: ="""" & D43 & """" & ": (" & """" & F43 & """, " & """" & C43 & """" & ")," -> "Î": ("I", "5"), | F43: {=INDIRECT( ADDRESS( ROW($21:$21) + B43*9, COLUMN($D:$D)))} -> I | H43: {=INDIRECT(K43)} -> Î (U+00CE) | I43: =C43 - 1 +$I$21 -> 7 | J43: {=ROW($5:$5) + B43} -> 7 | K43: =ADDRESS(J43, I43,4) -> G7
A44: =ROW() - 21 -> 23 | B44: =ROUNDDOWN( A44/9, 0) -> 2 | C44: 6 | D44: =LEFT(H44) -> Ǐ | E44: ="""" & D44 & """" & ": (" & """" & F44 & """, " & """" & C44 & """" & ")," -> "Ǐ": ("I", "6"), | F44: {=INDIRECT( ADDRESS( ROW($21:$21) + B44*9, COLUMN($D:$D)))} -> I | H44: {=INDIRECT(K44)} -> Ǐ (U+01CF) | I44: =C44 - 1 +$I$21 -> 8 | J44: {=ROW($5:$5) + B44} -> 7 | K44: =ADDRESS(J44, I44,4) -> H7
A45: =ROW() - 21 -> 24 | B45: =ROUNDDOWN( A45/9, 0) -> 2 | C45: 7 | D45: =LEFT(H45) -> Ī | E45: ="""" & D45 & """" & ": (" & """" & F45 & """, " & """" & C45 & """" & ")," -> "Ī": ("I", "7"), | F45: {=INDIRECT( ADDRESS( ROW($21:$21) + B45*9, COLUMN($D:$D)))} -> I | H45: {=INDIRECT(K45)} -> Ī (U+012A) | I45: =C45 - 1 +$I$21 -> 9 | J45: {=ROW($5:$5) + B45} -> 7 | K45: =ADDRESS(J45, I45,4) -> I7
A46: =ROW() - 21 -> 25 | B46: =ROUNDDOWN( A46/9, 0) -> 2 | C46: 8 | D46: =LEFT(H46,2) -> I̍ | E46: ="""" & D46 & """" & ": (" & """" & F46 & """, " & """" & C46 & """" & ")," -> "I̍": ("I", "8"), | F46: {=INDIRECT( ADDRESS( ROW($21:$21) + B46*9, COLUMN($D:$D)))} -> I | H46: {=INDIRECT(K46)} -> I̍H (U+0049 U+030D) | I46: =C46 - 1 +$I$21 -> 10 | J46: {=ROW($5:$5) + B46} -> 7 | K46: =ADDRESS(J46, I46,4) -> J7
A47: =ROW() - 21 -> 26 | B47: =ROUNDDOWN( A47/9, 0) -> 2 | C47: 9 | D47: =LEFT(H47,2) -> I̋ | E47: ="""" & D47 & """" & ": (" & """" & F47 & """, " & """" & C47 & """" & ")," -> "I̋": ("I", "9"), | F47: {=INDIRECT( ADDRESS( ROW($21:$21) + B47*9, COLUMN($D:$D)))} -> I | H47: {=INDIRECT(K47)} -> I̋ (U+0049 U+030B) | I47: =C47 - 1 +$I$21 -> 11 | J47: {=ROW($5:$5) + B47} -> 7 | K47: =ADDRESS(J47, I47,4) -> K7
A48: =ROW() - 21 -> 27 | B48: =ROUNDDOWN( A48/9, 0) -> 3 | C48: 1 | D48: =LEFT(H48) -> O | E48: ="""" & D48 & """" & ": (" & """" & F48 & """, " & """" & C48 & """" & ")," -> "O": ("O", "1"), | F48: {=INDIRECT( ADDRESS( ROW($21:$21) + B48*9, COLUMN($D:$D)))} -> O | H48: {=INDIRECT(K48)} -> O | I48: =I39 -> 3 | J48: {=ROW($5:$5) + B48} -> 8 | K48: =ADDRESS(J48, I48,4) -> C8
A49: =ROW() - 21 -> 28 | B49: =ROUNDDOWN( A49/9, 0) -> 3 | C49: 2 | D49: =LEFT(H49) -> Ó | E49: ="""" & D49 & """" & ": (" & """" & F49 & """, " & """" & C49 & """" & ")," -> "Ó": ("O", "2"), | F49: {=INDIRECT( ADDRESS( ROW($21:$21) + B49*9, COLUMN($D:$D)))} -> O | H49: {=INDIRECT(K49)} -> Ó (U+00D3) | I49: =I40 -> 4 | J49: {=ROW($5:$5) + B49} -> 8 | K49: =ADDRESS(J49, I49,4) -> D8
A50: =ROW() - 21 -> 29 | B50: =ROUNDDOWN( A50/9, 0) -> 3 | C50: 3 | D50: =LEFT(H50) -> Ò | E50: ="""" & D50 & """" & ": (" & """" & F50 & """, " & """" & C50 & """" & ")," -> "Ò": ("O", "3"), | F50: {=INDIRECT( ADDRESS( ROW($21:$21) + B50*9, COLUMN($D:$D)))} -> O | H50: {=INDIRECT(K50)} -> Ò (U+00D2) | I50: =I41 -> 5 | J50: {=ROW($5:$5) + B50} -> 8 | K50: =ADDRESS(J50, I50,4) -> E8
A51: =ROW() - 21 -> 30 | B51: =ROUNDDOWN( A51/9, 0) -> 3 | C51: 4 | D51: =LEFT(H51) -> O | E51: ="""" & D51 & """" & ": (" & """" & F51 & """, " & """" & C51 & """" & ")," -> "O": ("O", "4"), | F51: {=INDIRECT( ADDRESS( ROW($21:$21) + B51*9, COLUMN($D:$D)))} -> O | H51: {=INDIRECT(K51)} -> OH | I51: =I42 -> 6 | J51: {=ROW($5:$5) + B51} -> 8 | K51: =ADDRESS(J51, I51,4) -> F8
A52: =ROW() - 21 -> 31 | B52: =ROUNDDOWN( A52/9, 0) -> 3 | C52: 5 | D52: =LEFT(H52) -> Ô | E52: ="""" & D52 & """" & ": (" & """" & F52 & """, " & """" & C52 & """" & ")," -> "Ô": ("O", "5"), | F52: {=INDIRECT( ADDRESS( ROW($21:$21) + B52*9, COLUMN($D:$D)))} -> O | H52: {=INDIRECT(K52)} -> Ô (U+00D4) | I52: =I43 -> 7 | J52: {=ROW($5:$5) + B52} -> 8 | K52: =ADDRESS(J52, I52,4) -> G8
A53: =ROW() - 21 -> 32 | B53: =ROUNDDOWN( A53/9, 0) -> 3 | C53: 6 | D53: =LEFT(H53) -> Ǒ | E53: ="""" & D53 & """" & ": (" & """" & F53 & """, " & """" & C53 & """" & ")," -> "Ǒ": ("O", "6"), | F53: {=INDIRECT( ADDRESS( ROW($21:$21) + B53*9, COLUMN($D:$D)))} -> O | H53: {=INDIRECT(K53)} -> Ǒ (U+01D1) | I53: =I44 -> 8 | J53: {=ROW($5:$5) + B53} -> 8 | K53: =ADDRESS(J53, I53,4) -> H8
A54: =ROW() - 21 -> 33 | B54: =ROUNDDOWN( A54/9, 0) -> 3 | C54: 7 | D54: =LEFT(H54) -> Ō | E54: ="""" & D54 & """" & ": (" & """" & F54 & """, " & """" & C54 & """" & ")," -> "Ō": ("O", "7"), | F54: {=INDIRECT( ADDRESS( ROW($21:$21) + B54*9, COLUMN($D:$D)))} -> O | H54: {=INDIRECT(K54)} -> Ō (U+014C) | I54: =I45 -> 9 | J54: {=ROW($5:$5) + B54} -> 8 | K54: =ADDRESS(J54, I54,4) -> I8
A55: =ROW() - 21 -> 34 | B55: =ROUNDDOWN( A55/9, 0) -> 3 | C55: 8 | D55: =LEFT(H55,2) -> O̍ | E55: ="""" & D55 & """" & ": (" & """" & F55 & """, " & """" & C55 & """" & ")," -> "O̍": ("O", "8"), | F55: {=INDIRECT( ADDRESS( ROW($21:$21) + B55*9, COLUMN($D:$D)))} -> O | H55: {=INDIRECT(K55)} -> O̍H (U+004F U+030D) | I55: =I46 -> 10 | J55: {=ROW($5:$5) + B55} -> 8 | K55: =ADDRESS(J55, I55,4) -> J8
A56: =ROW() - 21 -> 35 | B56: =ROUNDDOWN( A56/9, 0) -> 3 | C56: 9 | D56: =LEFT(H56,2) -> Ő | E56: ="""" & D56 & """" & ": (" & """" & F56 & """, " & """" & C56 & """" & ")," -> "Ő ": ("O", "9"), | F56: {=INDIRECT( ADDRESS( ROW($21:$21) + B56*9, COLUMN($D:$D)))} -> O | H56: {=INDIRECT(K56)} -> Ő (U+0150) | I56: =I47 -> 11 | J56: {=ROW($5:$5) + B56} -> 8 | K56: =ADDRESS(J56, I56,4) -> K8
A57: =ROW() - 21 -> 36 | B57: =ROUNDDOWN( A57/9, 0) -> 4 | C57: 1 | D57: =LEFT(H57) -> U | E57: ="""" & D57 & """" & ": (" & """" & F57 & """, " & """" & C57 & """" & ")," -> "U": ("U", "1"), | F57: {=INDIRECT( ADDRESS( ROW($21:$21) + B57*9, COLUMN($D:$D)))} -> U | H57: {=INDIRECT(K57)} -> U | I57: {=COLUMN($C:$C)} -> 3 | J57: {=ROW($5:$5) + B57} -> 9 | K57: =ADDRESS(J57, I57,4) -> C9
A58: =ROW() - 21 -> 37 | B58: =ROUNDDOWN( A58/9, 0) -> 4 | C58: 2 | D58: =LEFT(H58) -> Ú | E58: ="""" & D58 & """" & ": (" & """" & F58 & """, " & """" & C58 & """" & ")," -> "Ú": ("U", "2"), | F58: {=INDIRECT( ADDRESS( ROW($21:$21) + B58*9, COLUMN($D:$D)))} -> U | H58: {=INDIRECT(K58)} -> Ú (U+00DA) | I58: =C58 - 1 +$I$21 -> 4 | J58: {=ROW($5:$5) + B58} -> 9 | K58: =ADDRESS(J58, I58,4) -> D9
A59: =ROW() - 21 -> 38 | B59: =ROUNDDOWN( A59/9, 0) -> 4 | C59: 3 | D59: =LEFT(H59) -> Ù | E59: ="""" & D59 & """" & ": (" & """" & F59 & """, " & """" & C59 & """" & ")," -> "Ù": ("U", "3"), | F59: {=INDIRECT( ADDRESS( ROW($21:$21) + B59*9, COLUMN($D:$D)))} -> U | H59: {=INDIRECT(K59)} -> Ù (U+00D9) | I59: =C59 - 1 +$I$21 -> 5 | J59: {=ROW($5:$5) + B59} -> 9 | K59: =ADDRESS(J59, I59,4) -> E9
A60: =ROW() - 21 -> 39 | B60: =ROUNDDOWN( A60/9, 0) -> 4 | C60: 4 | D60: =LEFT(H60) -> U | E60: ="""" & D60 & """" & ": (" & """" & F60 & """, " & """" & C60 & """" & ")," -> "U": ("U", "4"), | F60: {=INDIRECT( ADDRESS( ROW($21:$21) + B60*9, COLUMN($D:$D)))} -> U | H60: {=INDIRECT(K60)} -> UH | I60: =C60 - 1 +$I$21 -> 6 | J60: {=ROW($5:$5) + B60} -> 9 | K60: =ADDRESS(J60, I60,4) -> F9
A61: =ROW() - 21 -> 40 | B61: =ROUNDDOWN( A61/9, 0) -> 4 | C61: 5 | D61: =LEFT(H61) -> Û | E61: ="""" & D61 & """" & ": (" & """" & F61 & """, " & """" & C61 & """" & ")," -> "Û": ("U", "5"), | F61: {=INDIRECT( ADDRESS( ROW($21:$21) + B61*9, COLUMN($D:$D)))} -> U | H61: {=INDIRECT(K61)} -> Û (U+00DB) | I61: =C61 - 1 +$I$21 -> 7 | J61: {=ROW($5:$5) + B61} -> 9 | K61: =ADDRESS(J61, I61,4) -> G9
A62: =ROW() - 21 -> 41 | B62: =ROUNDDOWN( A62/9, 0) -> 4 | C62: 6 | D62: =LEFT(H62) -> Ǔ | E62: ="""" & D62 & """" & ": (" & """" & F62 & """, " & """" & C62 & """" & ")," -> "Ǔ": ("U", "6"), | F62: {=INDIRECT( ADDRESS( ROW($21:$21) + B62*9, COLUMN($D:$D)))} -> U | H62: {=INDIRECT(K62)} -> Ǔ (U+01D3) | I62: =C62 - 1 +$I$21 -> 8 | J62: {=ROW($5:$5) + B62} -> 9 | K62: =ADDRESS(J62, I62,4) -> H9
A63: =ROW() - 21 -> 42 | B63: =ROUNDDOWN( A63/9, 0) -> 4 | C63: 7 | D63: =LEFT(H63) -> Ū | E63: ="""" & D63 & """" & ": (" & """" & F63 & """, " & """" & C63 & """" & ")," -> "Ū": ("U", "7"), | F63: {=INDIRECT( ADDRESS( ROW($21:$21) + B63*9, COLUMN($D:$D)))} -> U | H63: {=INDIRECT(K63)} -> Ū (U+016A) | I63: =C63 - 1 +$I$21 -> 9 | J63: {=ROW($5:$5) + B63} -> 9 | K63: =ADDRESS(J63, I63,4) -> I9
A64: =ROW() - 21 -> 43 | B64: =ROUNDDOWN( A64/9, 0) -> 4 | C64: 8 | D64: =LEFT(H64,2) -> U̍ | E64: ="""" & D64 & """" & ": (" & """" & F64 & """, " & """" & C64 & """" & ")," -> "U̍": ("U", "8"), | F64: {=INDIRECT( ADDRESS( ROW($21:$21) + B64*9, COLUMN($D:$D)))} -> U | H64: {=INDIRECT(K64)} -> U̍H (U+0055 U+030D) | I64: =C64 - 1 +$I$21 -> 10 | J64: {=ROW($5:$5) + B64} -> 9 | K64: =ADDRESS(J64, I64,4) -> J9
A65: =ROW() - 21 -> 44 | B65: =ROUNDDOWN( A65/9, 0) -> 4 | C65: 9 | D65: =LEFT(H65,2) -> Ű | E65: ="""" & D65 & """" & ": (" & """" & F65 & """, " & """" & C65 & """" & ")," -> "Ű ": ("U", "9"), | F65: {=INDIRECT( ADDRESS( ROW($21:$21) + B65*9, COLUMN($D:$D)))} -> U | H65: {=INDIRECT(K65)} -> Ű (U+0170) | I65: =C65 - 1 +$I$21 -> 11 | J65: {=ROW($5:$5) + B65} -> 9 | K65: =ADDRESS(J65, I65,4) -> K9
A66: =ROW() - 21 -> 45 | B66: =ROUNDDOWN( A66/9, 0) -> 5 | C66: 1 | D66: =LEFT(H66) -> M | E66: ="""" & D66 & """" & ": (" & """" & F66 & """, " & """" & C66 & """" & ")," -> "M": ("M", "1"), | F66: {=INDIRECT( ADDRESS( ROW($21:$21) + B66*9, COLUMN($D:$D)))} -> M | H66: {=INDIRECT(K66)} -> M | I66: =I57 -> 3 | J66: {=ROW($5:$5) + B66} -> 10 | K66: =ADDRESS(J66, I66,4) -> C10
A67: =ROW() - 21 -> 46 | B67: =ROUNDDOWN( A67/9, 0) -> 5 | C67: 2 | D67: =LEFT(H67) -> Ḿ | E67: ="""" & D67 & """" & ": (" & """" & F67 & """, " & """" & C67 & """" & ")," -> "Ḿ": ("M", "2"), | F67: {=INDIRECT( ADDRESS( ROW($21:$21) + B67*9, COLUMN($D:$D)))} -> M | H67: {=INDIRECT(K67)} -> Ḿ (U+1E3E) | I67: =I58 -> 4 | J67: {=ROW($5:$5) + B67} -> 10 | K67: =ADDRESS(J67, I67,4) -> D10
A68: =ROW() - 21 -> 47 | B68: =ROUNDDOWN( A68/9, 0) -> 5 | C68: 3 | D68: =LEFT(H68,2) -> M̀ | E68: ="""" & D68 & """" & ": (" & """" & F68 & """, " & """" & C68 & """" & ")," -> "M̀": ("M", "3"), | F68: {=INDIRECT( ADDRESS( ROW($21:$21) + B68*9, COLUMN($D:$D)))} -> M | H68: {=INDIRECT(K68)} -> M̀ (U+004D U+0300) | I68: =I59 -> 5 | J68: {=ROW($5:$5) + B68} -> 10 | K68: =ADDRESS(J68, I68,4) -> E10
A69: =ROW() - 21 -> 48 | B69: =ROUNDDOWN( A69/9, 0) -> 5 | C69: 4 | D69: =LEFT(H69) -> M | E69: ="""" & D69 & """" & ": (" & """" & F69 & """, " & """" & C69 & """" & ")," -> "M": ("M", "4"), | F69: {=INDIRECT( ADDRESS( ROW($21:$21) + B69*9, COLUMN($D:$D)))} -> M | H69: {=INDIRECT(K69)} -> MH | I69: =I60 -> 6 | J69: {=ROW($5:$5) + B69} -> 10 | K69: =ADDRESS(J69, I69,4) -> F10
A70: =ROW() - 21 -> 49 | B70: =ROUNDDOWN( A70/9, 0) -> 5 | C70: 5 | D70: =LEFT(H70,2) -> M̂ | E70: ="""" & D70 & """" & ": (" & """" & F70 & """, " & """" & C70 & """" & ")," -> "M̂": ("M", "5"), | F70: {=INDIRECT( ADDRESS( ROW($21:$21) + B70*9, COLUMN($D:$D)))} -> M | H70: {=INDIRECT(K70)} -> M̂ (U+004D U+0302) | I70: =I61 -> 7 | J70: {=ROW($5:$5) + B70} -> 10 | K70: =ADDRESS(J70, I70,4) -> G10
A71: =ROW() - 21 -> 50 | B71: =ROUNDDOWN( A71/9, 0) -> 5 | C71: 6 | D71: =LEFT(H71,2) -> M̌ | E71: ="""" & D71 & """" & ": (" & """" & F71 & """, " & """" & C71 & """" & ")," -> "M̌": ("M", "6"), | F71: {=INDIRECT( ADDRESS( ROW($21:$21) + B71*9, COLUMN($D:$D)))} -> M | H71: {=INDIRECT(K71)} -> M̌ (U+004D U+030C) | I71: =I62 -> 8 | J71: {=ROW($5:$5) + B71} -> 10 | K71: =ADDRESS(J71, I71,4) -> H10
A72: =ROW() - 21 -> 51 | B72: =ROUNDDOWN( A72/9, 0) -> 5 | C72: 7 | D72: =LEFT(H72,2) -> M̄ | E72: ="""" & D72 & """" & ": (" & """" & F72 & """, " & """" & C72 & """" & ")," -> "M̄": ("M", "7"), | F72: {=INDIRECT( ADDRESS( ROW($21:$21) + B72*9, COLUMN($D:$D)))} -> M | H72: {=INDIRECT(K72)} -> M̄ (U+004D U+0304) | I72: =I63 -> 9 | J72: {=ROW($5:$5) + B72} -> 10 | K72: =ADDRESS(J72, I72,4) -> I10
A73: =ROW() - 21 -> 52 | B73: =ROUNDDOWN( A73/9, 0) -> 5 | C73: 8 | D73: =LEFT(H73,2) -> M̍ | E73: ="""" & D73 & """" & ": (" & """" & F73 & """, " & """" & C73 & """" & ")," -> "M̍": ("M", "8"), | F73: {=INDIRECT( ADDRESS( ROW($21:$21) + B73*9, COLUMN($D:$D)))} -> M | H73: {=INDIRECT(K73)} -> M̍H (U+004D U+030D) | I73: =I64 -> 10 | J73: {=ROW($5:$5) + B73} -> 10 | K73: =ADDRESS(J73, I73,4) -> J10
A74: =ROW() - 21 -> 53 | B74: =ROUNDDOWN( A74/9, 0) -> 5 | C74: 9 | D74: =LEFT(H74,2) -> M̋ | E74: ="""" & D74 & """" & ": (" & """" & F74 & """, " & """" & C74 & """" & ")," -> "M̋": ("M", "9"), | F74: {=INDIRECT( ADDRESS( ROW($21:$21) + B74*9, COLUMN($D:$D)))} -> M | H74: {=INDIRECT(K74)} -> M̋ (U+004D U+030B) | I74: =I65 -> 11 | J74: {=ROW($5:$5) + B74} -> 10 | K74: =ADDRESS(J74, I74,4) -> K10
A75: =ROW() - 21 -> 54 | B75: =ROUNDDOWN( A75/9, 0) -> 6 | C75: 1 | D75: =LEFT(H75) -> N | E75: ="""" & D75 & """" & ": (" & """" & F75 & """, " & """" & C75 & """" & ")," -> "N": ("N", "1"), | F75: {=INDIRECT( ADDRESS( ROW($21:$21) + B75*9, COLUMN($D:$D)))} -> N | H75: {=INDIRECT(K75)} -> N | I75: {=COLUMN($C:$C)} -> 3 | J75: {=ROW($5:$5) + B75} -> 11 | K75: =ADDRESS(J75, I75,4) -> C11
A76: =ROW() - 21 -> 55 | B76: =ROUNDDOWN( A76/9, 0) -> 6 | C76: 2 | D76: =LEFT(H76) -> Ń | E76: ="""" & D76 & """" & ": (" & """" & F76 & """, " & """" & C76 & """" & ")," -> "Ń": ("N", "2"), | F76: {=INDIRECT( ADDRESS( ROW($21:$21) + B76*9, COLUMN($D:$D)))} -> N | H76: {=INDIRECT(K76)} -> Ń (U+0143) | I76: =C76 - 1 +$I$21 -> 4 | J76: {=ROW($5:$5) + B76} -> 11 | K76: =ADDRESS(J76, I76,4) -> D11
A77: =ROW() - 21 -> 56 | B77: =ROUNDDOWN( A77/9, 0) -> 6 | C77: 3 | D77: =LEFT(H77) -> Ǹ | E77: ="""" & D77 & """" & ": (" & """" & F77 & """, " & """" & C77 & """" & ")," -> "Ǹ": ("N", "3"), | F77: {=INDIRECT( ADDRESS( ROW($21:$21) + B77*9, COLUMN($D:$D)))} -> N | H77: {=INDIRECT(K77)} -> Ǹ (U+01F8) | I77: =C77 - 1 +$I$21 -> 5 | J77: {=ROW($5:$5) + B77} -> 11 | K77: =ADDRESS(J77, I77,4) -> E11
A78: =ROW() - 21 -> 57 | B78: =ROUNDDOWN( A78/9, 0) -> 6 | C78: 4 | D78: =LEFT(H78) -> N | E78: ="""" & D78 & """" & ": (" & """" & F78 & """, " & """" & C78 & """" & ")," -> "N": ("N", "4"), | F78: {=INDIRECT( ADDRESS( ROW($21:$21) + B78*9, COLUMN($D:$D)))} -> N | H78: {=INDIRECT(K78)} -> NH | I78: =C78 - 1 +$I$21 -> 6 | J78: {=ROW($5:$5) + B78} -> 11 | K78: =ADDRESS(J78, I78,4) -> F11
A79: =ROW() - 21 -> 58 | B79: =ROUNDDOWN( A79/9, 0) -> 6 | C79: 5 | D79: =LEFT(H79,2) -> N̂ | E79: ="""" & D79 & """" & ": (" & """" & F79 & """, " & """" & C79 & """" & ")," -> "N̂": ("N", "5"), | F79: {=INDIRECT( ADDRESS( ROW($21:$21) + B79*9, COLUMN($D:$D)))} -> N | H79: {=INDIRECT(K79)} -> N̂ (U+004E U+0302) | I79: =C79 - 1 +$I$21 -> 7 | J79: {=ROW($5:$5) + B79} -> 11 | K79: =ADDRESS(J79, I79,4) -> G11
A80: =ROW() - 21 -> 59 | B80: =ROUNDDOWN( A80/9, 0) -> 6 | C80: 6 | D80: =LEFT(H80) -> Ň | E80: ="""" & D80 & """" & ": (" & """" & F80 & """, " & """" & C80 & """" & ")," -> "Ň": ("N", "6"), | F80: {=INDIRECT( ADDRESS( ROW($21:$21) + B80*9, COLUMN($D:$D)))} -> N | H80: {=INDIRECT(K80)} -> Ň (U+0147) | I80: =C80 - 1 +$I$21 -> 8 | J80: {=ROW($5:$5) + B80} -> 11 | K80: =ADDRESS(J80, I80,4) -> H11
A81: =ROW() - 21 -> 60 | B81: =ROUNDDOWN( A81/9, 0) -> 6 | C81: 7 | D81: =LEFT(H81,2) -> N̄ | E81: ="""" & D81 & """" & ": (" & """" & F81 & """, " & """" & C81 & """" & ")," -> "N̄": ("N", "7"), | F81: {=INDIRECT( ADDRESS( ROW($21:$21) + B81*9, COLUMN($D:$D)))} -> N | H81: {=INDIRECT(K81)} -> N̄ (U+004E U+0304) | I81: =C81 - 1 +$I$21 -> 9 | J81: {=ROW($5:$5) + B81} -> 11 | K81: =ADDRESS(J81, I81,4) -> I11
A82: =ROW() - 21 -> 61 | B82: =ROUNDDOWN( A82/9, 0) -> 6 | C82: 8 | D82: =LEFT(H82,2) -> N̍ | E82: ="""" & D82 & """" & ": (" & """" & F82 & """, " & """" & C82 & """" & ")," -> "N̍": ("N", "8"), | F82: {=INDIRECT( ADDRESS( ROW($21:$21) + B82*9, COLUMN($D:$D)))} -> N | H82: {=INDIRECT(K82)} -> N̍H (U+004E U+030D) | I82: =C82 - 1 +$I$21 -> 10 | J82: {=ROW($5:$5) + B82} -> 11 | K82: =ADDRESS(J82, I82,4) -> J11
A83: =ROW() - 21 -> 62 | B83: =ROUNDDOWN( A83/9, 0) -> 6 | C83: 9 | D83: =LEFT(H83,2) -> N̋ | E83: ="""" & D83 & """" & ": (" & """" & F83 & """, " & """" & C83 & """" & ")," -> "N̋": ("N", "9"), | F83: {=INDIRECT( ADDRESS( ROW($21:$21) + B83*9, COLUMN($D:$D)))} -> N | H83: {=INDIRECT(K83)} -> N̋ (U+004E U+030B) | I83: =C83 - 1 +$I$21 -> 11 | J83: {=ROW($5:$5) + B83} -> 11 | K83: =ADDRESS(J83, I83,4) -> K11
A84: =ROW() - 21 -> 63 | B84: =ROUNDDOWN( A84/9, 0) -> 7 | C84: 1 | D84: =LEFT(H84) -> a | E84: ="""" & D84 & """" & ": (" & """" & F84 & """, " & """" & C84 & """" & ")," -> "a": ("a", "1"), | F84: {=INDIRECT( ADDRESS( ROW($21:$21) + B84*9, COLUMN($D:$D)))} -> a | H84: {=INDIRECT(K84)} -> a | I84: {=COLUMN($C:$C)} -> 3 | J84: {=ROW($5:$5) + B84} -> 12 | K84: =ADDRESS(J84, I84,4) -> C12
A85: =ROW() - 21 -> 64 | B85: =ROUNDDOWN( A85/9, 0) -> 7 | C85: 2 | D85: =LEFT(H85) -> á | E85: ="""" & D85 & """" & ": (" & """" & F85 & """, " & """" & C85 & """" & ")," -> "á": ("a", "2"), | F85: {=INDIRECT( ADDRESS( ROW($21:$21) + B85*9, COLUMN($D:$D)))} -> a | H85: {=INDIRECT(K85)} -> á (U+00E1) | I85: =C85 - 1 +$I$21 -> 4 | J85: {=ROW($5:$5) + B85} -> 12 | K85: =ADDRESS(J85, I85,4) -> D12
A86: =ROW() - 21 -> 65 | B86: =ROUNDDOWN( A86/9, 0) -> 7 | C86: 3 | D86: =LEFT(H86) -> à | E86: ="""" & D86 & """" & ": (" & """" & F86 & """, " & """" & C86 & """" & ")," -> "à": ("a", "3"), | F86: {=INDIRECT( ADDRESS( ROW($21:$21) + B86*9, COLUMN($D:$D)))} -> a | H86: {=INDIRECT(K86)} -> à (U+00E0) | I86: =C86 - 1 +$I$21 -> 5 | J86: {=ROW($5:$5) + B86} -> 12 | K86: =ADDRESS(J86, I86,4) -> E12
A87: =ROW() - 21 -> 66 | B87: =ROUNDDOWN( A87/9, 0) -> 7 | C87: 4 | D87: =LEFT(H87) -> a | E87: ="""" & D87 & """" & ": (" & """" & F87 & """, " & """" & C87 & """" & ")," -> "a": ("a", "4"), | F87: {=INDIRECT( ADDRESS( ROW($21:$21) + B87*9, COLUMN($D:$D)))} -> a | H87: {=INDIRECT(K87)} -> ah | I87: =C87 - 1 +$I$21 -> 6 | J87: {=ROW($5:$5) + B87} -> 12 | K87: =ADDRESS(J87, I87,4) -> F12
A88: =ROW() - 21 -> 67 | B88: =ROUNDDOWN( A88/9, 0) -> 7 | C88: 5 | D88: =LEFT(H88) -> â | E88: ="""" & D88 & """" & ": (" & """" & F88 & """, " & """" & C88 & """" & ")," -> "â": ("a", "5"), | F88: {=INDIRECT( ADDRESS( ROW($21:$21) + B88*9, COLUMN($D:$D)))} -> a | H88: {=INDIRECT(K88)} -> â (U+00E2) | I88: =C88 - 1 +$I$21 -> 7 | J88: {=ROW($5:$5) + B88} -> 12 | K88: =ADDRESS(J88, I88,4) -> G12
A89: =ROW() - 21 -> 68 | B89: =ROUNDDOWN( A89/9, 0) -> 7 | C89: 6 | D89: =LEFT(H89) -> ǎ | E89: ="""" & D89 & """" & ": (" & """" & F89 & """, " & """" & C89 & """" & ")," -> "ǎ": ("a", "6"), | F89: {=INDIRECT( ADDRESS( ROW($21:$21) + B89*9, COLUMN($D:$D)))} -> a | H89: {=INDIRECT(K89)} -> ǎ (U+01CE) | I89: =C89 - 1 +$I$21 -> 8 | J89: {=ROW($5:$5) + B89} -> 12 | K89: =ADDRESS(J89, I89,4) -> H12
A90: =ROW() - 21 -> 69 | B90: =ROUNDDOWN( A90/9, 0) -> 7 | C90: 7 | D90: =LEFT(H90) -> ā | E90: ="""" & D90 & """" & ": (" & """" & F90 & """, " & """" & C90 & """" & ")," -> "ā": ("a", "7"), | F90: {=INDIRECT( ADDRESS( ROW($21:$21) + B90*9, COLUMN($D:$D)))} -> a | H90: {=INDIRECT(K90)} -> ā (U+0101) | I90: =C90 - 1 +$I$21 -> 9 | J90: {=ROW($5:$5) + B90} -> 12 | K90: =ADDRESS(J90, I90,4) -> I12
A91: =ROW() - 21 -> 70 | B91: =ROUNDDOWN( A91/9, 0) -> 7 | C91: 8 | D91: =LEFT(H91,2) -> a̍ | E91: ="""" & D91 & """" & ": (" & """" & F91 & """, " & """" & C91 & """" & ")," -> "a̍": ("a", "8"), | F91: {=INDIRECT( ADDRESS( ROW($21:$21) + B91*9, COLUMN($D:$D)))} -> a | H91: {=INDIRECT(K91)} -> a̍h (U+0061 U+030D) | I91: =C91 - 1 +$I$21 -> 10 | J91: {=ROW($5:$5) + B91} -> 12 | K91: =ADDRESS(J91, I91,4) -> J12
A92: =ROW() - 21 -> 71 | B92: =ROUNDDOWN( A92/9, 0) -> 7 | C92: 9 | D92: =LEFT(H92,2) -> a̋ | E92: ="""" & D92 & """" & ": (" & """" & F92 & """, " & """" & C92 & """" & ")," -> "a̋": ("a", "9"), | F92: {=INDIRECT( ADDRESS( ROW($21:$21) + B92*9, COLUMN($D:$D)))} -> a | H92: {=INDIRECT(K92)} -> a̋ (U+0061 U+030B) | I92: =C92 - 1 +$I$21 -> 11 | J92: {=ROW($5:$5) + B92} -> 12 | K92: =ADDRESS(J92, I92,4) -> K12
A93: =ROW() - 21 -> 72 | B93: =ROUNDDOWN( A93/9, 0) -> 8 | C93: 1 | D93: =LEFT(H93) -> e | E93: ="""" & D93 & """" & ": (" & """" & F93 & """, " & """" & C93 & """" & ")," -> "e": ("e", "1"), | F93: {=INDIRECT( ADDRESS( ROW($21:$21) + B93*9, COLUMN($D:$D)))} -> e | H93: {=INDIRECT(K93)} -> e | I93: =I84 -> 3 | J93: {=ROW($5:$5) + B93} -> 13 | K93: =ADDRESS(J93, I93,4) -> C13
A94: =ROW() - 21 -> 73 | B94: =ROUNDDOWN( A94/9, 0) -> 8 | C94: 2 | D94: =LEFT(H94) -> é | E94: ="""" & D94 & """" & ": (" & """" & F94 & """, " & """" & C94 & """" & ")," -> "é": ("e", "2"), | F94: {=INDIRECT( ADDRESS( ROW($21:$21) + B94*9, COLUMN($D:$D)))} -> e | H94: {=INDIRECT(K94)} -> é (U+00E9) | I94: =I85 -> 4 | J94: {=ROW($5:$5) + B94} -> 13 | K94: =ADDRESS(J94, I94,4) -> D13
A95: =ROW() - 21 -> 74 | B95: =ROUNDDOWN( A95/9, 0) -> 8 | C95: 3 | D95: =LEFT(H95) -> è | E95: ="""" & D95 & """" & ": (" & """" & F95 & """, " & """" & C95 & """" & ")," -> "è": ("e", "3"), | F95: {=INDIRECT( ADDRESS( ROW($21:$21) + B95*9, COLUMN($D:$D)))} -> e | H95: {=INDIRECT(K95)} -> è (U+00E8) | I95: =I86 -> 5 | J95: {=ROW($5:$5) + B95} -> 13 | K95: =ADDRESS(J95, I95,4) -> E13
A96: =ROW() - 21 -> 75 | B96: =ROUNDDOWN( A96/9, 0) -> 8 | C96: 4 | D96: =LEFT(H96) -> e | E96: ="""" & D96 & """" & ": (" & """" & F96 & """, " & """" & C96 & """" & ")," -> "e": ("e", "4"), | F96: {=INDIRECT( ADDRESS( ROW($21:$21) + B96*9, COLUMN($D:$D)))} -> e | H96: {=INDIRECT(K96)} -> eh | I96: =I87 -> 6 | J96: {=ROW($5:$5) + B96} -> 13 | K96: =ADDRESS(J96, I96,4) -> F13
A97: =ROW() - 21 -> 76 | B97: =ROUNDDOWN( A97/9, 0) -> 8 | C97: 5 | D97: =LEFT(H97) -> ê | E97: ="""" & D97 & """" & ": (" & """" & F97 & """, " & """" & C97 & """" & ")," -> "ê": ("e", "5"), | F97: {=INDIRECT( ADDRESS( ROW($21:$21) + B97*9, COLUMN($D:$D)))} -> e | H97: {=INDIRECT(K97)} -> ê (U+00EA) | I97: =I88 -> 7 | J97: {=ROW($5:$5) + B97} -> 13 | K97: =ADDRESS(J97, I97,4) -> G13
A98: =ROW() - 21 -> 77 | B98: =ROUNDDOWN( A98/9, 0) -> 8 | C98: 6 | D98: =LEFT(H98) -> ě | E98: ="""" & D98 & """" & ": (" & """" & F98 & """, " & """" & C98 & """" & ")," -> "ě": ("e", "6"), | F98: {=INDIRECT( ADDRESS( ROW($21:$21) + B98*9, COLUMN($D:$D)))} -> e | H98: {=INDIRECT(K98)} -> ě (U+011B) | I98: =I89 -> 8 | J98: {=ROW($5:$5) + B98} -> 13 | K98: =ADDRESS(J98, I98,4) -> H13
A99: =ROW() - 21 -> 78 | B99: =ROUNDDOWN( A99/9, 0) -> 8 | C99: 7 | D99: =LEFT(H99) -> ē | E99: ="""" & D99 & """" & ": (" & """" & F99 & """, " & """" & C99 & """" & ")," -> "ē": ("e", "7"), | F99: {=INDIRECT( ADDRESS( ROW($21:$21) + B99*9, COLUMN($D:$D)))} -> e | H99: {=INDIRECT(K99)} -> ē (U+0113) | I99: =I90 -> 9 | J99: {=ROW($5:$5) + B99} -> 13 | K99: =ADDRESS(J99, I99,4) -> I13
A100: =ROW() - 21 -> 79 | B100: =ROUNDDOWN( A100/9, 0) -> 8 | C100: 8 | D100: =LEFT(H100,2) -> e̍ | E100: ="""" & D100 & """" & ": (" & """" & F100 & """, " & """" & C100 & """" & ")," -> "e̍": ("e", "8"), | F100: {=INDIRECT( ADDRESS( ROW($21:$21) + B100*9, COLUMN($D:$D)))} -> e | H100: {=INDIRECT(K100)} -> e̍h (U+0065 U+030D) | I100: =I91 -> 10 | J100: {=ROW($5:$5) + B100} -> 13 | K100: =ADDRESS(J100, I100,4) -> J13
A101: =ROW() - 21 -> 80 | B101: =ROUNDDOWN( A101/9, 0) -> 8 | C101: 9 | D101: =LEFT(H101,2) -> e̋ | E101: ="""" & D101 & """" & ": (" & """" & F101 & """, " & """" & C101 & """" & ")," -> "e̋": ("e", "9"), | F101: {=INDIRECT( ADDRESS( ROW($21:$21) + B101*9, COLUMN($D:$D)))} -> e | H101: {=INDIRECT(K101)} -> e̋ (U+0065 U+030B) | I101: =I92 -> 11 | J101: {=ROW($5:$5) + B101} -> 13 | K101: =ADDRESS(J101, I101,4) -> K13
A102: =ROW() - 21 -> 81 | B102: =ROUNDDOWN( A102/9, 0) -> 9 | C102: 1 | D102: =LEFT(H102) -> i | E102: ="""" & D102 & """" & ": (" & """" & F102 & """, " & """" & C102 & """" & ")," -> "i": ("i", "1"), | F102: {=INDIRECT( ADDRESS( ROW($21:$21) + B102*9, COLUMN($D:$D)))} -> i | H102: {=INDIRECT(K102)} -> i | I102: {=COLUMN($C:$C)} -> 3 | J102: {=ROW($5:$5) + B102} -> 14 | K102: =ADDRESS(J102, I102,4) -> C14
A103: =ROW() - 21 -> 82 | B103: =ROUNDDOWN( A103/9, 0) -> 9 | C103: 2 | D103: =LEFT(H103) -> í | E103: ="""" & D103 & """" & ": (" & """" & F103 & """, " & """" & C103 & """" & ")," -> "í": ("i", "2"), | F103: {=INDIRECT( ADDRESS( ROW($21:$21) + B103*9, COLUMN($D:$D)))} -> i | H103: {=INDIRECT(K103)} -> í (U+00ED) | I103: =C103 - 1 +$I$21 -> 4 | J103: {=ROW($5:$5) + B103} -> 14 | K103: =ADDRESS(J103, I103,4) -> D14
...

Sheet 韻母標調
B2: 台羅拼音帶調字符表
B3: 組合附加符號 | C3: 字母 | D3: 一聲（陰平） | E3: 二聲（陰上） | F3: 三聲（陰去） | G3: 四聲（陰入） | H3: 五聲（陽平） | I3: 六聲（陽上） | J3: 七聲（陽去） | K3: 八聲（陽入） | L3: 九聲
B4: 調符 Unicode | E4: U+0301 | F4: U+0300 | H4: U+0302 | I4: U+030C | J4: U+0304 | K4: U+030D | L4: U+030B
B5: 小寫 | C5: a | D5: a | E5: =_xlfn.CONCAT($C5, _xlfn.UNICHAR(HEX2DEC(RIGHT(E$4,4)))) -> á | F5: =_xlfn.CONCAT($C5, _xlfn.UNICHAR(HEX2DEC(RIGHT(F$4,4)))) -> à | G5: =_xlfn.CONCAT($C5, "h") -> ah | H5: =_xlfn.CONCAT($C5, _xlfn.UNICHAR(HEX2DEC(RIGHT(H$4,4)))) -> â | I5: =_xlfn.CONCAT($C5, _xlfn.UNICHAR(HEX2DEC(RIGHT(I$4,4)))) -> ǎ | J5: =_xlfn.CONCAT($C5, _xlfn.UNICHAR(HEX2DEC(RIGHT(J$4,4)))) -> ā | K5: =_xlfn.CONCAT($C5, _xlfn.UNICHAR(HEX2DEC(RIGHT(K$4,4))), "h") -> a̍h | L5: =_xlfn.CONCAT($C5, _xlfn.UNICHAR(HEX2DEC(RIGHT(L$4,4)))) -> a̋
C6: e | D6: e | E6: =_xlfn.CONCAT($C6, _xlfn.UNICHAR(HEX2DEC(RIGHT(E$4,4)))) -> é | F6: =_xlfn.CONCAT($C6, _xlfn.UNICHAR(HEX2DEC(RIGHT(F$4,4)))) -> è | G6: =_xlfn.CONCAT($C6, "h") -> eh | H6: =_xlfn.CONCAT($C6, _xlfn.UNICHAR(HEX2DEC(RIGHT(H$4,4)))) -> ê | I6: =_xlfn.CONCAT($C6, _xlfn.UNICHAR(HEX2DEC(RIGHT(I$4,4)))) -> ě | J6: =_xlfn.CONCAT($C6, _xlfn.UNICHAR(HEX2DEC(RIGHT(J$4,4)))) -> ē | K6: =_xlfn.CONCAT($C6, _xlfn.UNICHAR(HEX2DEC(RIGHT(K$4,4))), "h") -> e̍h | L6: =_xlfn.CONCAT($C6, _xlfn.UNICHAR(HEX2DEC(RIGHT(L$4,4)))) -> e̋
C7: i | D7: i | E7: =_xlfn.CONCAT($C7, _xlfn.UNICHAR(HEX2DEC(RIGHT(E$4,4)))) -> í | F7: =_xlfn.CONCAT($C7, _xlfn.UNICHAR(HEX2DEC(RIGHT(F$4,4)))) -> ì | G7: =_xlfn.CONCAT($C7, "h") -> ih | H7: =_xlfn.CONCAT($C7, _xlfn.UNICHAR(HEX2DEC(RIGHT(H$4,4)))) -> î | I7: =_xlfn.CONCAT($C7, _xlfn.UNICHAR(HEX2DEC(RIGHT(I$4,4)))) -> ǐ | J7: =_xlfn.CONCAT($C7, _xlfn.UNICHAR(HEX2DEC(RIGHT(J$4,4)))) -> ī | K7: =_xlfn.CONCAT($C7, _xlfn.UNICHAR(HEX2DEC(RIGHT(K$4,4))), "h") -> i̍h | L7: =_xlfn.CONCAT($C7, _xlfn.UNICHAR(HEX2DEC(RIGHT(L$4,4)))) -> i̋
C8: o | D8: o | E8: =_xlfn.CONCAT($C8, _xlfn.UNICHAR(HEX2DEC(RIGHT(E$4,4)))) -> ó | F8: =_xlfn.CONCAT($C8, _xlfn.UNICHAR(HEX2DEC(RIGHT(F$4,4)))) -> ò | G8: =_xlfn.CONCAT($C8, "h") -> oh | H8: =_xlfn.CONCAT($C8, _xlfn.UNICHAR(HEX2DEC(RIGHT(H$4,4)))) -> ô | I8: =_xlfn.CONCAT($C8, _xlfn.UNICHAR(HEX2DEC(RIGHT(I$4,4)))) -> ǒ | J8: =_xlfn.CONCAT($C8, _xlfn.UNICHAR(HEX2DEC(RIGHT(J$4,4)))) -> ō | K8: =_xlfn.CONCAT($C8, _xlfn.UNICHAR(HEX2DEC(RIGHT(K$4,4))), "h") -> o̍h | L8: =_xlfn.CONCAT($C8, _xlfn.UNICHAR(HEX2DEC(RIGHT(L$4,4)))) -> ő
C9: u | D9: u | E9: =_xlfn.CONCAT($C9, _xlfn.UNICHAR(HEX2DEC(RIGHT(E$4,4)))) -> ú | F9: =_xlfn.CONCAT($C9, _xlfn.UNICHAR(HEX2DEC(RIGHT(F$4,4)))) -> ù | G9: =_xlfn.CONCAT($C9, "h") -> uh | H9: =_xlfn.CONCAT($C9, _xlfn.UNICHAR(HEX2DEC(RIGHT(H$4,4)))) -> û | I9: =_xlfn.CONCAT($C9, _xlfn.UNICHAR(HEX2DEC(RIGHT(I$4,4)))) -> ǔ | J9: =_xlfn.CONCAT($C9, _xlfn.UNICHAR(HEX2DEC(RIGHT(J$4,4)))) -> ū | K9: =_xlfn.CONCAT($C9, _xlfn.UNICHAR(HEX2DEC(RIGHT(K$4,4))), "h") -> u̍h | L9: =_xlfn.CONCAT($C9, _xlfn.UNICHAR(HEX2DEC(RIGHT(L$4,4)))) -> ű
C10: m | D10: m | E10: =_xlfn.CONCAT($C10, _xlfn.UNICHAR(HEX2DEC(RIGHT(E$4,4)))) -> ḿ | F10: =_xlfn.CONCAT($C10, _xlfn.UNICHAR(HEX2DEC(RIGHT(F$4,4)))) -> m̀ | G10: =_xlfn.CONCAT($C10, "h") -> mh | H10: =_xlfn.CONCAT($C10, _xlfn.UNICHAR(HEX2DEC(RIGHT(H$4,4)))) -> m̂ | I10: =_xlfn.CONCAT($C10, _xlfn.UNICHAR(HEX2DEC(RIGHT(I$4,4)))) -> m̌ | J10: =_xlfn.CONCAT($C10, _xlfn.UNICHAR(HEX2DEC(RIGHT(J$4,4)))) -> m̄ | K10: =_xlfn.CONCAT($C10, _xlfn.UNICHAR(HEX2DEC(RIGHT(K$4,4))), "h") -> m̍h | L10: =_xlfn.CONCAT($C10, _xlfn.UNICHAR(HEX2DEC(RIGHT(L$4,4)))) -> m̋
C11: n | D11: n | E11: =_xlfn.CONCAT($C11, _xlfn.UNICHAR(HEX2DEC(RIGHT(E$4,4)))) -> ń | F11: =_xlfn.CONCAT($C11, _xlfn.UNICHAR(HEX2DEC(RIGHT(F$4,4)))) -> ǹ | G11: =_xlfn.CONCAT($C11, "h") -> nh | H11: =_xlfn.CONCAT($C11, _xlfn.UNICHAR(HEX2DEC(RIGHT(H$4,4)))) -> n̂ | I11: =_xlfn.CONCAT($C11, _xlfn.UNICHAR(HEX2DEC(RIGHT(I$4,4)))) -> ň | J11: =_xlfn.CONCAT($C11, _xlfn.UNICHAR(HEX2DEC(RIGHT(J$4,4)))) -> n̄ | K11: =_xlfn.CONCAT($C11, _xlfn.UNICHAR(HEX2DEC(RIGHT(K$4,4))), "h") -> n̍h | L11: =_xlfn.CONCAT($C11, _xlfn.UNICHAR(HEX2DEC(RIGHT(L$4,4)))) -> n̋
B12: 大寫 | C12: A | D12: A | E12: =_xlfn.CONCAT($C12, _xlfn.UNICHAR(HEX2DEC(RIGHT(E$4,4)))) -> Á | F12: =_xlfn.CONCAT($C12, _xlfn.UNICHAR(HEX2DEC(RIGHT(F$4,4)))) -> À | G12: =_xlfn.CONCAT($C12, "h") -> Ah | H12: =_xlfn.CONCAT($C12, _xlfn.UNICHAR(HEX2DEC(RIGHT(H$4,4)))) -> Â | I12: =_xlfn.CONCAT($C12, _xlfn.UNICHAR(HEX2DEC(RIGHT(I$4,4)))) -> Ǎ | J12: =_xlfn.CONCAT($C12, _xlfn.UNICHAR(HEX2DEC(RIGHT(J$4,4)))) -> Ā | K12: =_xlfn.CONCAT($C12, _xlfn.UNICHAR(HEX2DEC(RIGHT(K$4,4))), "h") -> A̍h | L12: =_xlfn.CONCAT($C12, _xlfn.UNICHAR(HEX2DEC(RIGHT(L$4,4)))) -> A̋
C13: E | D13: E | E13: =_xlfn.CONCAT($C13, _xlfn.UNICHAR(HEX2DEC(RIGHT(E$4,4)))) -> É | F13: =_xlfn.CONCAT($C13, _xlfn.UNICHAR(HEX2DEC(RIGHT(F$4,4)))) -> È | G13: =_xlfn.CONCAT($C13, "h") -> Eh | H13: =_xlfn.CONCAT($C13, _xlfn.UNICHAR(HEX2DEC(RIGHT(H$4,4)))) -> Ê | I13: =_xlfn.CONCAT($C13, _xlfn.UNICHAR(HEX2DEC(RIGHT(I$4,4)))) -> Ě | J13: =_xlfn.CONCAT($C13, _xlfn.UNICHAR(HEX2DEC(RIGHT(J$4,4)))) -> Ē | K13: =_xlfn.CONCAT($C13, _xlfn.UNICHAR(HEX2DEC(RIGHT(K$4,4))), "h") -> E̍h | L13: =_xlfn.CONCAT($C13, _xlfn.UNICHAR(HEX2DEC(RIGHT(L$4,4)))) -> E̋
C14: I | D14: I | E14: =_xlfn.CONCAT($C14, _xlfn.UNICHAR(HEX2DEC(RIGHT(E$4,4)))) -> Í | F14: =_xlfn.CONCAT($C14, _xlfn.UNICHAR(HEX2DEC(RIGHT(F$4,4)))) -> Ì | G14: =_xlfn.CONCAT($C14, "h") -> Ih | H14: =_xlfn.CONCAT($C14, _xlfn.UNICHAR(HEX2DEC(RIGHT(H$4,4)))) -> Î | I14: =_xlfn.CONCAT($C14, _xlfn.UNICHAR(HEX2DEC(RIGHT(I$4,4)))) -> Ǐ | J14: =_xlfn.CONCAT($C14, _xlfn.UNICHAR(HEX2DEC(RIGHT(J$4,4)))) -> Ī | K14: =_xlfn.CONCAT($C14, _xlfn.UNICHAR(HEX2DEC(RIGHT(K$4,4))), "h") -> I̍h | L14: =_xlfn.CONCAT($C14, _xlfn.UNICHAR(HEX2DEC(RIGHT(L$4,4)))) -> I̋
C15: O | D15: O | E15: =_xlfn.CONCAT($C15, _xlfn.UNICHAR(HEX2DEC(RIGHT(E$4,4)))) -> Ó | F15: =_xlfn.CONCAT($C15, _xlfn.UNICHAR(HEX2DEC(RIGHT(F$4,4)))) -> Ò | G15: =_xlfn.CONCAT($C15, "h") -> Oh | H15: =_xlfn.CONCAT($C15, _xlfn.UNICHAR(HEX2DEC(RIGHT(H$4,4)))) -> Ô | I15: =_xlfn.CONCAT($C15, _xlfn.UNICHAR(HEX2DEC(RIGHT(I$4,4)))) -> Ǒ | J15: =_xlfn.CONCAT($C15, _xlfn.UNICHAR(HEX2DEC(RIGHT(J$4,4)))) -> Ō | K15: =_xlfn.CONCAT($C15, _xlfn.UNICHAR(HEX2DEC(RIGHT(K$4,4))), "h") -> O̍h | L15: =_xlfn.CONCAT($C15, _xlfn.UNICHAR(HEX2DEC(RIGHT(L$4,4)))) -> Ő
C16: U | D16: U | E16: =_xlfn.CONCAT($C16, _xlfn.UNICHAR(HEX2DEC(RIGHT(E$4,4)))) -> Ú | F16: =_xlfn.CONCAT($C16, _xlfn.UNICHAR(HEX2DEC(RIGHT(F$4,4)))) -> Ù | G16: =_xlfn.CONCAT($C16, "h") -> Uh | H16: =_xlfn.CONCAT($C16, _xlfn.UNICHAR(HEX2DEC(RIGHT(H$4,4)))) -> Û | I16: =_xlfn.CONCAT($C16, _xlfn.UNICHAR(HEX2DEC(RIGHT(I$4,4)))) -> Ǔ | J16: =_xlfn.CONCAT($C16, _xlfn.UNICHAR(HEX2DEC(RIGHT(J$4,4)))) -> Ū | K16: =_xlfn.CONCAT($C16, _xlfn.UNICHAR(HEX2DEC(RIGHT(K$4,4))), "h") -> U̍h | L16: =_xlfn.CONCAT($C16, _xlfn.UNICHAR(HEX2DEC(RIGHT(L$4,4)))) -> Ű
C17: M | D17: M | E17: =_xlfn.CONCAT($C17, _xlfn.UNICHAR(HEX2DEC(RIGHT(E$4,4)))) -> Ḿ | F17: =_xlfn.CONCAT($C17, _xlfn.UNICHAR(HEX2DEC(RIGHT(F$4,4)))) -> M̀ | G17: =_xlfn.CONCAT($C17, "h") -> Mh | H17: =_xlfn.CONCAT($C17, _xlfn.UNICHAR(HEX2DEC(RIGHT(H$4,4)))) -> M̂ | I17: =_xlfn.CONCAT($C17, _xlfn.UNICHAR(HEX2DEC(RIGHT(I$4,4)))) -> M̌ | J17: =_xlfn.CONCAT($C17, _xlfn.UNICHAR(HEX2DEC(RIGHT(J$4,4)))) -> M̄ | K17: =_xlfn.CONCAT($C17, _xlfn.UNICHAR(HEX2DEC(RIGHT(K$4,4))), "h") -> M̍h | L17: =_xlfn.CONCAT($C17, _xlfn.UNICHAR(HEX2DEC(RIGHT(L$4,4)))) -> M̋
C18: N | D18: N | E18: =_xlfn.CONCAT($C18, _xlfn.UNICHAR(HEX2DEC(RIGHT(E$4,4)))) -> Ń | F18: =_xlfn.CONCAT($C18, _xlfn.UNICHAR(HEX2DEC(RIGHT(F$4,4)))) -> Ǹ | G18: =_xlfn.CONCAT($C18, "h") -> Nh | H18: =_xlfn.CONCAT($C18, _xlfn.UNICHAR(HEX2DEC(RIGHT(H$4,4)))) -> N̂ | I18: =_xlfn.CONCAT($C18, _xlfn.UNICHAR(HEX2DEC(RIGHT(I$4,4)))) -> Ň | J18: =_xlfn.CONCAT($C18, _xlfn.UNICHAR(HEX2DEC(RIGHT(J$4,4)))) -> N̄ | K18: =_xlfn.CONCAT($C18, _xlfn.UNICHAR(HEX2DEC(RIGHT(K$4,4))), "h") -> N̍h | L18: =_xlfn.CONCAT($C18, _xlfn.UNICHAR(HEX2DEC(RIGHT(L$4,4)))) -> N̋

Sheet 調符
B2: 台羅調符
B4: Unicode 編碼 | C4: 拼音字母 | D4: 組合結果 | E4: 註釋
B5: U+0301 | C5: a | D5: =_xlfn.CONCAT(C5,_xlfn.UNICHAR(HEX2DEC(RIGHT(B5,4)))) -> á | E5: 二聲（陰上）
B6: U+0300 | C6: a | D6: =_xlfn.CONCAT(C6,_xlfn.UNICHAR(HEX2DEC(RIGHT(B6,4)))) -> à | E6: 三聲（陰去）
B7: U+0302 | C7: a | D7: =_xlfn.CONCAT(C7,_xlfn.UNICHAR(HEX2DEC(RIGHT(B7,4)))) -> â | E7: 五聲（陽平）
B8: U+030C | C8: a | D8: =_xlfn.CONCAT(C8,_xlfn.UNICHAR(HEX2DEC(RIGHT(B8,4)))) -> ǎ | E8: 六聲（陽上）
B9: U+0304 | C9: a | D9: =_xlfn.CONCAT(C9,_xlfn.UNICHAR(HEX2DEC(RIGHT(B9,4)))) -> ā | E9: 七聲（陽去）
B10: U+030D | C10: a | D10: =_xlfn.CONCAT(C10,_xlfn.UNICHAR(HEX2DEC(RIGHT(B10,4)))) -> a̍ | E10: 八聲（陽入）
B11: U+030B | C11: a | D11: =_xlfn.CONCAT(C11,_xlfn.UNICHAR(HEX2DEC(RIGHT(B11,4)))) -> a̋ | E11: 九聲
B13: 閩拼調符
B15: Unicode 編碼 | C15: 拼音字母 | D15: 組合結果 | E15: 註釋
B16: U+0304 | C16: a | D16: =_xlfn.CONCAT(C16,_xlfn.UNICHAR(HEX2DEC(RIGHT(B16,4)))) -> ā | E16: 一聲（陰平）
B17: U+0301 | C17: a | D17: =_xlfn.CONCAT(C17,_xlfn.UNICHAR(HEX2DEC(RIGHT(B17,4)))) -> á | E17: 二聲（陽平）
B18: U+030C | C18: a | D18: =_xlfn.CONCAT(C18,_xlfn.UNICHAR(HEX2DEC(RIGHT(B18,4)))) -> ǎ | E18: 三聲（陰上）
B19: U+0300 | C19: a | D19: =_xlfn.CONCAT(C19,_xlfn.UNICHAR(HEX2DEC(RIGHT(B19,4)))) -> à | E19: 五聲（陰去）
B20: U+0302 | C20: a | D20: =_xlfn.CONCAT(C20,_xlfn.UNICHAR(HEX2DEC(RIGHT(B20,4)))) -> â | E20: 六聲（陽去）
B21: U+0304 | C21: a | D21: =_xlfn.CONCAT(C21,_xlfn.UNICHAR(HEX2DEC(RIGHT(B21,4))),"h") -> āh | E21: 七聲（陰入）
B22: U+0301 | C22: a | D22: =_xlfn.CONCAT(C22,_xlfn.UNICHAR(HEX2DEC(RIGHT(B22,4))),"h") -> áh | E22: 八聲（陽入）

Sheet 元音標調
C2: =_xlfn.CONCAT("o", _xlfn.UNICHAR(HEX2DEC(RIGHT("U+0358",4)))) -> o͘ | D2: a | E2: i | F2: u | G2: e | H2: o | I2: m | J2: n
B3: 1 | C3: =IFERROR( _xlfn.CONCAT("o", _xlfn.UNICHAR(HEX2DEC(RIGHT("U+0358",4))), _xlfn.UNICHAR(HEX2DEC(RIGHT([1]調表!E4,4)))), $C$2) -> o͘ | D3: =IFERROR( _xlfn.CONCAT(D$2, IF([1]調表!$E4="", "", _xlfn.UNICHAR(HEX2DEC(RIGHT([1]調表!$E4,4))))), "") -> a | E3: =IFERROR( _xlfn.CONCAT(E$2, IF([1]調表!$E4="", "", _xlfn.UNICHAR(HEX2DEC(RIGHT([1]調表!$E4,4))))), "") -> i | F3: =IFERROR( _xlfn.CONCAT(F$2, IF([1]調表!$E4="", "", _xlfn.UNICHAR(HEX2DEC(RIGHT([1]調表!$E4,4))))), "") -> u | G3: =IFERROR( _xlfn.CONCAT(G$2, IF([1]調表!$E4="", "", _xlfn.UNICHAR(HEX2DEC(RIGHT([1]調表!$E4,4))))), "") -> e | H3: =IFERROR( _xlfn.CONCAT(H$2, IF([1]調表!$E4="", "", _xlfn.UNICHAR(HEX2DEC(RIGHT([1]調表!$E4,4))))), "") -> o | I3: =IFERROR( _xlfn.CONCAT(I$2, IF([1]調表!$E4="", "", _xlfn.UNICHAR(HEX2DEC(RIGHT([1]調表!$E4,4))))), "") -> m | J3: =IFERROR( _xlfn.CONCAT(J$2, IF([1]調表!$E4="", "", _xlfn.UNICHAR(HEX2DEC(RIGHT([1]調表!$E4,4))))), "") -> n
B4: 2 | C4: =IFERROR( _xlfn.CONCAT("o", _xlfn.UNICHAR(HEX2DEC(RIGHT("U+0358",4))), _xlfn.UNICHAR(HEX2DEC(RIGHT([1]調表!E5,4)))), $C$2) -> ó͘ | D4: =IFERROR( _xlfn.CONCAT(D$2, IF([1]調表!$E5="", "", _xlfn.UNICHAR(HEX2DEC(RIGHT([1]調表!$E5,4))))), "") -> á | E4: =IFERROR( _xlfn.CONCAT(E$2, IF([1]調表!$E5="", "", _xlfn.UNICHAR(HEX2DEC(RIGHT([1]調表!$E5,4))))), "") -> í | F4: =IFERROR( _xlfn.CONCAT(F$2, IF([1]調表!$E5="", "", _xlfn.UNICHAR(HEX2DEC(RIGHT([1]調表!$E5,4))))), "") -> ú | G4: =IFERROR( _xlfn.CONCAT(G$2, IF([1]調表!$E5="", "", _xlfn.UNICHAR(HEX2DEC(RIGHT([1]調表!$E5,4))))), "") -> é | H4: =IFERROR( _xlfn.CONCAT(H$2, IF([1]調表!$E5="", "", _xlfn.UNICHAR(HEX2DEC(RIGHT([1]調表!$E5,4))))), "") -> ó | I4: =IFERROR( _xlfn.CONCAT(I$2, IF([1]調表!$E5="", "", _xlfn.UNICHAR(HEX2DEC(RIGHT([1]調表!$E5,4))))), "") -> ḿ | J4: =IFERROR( _xlfn.CONCAT(J$2, IF([1]調表!$E5="", "", _xlfn.UNICHAR(HEX2DEC(RIGHT([1]調表!$E5,4))))), "") -> ń
B5: 3 | C5: =IFERROR( _xlfn.CONCAT("o", _xlfn.UNICHAR(HEX2DEC(RIGHT("U+0358",4))), _xlfn.UNICHAR(HEX2DEC(RIGHT([1]調表!E6,4)))), $C$2) -> ò͘ | D5: =IFERROR( _xlfn.CONCAT(D$2, IF([1]調表!$E6="", "", _xlfn.UNICHAR(HEX2DEC(RIGHT([1]調表!$E6,4))))), "") -> à | E5: =IFERROR( _xlfn.CONCAT(E$2, IF([1]調表!$E6="", "", _xlfn.UNICHAR(HEX2DEC(RIGHT([1]調表!$E6,4))))), "") -> ì | F5: =IFERROR( _xlfn.CONCAT(F$2, IF([1]調表!$E6="", "", _xlfn.UNICHAR(HEX2DEC(RIGHT([1]調表!$E6,4))))), "") -> ù | G5: =IFERROR( _xlfn.CONCAT(G$2, IF([1]調表!$E6="", "", _xlfn.UNICHAR(HEX2DEC(RIGHT([1]調表!$E6,4))))), "") -> è | H5: =IFERROR( _xlfn.CONCAT(H$2, IF([1]調表!$E6="", "", _xlfn.UNICHAR(HEX2DEC(RIGHT([1]調表!$E6,4))))), "") -> ò | I5: =IFERROR( _xlfn.CONCAT(I$2, IF([1]調表!$E6="", "", _xlfn.UNICHAR(HEX2DEC(RIGHT([1]調表!$E6,4))))), "") -> m̀ | J5: =IFERROR( _xlfn.CONCAT(J$2, IF([1]調表!$E6="", "", _xlfn.UNICHAR(HEX2DEC(RIGHT([1]調表!$E6,4))))), "") -> ǹ
B6: 4 | C6: =IFERROR( _xlfn.CONCAT("o", _xlfn.UNICHAR(HEX2DEC(RIGHT("U+0358",4))), _xlfn.UNICHAR(HEX2DEC(RIGHT([1]調表!E7,4)))), $C$2) -> o͘ | D6: =IFERROR( _xlfn.CONCAT(D$2, IF([1]調表!$E7="", "", _xlfn.UNICHAR(HEX2DEC(RIGHT([1]調表!$E7,4))))), "") -> a | E6: =IFERROR( _xlfn.CONCAT(E$2, IF([1]調表!$E7="", "", _xlfn.UNICHAR(HEX2DEC(RIGHT([1]調表!$E7,4))))), "") -> i | F6: =IFERROR( _xlfn.CONCAT(F$2, IF([1]調表!$E7="", "", _xlfn.UNICHAR(HEX2DEC(RIGHT([1]調表!$E7,4))))), "") -> u | G6: =IFERROR( _xlfn.CONCAT(G$2, IF([1]調表!$E7="", "", _xlfn.UNICHAR(HEX2DEC(RIGHT([1]調表!$E7,4))))), "") -> e | H6: =IFERROR( _xlfn.CONCAT(H$2, IF([1]調表!$E7="", "", _xlfn.UNICHAR(HEX2DEC(RIGHT([1]調表!$E7,4))))), "") -> o | I6: =IFERROR( _xlfn.CONCAT(I$2, IF([1]調表!$E7="", "", _xlfn.UNICHAR(HEX2DEC(RIGHT([1]調表!$E7,4))))), "") -> m | J6: =IFERROR( _xlfn.CONCAT(J$2, IF([1]調表!$E7="", "", _xlfn.UNICHAR(HEX2DEC(RIGHT([1]調表!$E7,4))))), "") -> n
B7: 5 | C7: =IFERROR( _xlfn.CONCAT("o", _xlfn.UNICHAR(HEX2DEC(RIGHT("U+0358",4))), _xlfn.UNICHAR(HEX2DEC(RIGHT([1]調表!E8,4)))), "") -> ǒ͘ | D7: =IFERROR( _xlfn.CONCAT(D$2, IF([1]調表!$E8="", "", _xlfn.UNICHAR(HEX2DEC(RIGHT([1]調表!$E8,4))))), "") -> ǎ | E7: =IFERROR( _xlfn.CONCAT(E$2, IF([1]調表!$E8="", "", _xlfn.UNICHAR(HEX2DEC(RIGHT([1]調表!$E8,4))))), "") -> ǐ | F7: =IFERROR( _xlfn.CONCAT(F$2, IF([1]調表!$E8="", "", _xlfn.UNICHAR(HEX2DEC(RIGHT([1]調表!$E8,4))))), "") -> ǔ | G7: =IFERROR( _xlfn.CONCAT(G$2, IF([1]調表!$E8="", "", _xlfn.UNICHAR(HEX2DEC(RIGHT([1]調表!$E8,4))))), "") -> ě | H7: =IFERROR( _xlfn.CONCAT(H$2, IF([1]調表!$E8="", "", _xlfn.UNICHAR(HEX2DEC(RIGHT([1]調表!$E8,4))))), "") -> ǒ | I7: =IFERROR( _xlfn.CONCAT(I$2, IF([1]調表!$E8="", "", _xlfn.UNICHAR(HEX2DEC(RIGHT([1]調表!$E8,4))))), "") -> m̌ | J7: =IFERROR( _xlfn.CONCAT(J$2, IF([1]調表!$E8="", "", _xlfn.UNICHAR(HEX2DEC(RIGHT([1]調表!$E8,4))))), "") -> ň
B8: 6 | C8: =IFERROR( _xlfn.CONCAT("o", _xlfn.UNICHAR(HEX2DEC(RIGHT("U+0358",4))), _xlfn.UNICHAR(HEX2DEC(RIGHT([1]調表!E9,4)))), "") -> ó͘ | D8: =IFERROR( _xlfn.CONCAT(D$2, IF([1]調表!$E9="", "", _xlfn.UNICHAR(HEX2DEC(RIGHT([1]調表!$E9,4))))), "") -> á | E8: =IFERROR( _xlfn.CONCAT(E$2, IF([1]調表!$E9="", "", _xlfn.UNICHAR(HEX2DEC(RIGHT([1]調表!$E9,4))))), "") -> í | F8: =IFERROR( _xlfn.CONCAT(F$2, IF([1]調表!$E9="", "", _xlfn.UNICHAR(HEX2DEC(RIGHT([1]調表!$E9,4))))), "") -> ú | G8: =IFERROR( _xlfn.CONCAT(G$2, IF([1]調表!$E9="", "", _xlfn.UNICHAR(HEX2DEC(RIGHT([1]調表!$E9,4))))), "") -> é | H8: =IFERROR( _xlfn.CONCAT(H$2, IF([1]調表!$E9="", "", _xlfn.UNICHAR(HEX2DEC(RIGHT([1]調表!$E9,4))))), "") -> ó | I8: =IFERROR( _xlfn.CONCAT(I$2, IF([1]調表!$E9="", "", _xlfn.UNICHAR(HEX2DEC(RIGHT([1]調表!$E9,4))))), "") -> ḿ | J8: =IFERROR( _xlfn.CONCAT(J$2, IF([1]調表!$E9="", "", _xlfn.UNICHAR(HEX2DEC(RIGHT([1]調表!$E9,4))))), "") -> ń
B9: 7 | C9: =IFERROR( _xlfn.CONCAT("o", _xlfn.UNICHAR(HEX2DEC(RIGHT("U+0358",4))), _xlfn.UNICHAR(HEX2DEC(RIGHT([1]調表!E10,4)))), "") -> ō͘ | D9: =IFERROR( _xlfn.CONCAT(D$2, IF([1]調表!$E10="", "", _xlfn.UNICHAR(HEX2DEC(RIGHT([1]調表!$E10,4))))), "") -> ā | E9: =IFERROR( _xlfn.CONCAT(E$2, IF([1]調表!$E10="", "", _xlfn.UNICHAR(HEX2DEC(RIGHT([1]調表!$E10,4))))), "") -> ī | F9: =IFERROR( _xlfn.CONCAT(F$2, IF([1]調表!$E10="", "", _xlfn.UNICHAR(HEX2DEC(RIGHT([1]調表!$E10,4))))), "") -> ū | G9: =IFERROR( _xlfn.CONCAT(G$2, IF([1]調表!$E10="", "", _xlfn.UNICHAR(HEX2DEC(RIGHT([1]調表!$E10,4))))), "") -> ē | H9: =IFERROR( _xlfn.CONCAT(H$2, IF([1]調表!$E10="", "", _xlfn.UNICHAR(HEX2DEC(RIGHT([1]調表!$E10,4))))), "") -> ō | I9: =IFERROR( _xlfn.CONCAT(I$2, IF([1]調表!$E10="", "", _xlfn.UNICHAR(HEX2DEC(RIGHT([1]調表!$E10,4))))), "") -> m̄ | J9: =IFERROR( _xlfn.CONCAT(J$2, IF([1]調表!$E10="", "", _xlfn.UNICHAR(HEX2DEC(RIGHT([1]調表!$E10,4))))), "") -> n̄
B10: 8 | C10: =IFERROR( _xlfn.CONCAT("o", _xlfn.UNICHAR(HEX2DEC(RIGHT("U+0358",4))), _xlfn.UNICHAR(HEX2DEC(RIGHT([1]調表!E11,4)))), "") -> o̍͘ | D10: =IFERROR( _xlfn.CONCAT(D$2, IF([1]調表!$E11="", "", _xlfn.UNICHAR(HEX2DEC(RIGHT([1]調表!$E11,4))))), "") -> a̍ | E10: =IFERROR( _xlfn.CONCAT(E$2, IF([1]調表!$E11="", "", _xlfn.UNICHAR(HEX2DEC(RIGHT([1]調表!$E11,4))))), "") -> i̍ | F10: =IFERROR( _xlfn.CONCAT(F$2, IF([1]調表!$E11="", "", _xlfn.UNICHAR(HEX2DEC(RIGHT([1]調表!$E11,4))))), "") -> u̍ | G10: =IFERROR( _xlfn.CONCAT(G$2, IF([1]調表!$E11="", "", _xlfn.UNICHAR(HEX2DEC(RIGHT([1]調表!$E11,4))))), "") -> e̍ | H10: =IFERROR( _xlfn.CONCAT(H$2, IF([1]調表!$E11="", "", _xlfn.UNICHAR(HEX2DEC(RIGHT([1]調表!$E11,4))))), "") -> o̍ | I10: =IFERROR( _xlfn.CONCAT(I$2, IF([1]調表!$E11="", "", _xlfn.UNICHAR(HEX2DEC(RIGHT([1]調表!$E11,4))))), "") -> m̍ | J10: =IFERROR( _xlfn.CONCAT(J$2, IF([1]調表!$E11="", "", _xlfn.UNICHAR(HEX2DEC(RIGHT([1]調表!$E11,4))))), "") -> n̍
B11: 9 | C11: =IFERROR( _xlfn.CONCAT("o", _xlfn.UNICHAR(HEX2DEC(RIGHT("U+0358",4))), _xlfn.UNICHAR(HEX2DEC(RIGHT([1]調表!E12,4)))), "") -> ő͘ | D11: =IFERROR( _xlfn.CONCAT(D$2, IF([1]調表!$E12="", "", _xlfn.UNICHAR(HEX2DEC(RIGHT([1]調表!$E12,4))))), "") -> a̋ | E11: =IFERROR( _xlfn.CONCAT(E$2, IF([1]調表!$E12="", "", _xlfn.UNICHAR(HEX2DEC(RIGHT([1]調表!$E12,4))))), "") -> i̋ | F11: =IFERROR( _xlfn.CONCAT(F$2, IF([1]調表!$E12="", "", _xlfn.UNICHAR(HEX2DEC(RIGHT([1]調表!$E12,4))))), "") -> ű | G11: =IFERROR( _xlfn.CONCAT(G$2, IF([1]調表!$E12="", "", _xlfn.UNICHAR(HEX2DEC(RIGHT([1]調表!$E12,4))))), "") -> e̋ | H11: =IFERROR( _xlfn.CONCAT(H$2, IF([1]調表!$E12="", "", _xlfn.UNICHAR(HEX2DEC(RIGHT([1]調表!$E12,4))))), "") -> ő | I11: =IFERROR( _xlfn.CONCAT(I$2, IF([1]調表!$E12="", "", _xlfn.UNICHAR(HEX2DEC(RIGHT([1]調表!$E12,4))))), "") -> m̋ | J11: =IFERROR( _xlfn.CONCAT(J$2, IF([1]調表!$E12="", "", _xlfn.UNICHAR(HEX2DEC(RIGHT([1]調表!$E12,4))))), "") -> n̋
B12: 0 | C12: =IFERROR( _xlfn.CONCAT("o", _xlfn.UNICHAR(HEX2DEC(RIGHT("U+0358",4))), _xlfn.UNICHAR(HEX2DEC(RIGHT([1]調表!E13,4)))), "") -> o̊͘ | D12: =IFERROR( _xlfn.CONCAT(D$2, IF([1]調表!$E13="", "", _xlfn.UNICHAR(HEX2DEC(RIGHT([1]調表!$E13,4))))), "") -> å | E12: =IFERROR( _xlfn.CONCAT(E$2, IF([1]調表!$E13="", "", _xlfn.UNICHAR(HEX2DEC(RIGHT([1]調表!$E13,4))))), "") -> i̊ | F12: =IFERROR( _xlfn.CONCAT(F$2, IF([1]調表!$E13="", "", _xlfn.UNICHAR(HEX2DEC(RIGHT([1]調表!$E13,4))))), "") -> ů | G12: =IFERROR( _xlfn.CONCAT(G$2, IF([1]調表!$E13="", "", _xlfn.UNICHAR(HEX2DEC(RIGHT([1]調表!$E13,4))))), "") -> e̊ | H12: =IFERROR( _xlfn.CONCAT(H$2, IF([1]調表!$E13="", "", _xlfn.UNICHAR(HEX2DEC(RIGHT([1]調表!$E13,4))))), "") -> o̊ | I12: =IFERROR( _xlfn.CONCAT(I$2, IF([1]調表!$E13="", "", _xlfn.UNICHAR(HEX2DEC(RIGHT([1]調表!$E13,4))))), "") -> m̊ | J12: =IFERROR( _xlfn.CONCAT(J$2, IF([1]調表!$E13="", "", _xlfn.UNICHAR(HEX2DEC(RIGHT([1]調表!$E13,4))))), "") -> n̊
C15: a | D15: i | E15: u | F15: e | G15: o | H15: m | I15: n | L15: =IFERROR( _xlfn.CONCAT("l", "u", _xlfn.UNICHAR(HEX2DEC(RIGHT([1]調表!$O4,4))), "n"), "") -> lūn | M15: =IFERROR( _xlfn.CONCAT("n", "g", "o", _xlfn.UNICHAR(HEX2DEC(RIGHT([1]調表!$O4,4))), "o"), "") -> ngōo
B16: 1 | C16: =IFERROR( _xlfn.CONCAT(D$2, IF([1]調表!$E17="", "", _xlfn.UNICHAR(HEX2DEC(RIGHT([1]調表!$E17,4))))), "") -> ā | D16: =IFERROR( _xlfn.CONCAT(E$2, IF([1]調表!$E17="", "", _xlfn.UNICHAR(HEX2DEC(RIGHT([1]調表!$E17,4))))), "") -> ī | E16: =IFERROR( _xlfn.CONCAT(F$2, IF([1]調表!$E17="", "", _xlfn.UNICHAR(HEX2DEC(RIGHT([1]調表!$E17,4))))), "") -> ū | F16: =IFERROR( _xlfn.CONCAT(G$2, IF([1]調表!$E17="", "", _xlfn.UNICHAR(HEX2DEC(RIGHT([1]調表!$E17,4))))), "") -> ē | G16: =IFERROR( _xlfn.CONCAT(H$2, IF([1]調表!$E17="", "", _xlfn.UNICHAR(HEX2DEC(RIGHT([1]調表!$E17,4))))), "") -> ō | H16: =IFERROR( _xlfn.CONCAT(I$2, IF([1]調表!$E17="", "", _xlfn.UNICHAR(HEX2DEC(RIGHT([1]調表!$E17,4))))), "") -> m̄ | I16: =IFERROR( _xlfn.CONCAT(J$2, IF([1]調表!$E17="", "", _xlfn.UNICHAR(HEX2DEC(RIGHT([1]調表!$E17,4))))), "") -> n̄ | L16: =IFERROR( _xlfn.CONCAT("l", "u", _xlfn.UNICHAR(HEX2DEC(RIGHT([1]調表!$O7,4))), "n"), "") -> lǔn | M16: =IFERROR( _xlfn.CONCAT("n", "g", "o", _xlfn.UNICHAR(HEX2DEC(RIGHT([1]調表!$O7,4))), "o"), "") -> ngǒo
B17: 2 | C17: =IFERROR( _xlfn.CONCAT(D$2, IF([1]調表!$E18="", "", _xlfn.UNICHAR(HEX2DEC(RIGHT([1]調表!$E18,4))))), "") -> á | D17: =IFERROR( _xlfn.CONCAT(E$2, IF([1]調表!$E18="", "", _xlfn.UNICHAR(HEX2DEC(RIGHT([1]調表!$E18,4))))), "") -> í | E17: =IFERROR( _xlfn.CONCAT(F$2, IF([1]調表!$E18="", "", _xlfn.UNICHAR(HEX2DEC(RIGHT([1]調表!$E18,4))))), "") -> ú | F17: =IFERROR( _xlfn.CONCAT(G$2, IF([1]調表!$E18="", "", _xlfn.UNICHAR(HEX2DEC(RIGHT([1]調表!$E18,4))))), "") -> é | G17: =IFERROR( _xlfn.CONCAT(H$2, IF([1]調表!$E18="", "", _xlfn.UNICHAR(HEX2DEC(RIGHT([1]調表!$E18,4))))), "") -> ó | H17: =IFERROR( _xlfn.CONCAT(I$2, IF([1]調表!$E18="", "", _xlfn.UNICHAR(HEX2DEC(RIGHT([1]調表!$E18,4))))), "") -> ḿ | I17: =IFERROR( _xlfn.CONCAT(J$2, IF([1]調表!$E18="", "", _xlfn.UNICHAR(HEX2DEC(RIGHT([1]調表!$E18,4))))), "") -> ń | L17: =IFERROR( _xlfn.CONCAT("l", "u", _xlfn.UNICHAR(HEX2DEC(RIGHT([1]調表!$O6,4))), "n"), "") -> lùn | M17: =IFERROR( _xlfn.CONCAT("n", "g", "o", _xlfn.UNICHAR(HEX2DEC(RIGHT([1]調表!$O6,4))), "o"), "") -> ngòo
B18: 3 | C18: =IFERROR( _xlfn.CONCAT(D$2, IF([1]調表!$E19="", "", _xlfn.UNICHAR(HEX2DEC(RIGHT([1]調表!$E19,4))))), "") -> ǎ | D18: =IFERROR( _xlfn.CONCAT(E$2, IF([1]調表!$E19="", "", _xlfn.UNICHAR(HEX2DEC(RIGHT([1]調表!$E19,4))))), "") -> ǐ | E18: =IFERROR( _xlfn.CONCAT(F$2, IF([1]調表!$E19="", "", _xlfn.UNICHAR(HEX2DEC(RIGHT([1]調表!$E19,4))))), "") -> ǔ | F18: =IFERROR( _xlfn.CONCAT(G$2, IF([1]調表!$E19="", "", _xlfn.UNICHAR(HEX2DEC(RIGHT([1]調表!$E19,4))))), "") -> ě | G18: =IFERROR( _xlfn.CONCAT(H$2, IF([1]調表!$E19="", "", _xlfn.UNICHAR(HEX2DEC(RIGHT([1]調表!$E19,4))))), "") -> ǒ | H18: =IFERROR( _xlfn.CONCAT(I$2, IF([1]調表!$E19="", "", _xlfn.UNICHAR(HEX2DEC(RIGHT([1]調表!$E19,4))))), "") -> m̌ | I18: =IFERROR( _xlfn.CONCAT(J$2, IF([1]調表!$E19="", "", _xlfn.UNICHAR(HEX2DEC(RIGHT([1]調表!$E19,4))))), "") -> ň | L18: =IFERROR( _xlfn.CONCAT("l", "u", _xlfn.UNICHAR(HEX2DEC(RIGHT([1]調表!$O9,4))), "n"), "") -> lūn | M18: =IFERROR( _xlfn.CONCAT("n", "g", "o", _xlfn.UNICHAR(HEX2DEC(RIGHT([1]調表!$O9,4))), "o"), "") -> ngōo
B19: 4 | C19: =IFERROR( _xlfn.CONCAT(D$2, IF([1]調表!$E20="", "", _xlfn.UNICHAR(HEX2DEC(RIGHT([1]調表!$E20,4))))), "") -> ǎ | D19: =IFERROR( _xlfn.CONCAT(E$2, IF([1]調表!$E20="", "", _xlfn.UNICHAR(HEX2DEC(RIGHT([1]調表!$E20,4))))), "") -> ǐ | E19: =IFERROR( _xlfn.CONCAT(F$2, IF([1]調表!$E20="", "", _xlfn.UNICHAR(HEX2DEC(RIGHT([1]調表!$E20,4))))), "") -> ǔ | F19: =IFERROR( _xlfn.CONCAT(G$2, IF([1]調表!$E20="", "", _xlfn.UNICHAR(HEX2DEC(RIGHT([1]調表!$E20,4))))), "") -> ě | G19: =IFERROR( _xlfn.CONCAT(H$2, IF([1]調表!$E20="", "", _xlfn.UNICHAR(HEX2DEC(RIGHT([1]調表!$E20,4))))), "") -> ǒ | H19: =IFERROR( _xlfn.CONCAT(I$2, IF([1]調表!$E20="", "", _xlfn.UNICHAR(HEX2DEC(RIGHT([1]調表!$E20,4))))), "") -> m̌ | I19: =IFERROR( _xlfn.CONCAT(J$2, IF([1]調表!$E20="", "", _xlfn.UNICHAR(HEX2DEC(RIGHT([1]調表!$E20,4))))), "") -> ň | L19: =IFERROR( _xlfn.CONCAT("l", "u", _xlfn.UNICHAR(HEX2DEC(RIGHT([1]調表!$O8,4))), "n"), "") -> lún | M19: =IFERROR( _xlfn.CONCAT("n", "g", "o", _xlfn.UNICHAR(HEX2DEC(RIGHT([1]調表!$O8,4))), "o"), "") -> ngóo
B20: 5 | C20: =IFERROR( _xlfn.CONCAT(D$2, IF([1]調表!$E21="", "", _xlfn.UNICHAR(HEX2DEC(RIGHT([1]調表!$E21,4))))), "") -> à | D20: =IFERROR( _xlfn.CONCAT(E$2, IF([1]調表!$E21="", "", _xlfn.UNICHAR(HEX2DEC(RIGHT([1]調表!$E21,4))))), "") -> ì | E20: =IFERROR( _xlfn.CONCAT(F$2, IF([1]調表!$E21="", "", _xlfn.UNICHAR(HEX2DEC(RIGHT([1]調表!$E21,4))))), "") -> ù | F20: =IFERROR( _xlfn.CONCAT(G$2, IF([1]調表!$E21="", "", _xlfn.UNICHAR(HEX2DEC(RIGHT([1]調表!$E21,4))))), "") -> è | G20: =IFERROR( _xlfn.CONCAT(H$2, IF([1]調表!$E21="", "", _xlfn.UNICHAR(HEX2DEC(RIGHT([1]調表!$E21,4))))), "") -> ò | H20: =IFERROR( _xlfn.CONCAT(I$2, IF([1]調表!$E21="", "", _xlfn.UNICHAR(HEX2DEC(RIGHT([1]調表!$E21,4))))), "") -> m̀ | I20: =IFERROR( _xlfn.CONCAT(J$2, IF([1]調表!$E21="", "", _xlfn.UNICHAR(HEX2DEC(RIGHT([1]調表!$E21,4))))), "") -> ǹ | L20: =IFERROR( _xlfn.CONCAT("l", "u", _xlfn.UNICHAR(HEX2DEC(RIGHT([1]調表!$O11,4))), "n"), "") -> lǔn | M20: =IFERROR( _xlfn.CONCAT("n", "g", "o", _xlfn.UNICHAR(HEX2DEC(RIGHT([1]調表!$O11,4))), "o"), "") -> ngǒo
B21: 6 | C21: =IFERROR( _xlfn.CONCAT(D$2, IF([1]調表!$E22="", "", _xlfn.UNICHAR(HEX2DEC(RIGHT([1]調表!$E22,4))))), "") -> â | D21: =IFERROR( _xlfn.CONCAT(E$2, IF([1]調表!$E22="", "", _xlfn.UNICHAR(HEX2DEC(RIGHT([1]調表!$E22,4))))), "") -> î | E21: =IFERROR( _xlfn.CONCAT(F$2, IF([1]調表!$E22="", "", _xlfn.UNICHAR(HEX2DEC(RIGHT([1]調表!$E22,4))))), "") -> û | F21: =IFERROR( _xlfn.CONCAT(G$2, IF([1]調表!$E22="", "", _xlfn.UNICHAR(HEX2DEC(RIGHT([1]調表!$E22,4))))), "") -> ê | G21: =IFERROR( _xlfn.CONCAT(H$2, IF([1]調表!$E22="", "", _xlfn.UNICHAR(HEX2DEC(RIGHT([1]調表!$E22,4))))), "") -> ô | H21: =IFERROR( _xlfn.CONCAT(I$2, IF([1]調表!$E22="", "", _xlfn.UNICHAR(HEX2DEC(RIGHT([1]調表!$E22,4))))), "") -> m̂ | I21: =IFERROR( _xlfn.CONCAT(J$2, IF([1]調表!$E22="", "", _xlfn.UNICHAR(HEX2DEC(RIGHT([1]調表!$E22,4))))), "") -> n̂ | L21: =IFERROR( _xlfn.CONCAT("l", "u", _xlfn.UNICHAR(HEX2DEC(RIGHT([1]調表!$O5,4))), "n"), "") -> lûn | M21: =IFERROR( _xlfn.CONCAT("n", "g", "o", _xlfn.UNICHAR(HEX2DEC(RIGHT([1]調表!$O5,4))), "o"), "") -> ngôo
B22: 7 | C22: =IFERROR( _xlfn.CONCAT(D$2, IF([1]調表!$E23="", "", _xlfn.UNICHAR(HEX2DEC(RIGHT([1]調表!$E23,4))))), "") -> ā | D22: =IFERROR( _xlfn.CONCAT(E$2, IF([1]調表!$E23="", "", _xlfn.UNICHAR(HEX2DEC(RIGHT([1]調表!$E23,4))))), "") -> ī | E22: =IFERROR( _xlfn.CONCAT(F$2, IF([1]調表!$E23="", "", _xlfn.UNICHAR(HEX2DEC(RIGHT([1]調表!$E23,4))))), "") -> ū | F22: =IFERROR( _xlfn.CONCAT(G$2, IF([1]調表!$E23="", "", _xlfn.UNICHAR(HEX2DEC(RIGHT([1]調表!$E23,4))))), "") -> ē | G22: =IFERROR( _xlfn.CONCAT(H$2, IF([1]調表!$E23="", "", _xlfn.UNICHAR(HEX2DEC(RIGHT([1]調表!$E23,4))))), "") -> ō | H22: =IFERROR( _xlfn.CONCAT(I$2, IF([1]調表!$E23="", "", _xlfn.UNICHAR(HEX2DEC(RIGHT([1]調表!$E23,4))))), "") -> m̄ | I22: =IFERROR( _xlfn.CONCAT(J$2, IF([1]調表!$E23="", "", _xlfn.UNICHAR(HEX2DEC(RIGHT([1]調表!$E23,4))))), "") -> n̄ | L22: =IFERROR( _xlfn.CONCAT("l", "u", _xlfn.UNICHAR(HEX2DEC(RIGHT([1]調表!$O10,4))), "n"), "") -> lún | M22: =IFERROR( _xlfn.CONCAT("n", "g", "o", _xlfn.UNICHAR(HEX2DEC(RIGHT([1]調表!$O10,4))), "o"), "") -> ngóo
B23: 8 | C23: =IFERROR( _xlfn.CONCAT(D$2, IF([1]調表!$E24="", "", _xlfn.UNICHAR(HEX2DEC(RIGHT([1]調表!$E24,4))))), "") -> á | D23: =IFERROR( _xlfn.CONCAT(E$2, IF([1]調表!$E24="", "", _xlfn.UNICHAR(HEX2DEC(RIGHT([1]調表!$E24,4))))), "") -> í | E23: =IFERROR( _xlfn.CONCAT(F$2, IF([1]調表!$E24="", "", _xlfn.UNICHAR(HEX2DEC(RIGHT([1]調表!$E24,4))))), "") -> ú | F23: =IFERROR( _xlfn.CONCAT(G$2, IF([1]調表!$E24="", "", _xlfn.UNICHAR(HEX2DEC(RIGHT([1]調表!$E24,4))))), "") -> é | G23: =IFERROR( _xlfn.CONCAT(H$2, IF([1]調表!$E24="", "", _xlfn.UNICHAR(HEX2DEC(RIGHT([1]調表!$E24,4))))), "") -> ó | H23: =IFERROR( _xlfn.CONCAT(I$2, IF([1]調表!$E24="", "", _xlfn.UNICHAR(HEX2DEC(RIGHT([1]調表!$E24,4))))), "") -> ḿ | I23: =IFERROR( _xlfn.CONCAT(J$2, IF([1]調表!$E24="", "", _xlfn.UNICHAR(HEX2DEC(RIGHT([1]調表!$E24,4))))), "") -> ń
C28: a | D28: i | E28: u | F28: e | G28: o | H28: m | I28: n | L28: o | M28: o
B29: 1 | C29: =IFERROR( _xlfn.CONCAT(D$2, IF([1]調表!$E28="", "", _xlfn.UNICHAR(HEX2DEC(RIGHT([1]調表!$E28,4))))), "") -> a | D29: =IFERROR( _xlfn.CONCAT(E$2, IF([1]調表!$E28="", "", _xlfn.UNICHAR(HEX2DEC(RIGHT([1]調表!$E28,4))))), "") -> i | E29: =IFERROR( _xlfn.CONCAT(F$2, IF([1]調表!$E28="", "", _xlfn.UNICHAR(HEX2DEC(RIGHT([1]調表!$E28,4))))), "") -> u | F29: =IFERROR( _xlfn.CONCAT(G$2, IF([1]調表!$E28="", "", _xlfn.UNICHAR(HEX2DEC(RIGHT([1]調表!$E28,4))))), "") -> e | G29: =IFERROR( _xlfn.CONCAT(H$2, IF([1]調表!$E28="", "", _xlfn.UNICHAR(HEX2DEC(RIGHT([1]調表!$E28,4))))), "") -> o | H29: =IFERROR( _xlfn.CONCAT(I$2, IF([1]調表!$E28="", "", _xlfn.UNICHAR(HEX2DEC(RIGHT([1]調表!$E28,4))))), "") -> m | I29: =IFERROR( _xlfn.CONCAT(J$2, IF([1]調表!$E28="", "", _xlfn.UNICHAR(HEX2DEC(RIGHT([1]調表!$E28,4))))), "") -> n | L29: =IFERROR( _xlfn.CONCAT("l", "o", IF([1]調表!$M4="", "", _xlfn.UNICHAR(HEX2DEC(RIGHT([1]調表!$M4,4))))), "") -> lo | M29: =IFERROR( _xlfn.CONCAT("l", "o", IF([1]調表!$M4="", "", _xlfn.UNICHAR(HEX2DEC(RIGHT([1]調表!$M4,4)))), "r", IF(OR(B29=4, B29=8), "k", "")), "") -> lor
B30: 2 | C30: =IFERROR( _xlfn.CONCAT(D$2, IF([1]調表!$M3="", "", _xlfn.UNICHAR(HEX2DEC(RIGHT([1]調表!$M3,4))))), "") | D30: =IFERROR( _xlfn.CONCAT(E$2, IF([1]調表!$M3="", "", _xlfn.UNICHAR(HEX2DEC(RIGHT([1]調表!$M3,4))))), "") | E30: =IFERROR( _xlfn.CONCAT(F$2, IF([1]調表!$M3="", "", _xlfn.UNICHAR(HEX2DEC(RIGHT([1]調表!$M3,4))))), "") | F30: =IFERROR( _xlfn.CONCAT(G$2, IF([1]調表!$M3="", "", _xlfn.UNICHAR(HEX2DEC(RIGHT([1]調表!$M3,4))))), "") | G30: =IFERROR( _xlfn.CONCAT(H$2, IF([1]調表!$M3="", "", _xlfn.UNICHAR(HEX2DEC(RIGHT([1]調表!$M3,4))))), "") | H30: =IFERROR( _xlfn.CONCAT(I$2, IF([1]調表!$M3="", "", _xlfn.UNICHAR(HEX2DEC(RIGHT([1]調表!$M3,4))))), "") | I30: =IFERROR( _xlfn.CONCAT(J$2, IF([1]調表!$M3="", "", _xlfn.UNICHAR(HEX2DEC(RIGHT([1]調表!$M3,4))))), "") | L30: =IFERROR( _xlfn.CONCAT("l", "o", IF([1]調表!$M6="", "", _xlfn.UNICHAR(HEX2DEC(RIGHT([1]調表!$M6,4))))), "") -> ló | M30: =IFERROR( _xlfn.CONCAT("l", "o", IF([1]調表!$M6="", "", _xlfn.UNICHAR(HEX2DEC(RIGHT([1]調表!$M6,4)))), "r", IF(OR(B30=4, B30=8), "k", "")), "") -> lór
B31: 3 | C31: =IFERROR( _xlfn.CONCAT(D$2, IF([1]調表!$M4="", "", _xlfn.UNICHAR(HEX2DEC(RIGHT([1]調表!$M4,4))))), "") -> a | D31: =IFERROR( _xlfn.CONCAT(E$2, IF([1]調表!$M4="", "", _xlfn.UNICHAR(HEX2DEC(RIGHT([1]調表!$M4,4))))), "") -> i | E31: =IFERROR( _xlfn.CONCAT(F$2, IF([1]調表!$M4="", "", _xlfn.UNICHAR(HEX2DEC(RIGHT([1]調表!$M4,4))))), "") -> u | F31: =IFERROR( _xlfn.CONCAT(G$2, IF([1]調表!$M4="", "", _xlfn.UNICHAR(HEX2DEC(RIGHT([1]調表!$M4,4))))), "") -> e | G31: =IFERROR( _xlfn.CONCAT(H$2, IF([1]調表!$M4="", "", _xlfn.UNICHAR(HEX2DEC(RIGHT([1]調表!$M4,4))))), "") -> o | H31: =IFERROR( _xlfn.CONCAT(I$2, IF([1]調表!$M4="", "", _xlfn.UNICHAR(HEX2DEC(RIGHT([1]調表!$M4,4))))), "") -> m | I31: =IFERROR( _xlfn.CONCAT(J$2, IF([1]調表!$M4="", "", _xlfn.UNICHAR(HEX2DEC(RIGHT([1]調表!$M4,4))))), "") -> n | L31: =IFERROR( _xlfn.CONCAT("l", "o", IF([1]調表!$M7="", "", _xlfn.UNICHAR(HEX2DEC(RIGHT([1]調表!$M7,4))))), "") -> lò | M31: =IFERROR( _xlfn.CONCAT("l", "o", IF([1]調表!$M7="", "", _xlfn.UNICHAR(HEX2DEC(RIGHT([1]調表!$M7,4)))), "r", IF(OR(B31=4, B31=8), "k", "")), "") -> lòr
B32: 4 | C32: =IFERROR( _xlfn.CONCAT(D$2, IF([1]調表!$M6="", "", _xlfn.UNICHAR(HEX2DEC(RIGHT([1]調表!$M6,4))))), "") -> á | D32: =IFERROR( _xlfn.CONCAT(E$2, IF([1]調表!$M6="", "", _xlfn.UNICHAR(HEX2DEC(RIGHT([1]調表!$M6,4))))), "") -> í | E32: =IFERROR( _xlfn.CONCAT(F$2, IF([1]調表!$M6="", "", _xlfn.UNICHAR(HEX2DEC(RIGHT([1]調表!$M6,4))))), "") -> ú | F32: =IFERROR( _xlfn.CONCAT(G$2, IF([1]調表!$M6="", "", _xlfn.UNICHAR(HEX2DEC(RIGHT([1]調表!$M6,4))))), "") -> é | G32: =IFERROR( _xlfn.CONCAT(H$2, IF([1]調表!$M6="", "", _xlfn.UNICHAR(HEX2DEC(RIGHT([1]調表!$M6,4))))), "") -> ó | H32: =IFERROR( _xlfn.CONCAT(I$2, IF([1]調表!$M6="", "", _xlfn.UNICHAR(HEX2DEC(RIGHT([1]調表!$M6,4))))), "") -> ḿ | I32: =IFERROR( _xlfn.CONCAT(J$2, IF([1]調表!$M6="", "", _xlfn.UNICHAR(HEX2DEC(RIGHT([1]調表!$M6,4))))), "") -> ń | L32: =IFERROR( _xlfn.CONCAT("l", "o", IF([1]調表!$M8="", "", _xlfn.UNICHAR(HEX2DEC(RIGHT([1]調表!$M8,4)))), "k"), "") -> lók | M32: =IFERROR( _xlfn.CONCAT("l", "o", IF([1]調表!$M8="", "", _xlfn.UNICHAR(HEX2DEC(RIGHT([1]調表!$M8,4)))), "r", IF(OR(B32=4, B32=8), "k", "")), "") -> lórk
B33: 5 | C33: =IFERROR( _xlfn.CONCAT(D$2, IF([1]調表!$M7="", "", _xlfn.UNICHAR(HEX2DEC(RIGHT([1]調表!$M7,4))))), "") -> à | D33: =IFERROR( _xlfn.CONCAT(E$2, IF([1]調表!$M7="", "", _xlfn.UNICHAR(HEX2DEC(RIGHT([1]調表!$M7,4))))), "") -> ì | E33: =IFERROR( _xlfn.CONCAT(F$2, IF([1]調表!$M7="", "", _xlfn.UNICHAR(HEX2DEC(RIGHT([1]調表!$M7,4))))), "") -> ù | F33: =IFERROR( _xlfn.CONCAT(G$2, IF([1]調表!$M7="", "", _xlfn.UNICHAR(HEX2DEC(RIGHT([1]調表!$M7,4))))), "") -> è | G33: =IFERROR( _xlfn.CONCAT(H$2, IF([1]調表!$M7="", "", _xlfn.UNICHAR(HEX2DEC(RIGHT([1]調表!$M7,4))))), "") -> ò | H33: =IFERROR( _xlfn.CONCAT(I$2, IF([1]調表!$M7="", "", _xlfn.UNICHAR(HEX2DEC(RIGHT([1]調表!$M7,4))))), "") -> m̀ | I33: =IFERROR( _xlfn.CONCAT(J$2, IF([1]調表!$M7="", "", _xlfn.UNICHAR(HEX2DEC(RIGHT([1]調表!$M7,4))))), "") -> ǹ | L33: =IFERROR( _xlfn.CONCAT("l", "o", IF([1]調表!$M9="", "", _xlfn.UNICHAR(HEX2DEC(RIGHT([1]調表!$M9,4))))), "") -> lǒ | M33: =IFERROR( _xlfn.CONCAT("l", "o", IF([1]調表!$M9="", "", _xlfn.UNICHAR(HEX2DEC(RIGHT([1]調表!$M9,4)))), "r", IF(OR(B33=4, B33=8), "k", "")), "") -> lǒr
B34: 6 | C34: =IFERROR( _xlfn.CONCAT(D$2, IF([1]調表!$M8="", "", _xlfn.UNICHAR(HEX2DEC(RIGHT([1]調表!$M8,4))))), "") -> á | D34: =IFERROR( _xlfn.CONCAT(E$2, IF([1]調表!$M8="", "", _xlfn.UNICHAR(HEX2DEC(RIGHT([1]調表!$M8,4))))), "") -> í | E34: =IFERROR( _xlfn.CONCAT(F$2, IF([1]調表!$M8="", "", _xlfn.UNICHAR(HEX2DEC(RIGHT([1]調表!$M8,4))))), "") -> ú | F34: =IFERROR( _xlfn.CONCAT(G$2, IF([1]調表!$M8="", "", _xlfn.UNICHAR(HEX2DEC(RIGHT([1]調表!$M8,4))))), "") -> é | G34: =IFERROR( _xlfn.CONCAT(H$2, IF([1]調表!$M8="", "", _xlfn.UNICHAR(HEX2DEC(RIGHT([1]調表!$M8,4))))), "") -> ó | H34: =IFERROR( _xlfn.CONCAT(I$2, IF([1]調表!$M8="", "", _xlfn.UNICHAR(HEX2DEC(RIGHT([1]調表!$M8,4))))), "") -> ḿ | I34: =IFERROR( _xlfn.CONCAT(J$2, IF([1]調表!$M8="", "", _xlfn.UNICHAR(HEX2DEC(RIGHT([1]調表!$M8,4))))), "") -> ń | L34: =IFERROR( _xlfn.CONCAT("l", "o", IF([1]調表!$M11="", "", _xlfn.UNICHAR(HEX2DEC(RIGHT([1]調表!$M11,4))))), "") -> ló | M34: =IFERROR( _xlfn.CONCAT("l", "o", IF([1]調表!$M11="", "", _xlfn.UNICHAR(HEX2DEC(RIGHT([1]調表!$M11,4)))), "r", IF(OR(B34=4, B34=8), "k", "")), "") -> lór
B35: 7 | C35: =IFERROR( _xlfn.CONCAT(D$2, IF([1]調表!$M9="", "", _xlfn.UNICHAR(HEX2DEC(RIGHT([1]調表!$M9,4))))), "") -> ǎ | D35: =IFERROR( _xlfn.CONCAT(E$2, IF([1]調表!$M9="", "", _xlfn.UNICHAR(HEX2DEC(RIGHT([1]調表!$M9,4))))), "") -> ǐ | E35: =IFERROR( _xlfn.CONCAT(F$2, IF([1]調表!$M9="", "", _xlfn.UNICHAR(HEX2DEC(RIGHT([1]調表!$M9,4))))), "") -> ǔ | F35: =IFERROR( _xlfn.CONCAT(G$2, IF([1]調表!$M9="", "", _xlfn.UNICHAR(HEX2DEC(RIGHT([1]調表!$M9,4))))), "") -> ě | G35: =IFERROR( _xlfn.CONCAT(H$2, IF([1]調表!$M9="", "", _xlfn.UNICHAR(HEX2DEC(RIGHT([1]調表!$M9,4))))), "") -> ǒ | H35: =IFERROR( _xlfn.CONCAT(I$2, IF([1]調表!$M9="", "", _xlfn.UNICHAR(HEX2DEC(RIGHT([1]調表!$M9,4))))), "") -> m̌ | I35: =IFERROR( _xlfn.CONCAT(J$2, IF([1]調表!$M9="", "", _xlfn.UNICHAR(HEX2DEC(RIGHT([1]調表!$M9,4))))), "") -> ň | L35: =IFERROR( _xlfn.CONCAT("l", "o", IF([1]調表!$M5="", "", _xlfn.UNICHAR(HEX2DEC(RIGHT([1]調表!$M5,4))))), "") -> lō | M35: =IFERROR( _xlfn.CONCAT("l", "o", IF([1]調表!$M5="", "", _xlfn.UNICHAR(HEX2DEC(RIGHT([1]調表!$M5,4)))), "r", IF(OR(B35=4, B35=8), "k", "")), "") -> lōr
B36: 8 | C36: =IFERROR( _xlfn.CONCAT(D$2, IF([1]調表!$M11="", "", _xlfn.UNICHAR(HEX2DEC(RIGHT([1]調表!$M11,4))))), "") -> á | D36: =IFERROR( _xlfn.CONCAT(E$2, IF([1]調表!$M11="", "", _xlfn.UNICHAR(HEX2DEC(RIGHT([1]調表!$M11,4))))), "") -> í | E36: =IFERROR( _xlfn.CONCAT(F$2, IF([1]調表!$M11="", "", _xlfn.UNICHAR(HEX2DEC(RIGHT([1]調表!$M11,4))))), "") -> ú | F36: =IFERROR( _xlfn.CONCAT(G$2, IF([1]調表!$M11="", "", _xlfn.UNICHAR(HEX2DEC(RIGHT([1]調表!$M11,4))))), "") -> é | G36: =IFERROR( _xlfn.CONCAT(H$2, IF([1]調表!$M11="", "", _xlfn.UNICHAR(HEX2DEC(RIGHT([1]調表!$M11,4))))), "") -> ó | H36: =IFERROR( _xlfn.CONCAT(I$2, IF([1]調表!$M11="", "", _xlfn.UNICHAR(HEX2DEC(RIGHT([1]調表!$M11,4))))), "") -> ḿ | I36: =IFERROR( _xlfn.CONCAT(J$2, IF([1]調表!$M11="", "", _xlfn.UNICHAR(HEX2DEC(RIGHT([1]調表!$M11,4))))), "") -> ń | L36: =IFERROR( _xlfn.CONCAT("l", "o", IF([1]調表!$M10="", "", _xlfn.UNICHAR(HEX2DEC(RIGHT([1]調表!$M10,4)))), "k"), "") -> lo̍k | M36: =IFERROR( _xlfn.CONCAT("l", "o", IF([1]調表!$M10="", "", _xlfn.UNICHAR(HEX2DEC(RIGHT([1]調表!$M10,4)))), "r", IF(OR(B36=4, B36=8), "k", "")), "") -> lo̍rk

Sheet 調號
B2: 調號 | C2: 上標值
B3: 1 | C3: ¹
B4: 2 | C4: ²
B5: 3 | C5: ³
B6: 4 | C6: ⁴
B7: 5 | C7: ⁵
B8: 6 | C8: ⁶
B9: 7 | C9: ⁷
B10: 8 | C10: ⁸
B11: 9 | C11: ⁹
B12: 0 | C12: ⁰

Sheet HEX數值
B2: Unicode 編碼 | C2: 拼音字母 | D2: 組合結果 | E2: 註釋 | G2: 十進制編碼 | H2: Unicode 編碼 | J2: 陰上（二聲） | K2: ́ (U+0301) | L2: =FIND("(",$K2) -> 3 | M2: =FIND(")",$K2) -> 10 | N2: =MID(K2,L2+1,M2-L2-1) -> U+0301 | O2: =FIND("（",$J2) -> 3 | P2: =FIND("）",$J2) -> 6 | Q2: =MID(J2,O2+1,2) -> 二聲 | R2: =Q2 & "（" & LEFT(J2,2) & "）" -> 二聲（陰上）
B3: U+0303 | C3: a | D3: =_xlfn.CONCAT(C3,_xlfn.UNICHAR(HEX2DEC(RIGHT(B3,4)))) -> ã | G3: 771 | H3: ="U+" & DEC2HEX(G3,4) -> U+0303 | J3: 陰去（三聲） | K3: ̀ (U+0300) | L3: =FIND("(",$K3) -> 3 | M3: =FIND(")",$K3) -> 10 | N3: =MID(K3,L3+1,M3-L3-1) -> U+0300 | O3: =FIND("（",$J3) -> 3 | P3: =FIND("）",$J3) -> 6 | Q3: =MID(J3,O3+1,2) -> 三聲 | R3: =Q3 & "（" & LEFT(J3,2) & "）" -> 三聲（陰去）
B4: U+0294 | C4: a | D4: =_xlfn.CONCAT(C4,_xlfn.UNICHAR(HEX2DEC(RIGHT(B4,4)))) -> aʔ | G4: 660 | H4: ="U+" & DEC2HEX(G4,4) -> U+0294 | J4: 陽平（五聲） | K4: ̂ (U+0302) | L4: =FIND("(",$K4) -> 3 | M4: =FIND(")",$K4) -> 10 | N4: =MID(K4,L4+1,M4-L4-1) -> U+0302 | O4: =FIND("（",$J4) -> 3 | P4: =FIND("）",$J4) -> 6 | Q4: =MID(J4,O4+1,2) -> 五聲 | R4: =Q4 & "（" & LEFT(J4,2) & "）" -> 五聲（陽平）
B5: U+0358 | C5: o | D5: =_xlfn.CONCAT(C5,_xlfn.UNICHAR(HEX2DEC(RIGHT(B5,4)))) -> o͘ | G5: 856 | H5: ="U+" & DEC2HEX(G5,4) -> U+0358 | J5: 陽上（六聲） | K5: ̌ (U+030C) | L5: =FIND("(",$K5) -> 3 | M5: =FIND(")",$K5) -> 10 | N5: =MID(K5,L5+1,M5-L5-1) -> U+030C | O5: =FIND("（",$J5) -> 3 | P5: =FIND("）",$J5) -> 6 | Q5: =MID(J5,O5+1,2) -> 六聲 | R5: =Q5 & "（" & LEFT(J5,2) & "）" -> 六聲（陽上）
J6: 陽去（七聲） | K6: ̄ (U+0304) | L6: =FIND("(",$K6) -> 3 | M6: =FIND(")",$K6) -> 10 | N6: =MID(K6,L6+1,M6-L6-1) -> U+0304 | O6: =FIND("（",$J6) -> 3 | P6: =FIND("）",$J6) -> 6 | Q6: =MID(J6,O6+1,2) -> 七聲 | R6: =Q6 & "（" & LEFT(J6,2) & "）" -> 七聲（陽去）
B7: 台羅調符 | J7: 陽入（八聲） | K7: ̍h (U+030D) | L7: =FIND("(",$K7) -> 4 | M7: =FIND(")",$K7) -> 11 | N7: =MID(K7,L7+1,M7-L7-1) -> U+030D | O7: =FIND("（",$J7) -> 3 | P7: =FIND("）",$J7) -> 6 | Q7: =MID(J7,O7+1,2) -> 八聲 | R7: =Q7 & "（" & LEFT(J7,2) & "）" -> 八聲（陽入）
J8: （九聲） | K8: ̋ (U+030B) | L8: =FIND("(",$K8) -> 3 | M8: =FIND(")",$K8) -> 10 | N8: =MID(K8,L8+1,M8-L8-1) -> U+030B | O8: =FIND("（",$J8) -> 1 | P8: =FIND("）",$J8) -> 4 | Q8: =MID(J8,O8+1,2) -> 九聲
B9: Unicode 編碼 | C9: 拼音字母 | D9: 組合結果 | E9: 註釋
B10: U+0301 | C10: a | D10: =_xlfn.CONCAT(C10,_xlfn.UNICHAR(HEX2DEC(RIGHT(B10,4)))) -> á | E10: 二聲（陰上）
B11: U+0300 | C11: a | D11: =_xlfn.CONCAT(C11,_xlfn.UNICHAR(HEX2DEC(RIGHT(B11,4)))) -> à | E11: 三聲（陰去）
B12: U+0302 | C12: a | D12: =_xlfn.CONCAT(C12,_xlfn.UNICHAR(HEX2DEC(RIGHT(B12,4)))) -> â | E12: 五聲（陽平）
B13: U+030C | C13: a | D13: =_xlfn.CONCAT(C13,_xlfn.UNICHAR(HEX2DEC(RIGHT(B13,4)))) -> ǎ | E13: 六聲（陽上）
B14: U+0304 | C14: a | D14: =_xlfn.CONCAT(C14,_xlfn.UNICHAR(HEX2DEC(RIGHT(B14,4)))) -> ā | E14: 七聲（陽去）
B15: U+030D | C15: a | D15: =_xlfn.CONCAT(C15,_xlfn.UNICHAR(HEX2DEC(RIGHT(B15,4)))) -> a̍ | E15: 八聲（陽入）
B16: U+030B | C16: a | D16: =_xlfn.CONCAT(C16,_xlfn.UNICHAR(HEX2DEC(RIGHT(B16,4)))) -> a̋ | E16: 陽入（八聲）
B17: U+030B | C17: a | D17: =_xlfn.CONCAT(C17,_xlfn.UNICHAR(HEX2DEC(RIGHT(B17,4)))) -> a̋ | E17: 九聲

Sheet DEC數值
A1: Unicode字元 | B1: DEC | C1: Unicode 編碼
A2: á | B2: =_xlfn.UNICODE(A2) -> 225 | C2: ="U+" & DEC2HEX(B2,4) -> U+00E1
A3: ô | B3: =_xlfn.UNICODE(A3) -> 244 | C3: ="U+" & DEC2HEX(B3,4) -> U+00F4
A4: o͘ | B4: =_xlfn.UNICODE(A4) -> 111 | C4: ="U+" & DEC2HEX(B4,4) -> U+006F
A5: ㄥ | B5: =_xlfn.UNICODE(A5) -> 12581 | C5: ="U+" & DEC2HEX(B5,4) -> U+3125
A6: ㆭ | B6: =_xlfn.UNICODE(A6) -> 12717 | C6: ="U+" & DEC2HEX(B6,4) -> U+31AD
A7: ə | B7: =_xlfn.UNICODE(A7) -> 601 | C7: ="U+" & DEC2HEX(B7,4) -> U+0259
A8: ŋ | B8: =_xlfn.UNICODE(A8) -> 331 | C8: ="U+" & DEC2HEX(B8,4) -> U+014B
A13: əŋ | B13: ㄥ
A14: ŋ̍ | B14: ㆭ

Sheet 鼻音韻母
B3: Unicode 編碼 | C3: 拼音字母 | D3: 組合結果 | J3: aɪʔ
B4: U+0303 | C4: i | D4: =_xlfn.CONCAT(C4,_xlfn.UNICHAR(HEX2DEC(RIGHT(B4,4)))) -> ĩ
B5: U+0303 | C5: a | D5: =_xlfn.CONCAT(C5,_xlfn.UNICHAR(HEX2DEC(RIGHT(B5,4)))) -> ã
B6: U+0303 | C6: u | D6: =_xlfn.CONCAT(C6,_xlfn.UNICHAR(HEX2DEC(RIGHT(B6,4)))) -> ũ
C8: 韻母標音 | D8: 完整格式 | E8: 簡要格式
C9: i | D9: =D4 -> ĩ | E9: =D9 -> ĩ | G9: =D9 & ", " & D10 & ", " & D11 -> ĩ, ĩã, ĩãũ
C10: ia | D10: =_xlfn.CONCAT(D4,D5) -> ĩã | E10: =_xlfn.CONCAT("i",D5) -> iã | G10: =D10 & ", " & E10 & ", " & E11 -> ĩã, iã, iãu
C11: iau | D11: =_xlfn.CONCAT(D9,D5,D6) -> ĩãũ | E11: =_xlfn.CONCAT("i",D5,"u") -> iãu

Sheet 字元
A1: Unicode字元 | B1: DEC | C1: Unicode 編碼 | D1: 附註
A2: ʔ | B2: =_xlfn.UNICODE(A2) -> 660 | C2: ="U+" & DEC2HEX(B2,4) -> U+0294 | D2: 入聲韻尾 h | G2: ap̚ | H2: =RIGHT(G2) -> ̚
A3: ̚ | B3: =_xlfn.UNICODE(A3) -> 794 | C3: ="U+" & DEC2HEX(B3,4) -> U+031A | D3: ="入聲韻尾 " & RIGHT(G2,2) -> 入聲韻尾 p̚ | G3: aʔ | H3: =RIGHT(G3) -> ʔ
A4: ̃ | B4: =_xlfn.UNICODE(A4) -> 771 | C4: ="U+" & DEC2HEX(B4,4) -> U+0303 | D4: ="鼻音韻母 " & G4 -> 鼻音韻母 ã | G4: ã | H4: =RIGHT(G4) -> ̃
A5: ʊ | B5: =_xlfn.UNICODE(A5) -> 650 | C5: ="U+" & DEC2HEX(B5,4) -> U+028A | G5: aʊ | H5: =RIGHT(G5) -> ʊ
A6: ɪ | B6: =_xlfn.UNICODE(A6) -> 618 | C6: ="U+" & DEC2HEX(B6,4) -> U+026A | G6: aɪ | H6: =RIGHT(G6) -> ɪ
A7: ŋ | B7: =_xlfn.UNICODE(A7) -> 331 | C7: ="U+" & DEC2HEX(B7,4) -> U+014B
A8: ə | B8: =_xlfn.UNICODE(A8) -> 601 | C8: ="U+" & DEC2HEX(B8,4) -> U+0259
A9: ɛ | B9: =_xlfn.UNICODE(A9) -> 603 | C9: ="U+" & DEC2HEX(B9,4) -> U+025B | G9: əŋ | H9: ㄥ
A10: ɔ | B10: =_xlfn.UNICODE(A10) -> 596 | C10: ="U+" & DEC2HEX(B10,4) -> U+0254 | G10: ŋ̍ | H10: ㆭ
A11: m̩ | B11: =_xlfn.UNICODE(A11) -> 109 | C11: ="U+" & DEC2HEX(B11,4) -> U+006D
A12: ŋ̍ | B12: =_xlfn.UNICODE(A12) -> 331 | C12: ="U+" & DEC2HEX(B12,4) -> U+014B
A13: ⁿ | B13: =_xlfn.UNICODE(A13) -> 8319 | C13: ="U+" & DEC2HEX(B13,4) -> U+207F
A16: ㄥ | B16: =_xlfn.UNICODE(A16) -> 12581 | C16: ="U+" & DEC2HEX(B16,4) -> U+3125
A17: ㆭ | B17: =_xlfn.UNICODE(A17) -> 12717 | C17: ="U+" & DEC2HEX(B17,4) -> U+31AD
