Workbook
Name 切語上字: 切語上字表!$H$2:$H$42

Sheet 查詢
B2: 反切： | C2: 戶吳 | G2: 標音： | H2: =_xlfn.CONCAT(C5, C8, C10) -> hoo1 | K2: =_xlfn.CONCAT(H4, "遇", H7, N7:N7) -> 匣遇模一 | Q2: 漢字 | R2: 切語 | S2: 台語音標
Q3: 阻 | R3: 側呂 | S3: zu7
B4: 上字： | C4: =LEFT(TRIM($C$2),1) -> 戶 | D4: =MATCH(E4, 切語上字表[切語上字集], 0) -> 37 | E4: =_xlfn.CONCAT("*", C4, "*") -> *戶* | G4: 【聲】： | H4: {=INDEX(切語上字表[聲母], 查詢!$D$4)} -> 匣 | J4: 清濁： | K4: {=INDEX(反切上字表[清濁], 查詢!$D$4)} -> 全清 | M4: =IF( RIGHT(K4)="清", "陰", "陽" ) -> 陰 | Q4: 阻 | R4: 莊助 | S4: zu7
B5: 聲母： | C5: {=INDEX(切語上字表[聲母標音], 查詢!$D$4)} -> h | Q5: 是 | R5: 承旨 | S5: si7
Q6: 上 | R6: 時掌 | S6: siong7 | T6: siang7
B7: 下字： | C7: =RIGHT(TRIM($C$2),1) -> 吳 | D7: =MATCH(E7, 切語下字表[切語下字集], 0) -> 47 | E7: =_xlfn.CONCAT("*", C7, "*") -> *吳* | G7: 【韻】： | H7: {=INDEX(切語下字表[韻母], $D$7)} -> 模 | J7: 攝： | K7: {=INDEX(切語下字表[攝], $D$7)} -> 遇 | M7: 等第： | N7: {=TEXT(INDEX(切語下字表[等], $D$7), "[DBNum1]")} -> 一 | Q7: 五 | R7: 疑古 | S7: goo2 | T7: ngoo2
B8: 韻母： | C8: {=INDEX(切語下字表[韻母標音], $D$7)} -> oo | J8: 韻系： | K8: {=INDEX(切語下字表[韻系], $D$7)} -> 模 | M8: 開合： | N8: {=INDEX(切語下字表[呼], $D$7)} -> 開 | Q8: 米 | R8: 莫禮 | S8: me2 | T8: bi2
M9: 四聲： | N9: {=INDEX(切語下字表[四聲], $D$7)} -> 平
B10: 調號： | C10: =IF(K10 <> "陽上", _xlfn.XLOOKUP(K10, 反切規則表!M2:M9, 反切規則表!N2:N9, "調值有錯！"), IF( K4 = "全濁", 7, 2) ) -> 1 | G10: 【調】： | H10: =_xlfn.CONCAT( RIGHT(K4), N9) -> 清平 | J10: 八音： | K10: =_xlfn.CONCAT(M4,N9) -> 陰平

Sheet 反切規則表
K2: 陰 | L2: 平 | M2: =_xlfn.CONCAT($K$2, L2) -> 陰平 | N2: 1 | P2: 聲母 | Q2: 清濁 | R2: 陽上轉調 | S2: 調號
L3: 上 | M3: =_xlfn.CONCAT($K$2, L3) -> 陰上 | N3: 2 | P3: 群 | Q3: 全濁 | R3: 陽去 | S3: 7
L4: 去 | M4: =_xlfn.CONCAT($K$2, L4) -> 陰去 | N4: 3 | P4: 定 | Q4: 全濁 | R4: 陽去 | S4: 7
L5: 入 | M5: =_xlfn.CONCAT($K$2, L5) -> 陰入 | N5: 4 | P5: 澄 | Q5: 全濁 | R5: 陽去 | S5: 7
K6: 陽 | L6: 平 | M6: =_xlfn.CONCAT($K$6, L6) -> 陽平 | N6: 5 | P6: 並 | Q6: 全濁 | R6: 陽去 | S6: 7
L7: 上 | M7: =_xlfn.CONCAT($K$6, L7) -> 陽上 | N7: 6 | P7: 奉 | Q7: 全濁 | R7: 陽去 | S7: 7
L8: 去 | M8: =_xlfn.CONCAT($K$6, L8) -> 陽去 | N8: 7 | P8: 從 | Q8: 全濁 | R8: 陽去 | S8: 7
L9: 入 | M9: =_xlfn.CONCAT($K$6, L9) -> 陽入 | N9: 8 | P9: 邪 | Q9: 全濁 | R9: 陽去 | S9: 7
P10: 牀 | Q10: 全濁 | R10: 陽去 | S10: 7
P11: 神 | Q11: 全濁 | R11: 陽去 | S11: 7
P12: 禪 | Q12: 全濁 | R12: 陽去 | S12: 7
P13: 匣 | Q13: 全濁 | R13: 陽去 | S13: 7
P14: 泥 | Q14: 次濁 | R14: 陰上 | S14: 2
P15: 孃 | Q15: 次濁 | R15: 陰上 | S15: 3
P16: 明 | Q16: 次濁 | R16: 陰上 | S16: 4
P17: 微 | Q17: 次濁 | R17: 陰上 | S17: 5
P18: 為 | Q18: 次濁 | R18: 陰上 | S18: 6
P19: 喻 | Q19: 次濁 | R19: 陰上 | S19: 7
P20: 來 | Q20: 次濁 | R20: 陰上 | S20: 8
P21: 日 | Q21: 次濁 | R21: 陰上 | S21: 9

Sheet 陽上轉調規則
B2: 上字聲母類型 | C2: 演變路徑 | D2: 最終調號 (漳/廈/台) | E2: 備註
B3: 全濁 (並定從群...) | C3: 濁上變去 | D3: 7 (陽去) | E3: 此規律最為整齊
B4: 次濁 (明泥來疑...) | C4: 陽上併陰上 | D4: 2 (陰上) | E4: 泉州腔多保留 6

Sheet 工作表1
A1: 序號 | B1: 發音部位 | C1: 聲類 | D1: 清濁 | E1: 發收送 | F1: 聲母擬音 | H1: 反切上字 | I1: 原序號
A2: 1 | B2: 牙音 | C2: 見 | D2: 全清 | E2: 發聲 | F2: k | H2: 居九俱舉規吉紀几古公過各格兼姑佳詭乖 | I2: 17
A3: 2 | B3: 牙音 | C3: 溪 | D3: 次清 | E3: 送氣 | F3: kh | H3: 康枯牽空謙口楷客恪苦去丘墟袪詰窺羌欽傾起綺豈區驅曲可乞棄卿弃 | I3: 18
A4: 3 | B4: 牙音 | C4: 群 | D4: 全濁 | F4: kh | H4: 渠強求巨具臼衢其奇暨跪近狂 | I4: 19
A5: 4 | B5: 牙音 | C5: 疑 | D5: 次濁 | E5: 收聲 | F5: g | H5: 疑魚牛語宜擬危五玉俄吾研遇虞愚 | I5: 20
A6: 5 | B6: 舌頭音 | C6: 端 | D6: 全清 | E6: 發聲 | F6: t | H6: 多德得丁都當冬 | I6: 9
A7: 6 | B7: 舌頭音 | C7: 透 | D7: 次清 | E7: 送氣 | F7: th | H7: 他託土吐通天台湯 | I7: 10
A8: 7 | B8: 舌頭音 | C8: 定 | D8: 全濁 | F8: t | H8: 徒同特度杜唐堂田陀地 | I8: 11
A9: 8 | B9: 舌頭音 | C9: 泥 | D9: 次濁 | E9: 收聲 | F9: n | H9: 奴乃諾內嬭妳那 | I9: 12
A10: 9 | B10: 舌上音 | C10: 知 | D10: 全清 | E10: 發聲 | F10: t | H10: 知張豬徵中追陟卓竹珍 | I10: 13
A11: 10 | B11: 舌上音 | C11: 徹 | D11: 次清 | E11: 送氣 | F11: th | H11: 抽癡楮褚丑恥敕 | I11: 14
A12: 11 | B12: 舌上音 | C12: 澄 | D12: 全濁 | F12: t | H12: 除場池治持遲＊佇柱丈直宅墜馳 | I12: 15
A13: 12 | B13: 舌上音 | C13: 娘 | D13: 次濁 | E13: 收聲 | F13: n | H13: 尼拏女穠 | I13: 16
A14: 13 | B14: 重脣音 | C14: 幫 | D14: 全清 | E14: 發聲 | F14: p | H14: 邊布補伯百北博巴卑并鄙必彼兵筆陂畀晡 | I14: 1
A15: 14 | B15: 重脣音 | C15: 滂 | D15: 次清 | E15: 送氣 | F15: ph | H15: 滂普匹譬披丕 | I15: 2
A16: 15 | B16: 重脣音 | C16: 並 | D16: 全濁 | F16: p | H16: 蒲步裴薄白傍部平皮便毗弼婢簿捕 | I16: 3
A17: 16 | B17: 重脣音 | C17: 明 | D17: 次濁 | E17: 收聲 | F17: m | H17: 莫慕模謨摸母明彌眉綿靡美 | I17: 4
A18: 17 | B18: 輕脣音 | C18: 非 | D18: 全清 | E18: 發聲 | F18: h | H18: 方封分府甫 | I18: 5
A19: 18 | B19: 輕脣音 | C19: 敷 | D19: 次清 | E19: 送氣 | F19: h | H19: 敷孚妃撫芳峰拂 | I19: 6
A20: 19 | B20: 輕脣音 | C20: 奉 | D20: 全濁 | F20: h | H20: 房防縛附符苻扶馮浮父 | I20: 7
A21: 20 | B21: 輕脣音 | C21: 微 | D21: 次濁 | E21: 收聲 | F21: b | H21: 巫無亡武文望 | I21: 8
A22: 21 | B22: 齒頭音 | C22: 精 | D22: 全清 | E22: 發聲 | F22: z | H22: 將子資即則借茲醉姊遵祖臧作＊ | I22: 21
A23: 22 | B23: 齒頭音 | C23: 清 | D23: 次清 | E23: 送氣 | F23: c | H23: 倉蒼親遷取七青采醋麁麤千此雌 | I23: 22
A24: 23 | B24: 齒頭音 | C24: 從 | D24: 全濁 | F24: z | H24: 才徂在前藏昨酢疾秦匠慈自情漸 | I24: 23
A25: 24 | B25: 齒頭音 | C25: 心 | D25: 全清 | E25: 送氣 | F25: s | H25: 蘇素速桑相悉思司斯私雖辛息須胥先寫 | I25: 24
A26: 25 | B26: 齒頭音 | C26: 邪 | D26: 全濁 | E26: 送氣 | F26: s | H26: 徐祥詳辭＊辞似旬寺夕隨 | I26: 25
A27: 26 | B27: 正齒近齒頭 | C27: 莊 | D27: 全清 | E27: 發聲 | F27: z | H27: 莊爭阻鄒簪側仄 | I27: 31
A28: 27 | B28: 正齒近齒頭 | C28: 初 | D28: 次清 | E28: 送氣 | F28: c | H28: 初楚創瘡測叉廁芻 | I28: 32
A29: 28 | B29: 正齒近齒頭 | C29: 床 | D29: 全濁 | F29: z | H29: 床鋤鉏豺崱士仕崇查俟助雛 | I29: 33
A30: 29 | B30: 正齒近齒頭 | C30: 疏 | D30: 全濁 | E30: 送氣 | F30: s | H30: 疏山沙砂生色數所史 | I30: 34
A31: 30 | B31: 正齒近舌上 | C31: 照 | D31: 全清 | E31: 發聲 | F31: z | H31: 之止章征諸煮支職正旨占脂 | I31: 26
A32: 31 | B32: 正齒近舌上 | C32: 穿 | D32: 次清 | E32: 送氣 | F32: c | H32: 昌尺赤充處叱春姝 | I32: 27
A33: 32 | B33: 正齒近舌上 | C33: 神 | D33: 全濁 | E33: 送氣 | F33: s | H33: 神乘食實 | I33: 28
A34: 33 | B34: 正齒近舌上 | C34: 審 | D34: 全清 | E34: 送氣 | F34: s | H34: 書舒傷商施失矢試式識賞詩釋始 | I34: 29
A35: 34 | B35: 正齒近舌上 | C35: 禪 | D35: 全濁 | E35: 送氣 | F35: s | H35: 時殊嘗常蜀市植殖寔署臣是氏視成 | I35: 30
A36: 35 | B36: 喉音 | C36: 影 | D36: 全清 | E36: 發聲 | F36: Ø | H36: 於央憶伊衣依憂一乙握謁紆挹烏哀安烟鷖愛委 | I36: 35
A37: 36 | B37: 喉音 | C37: 曉 | D37: 次清 | E37: 送氣 | F37: h | H37: 呼荒虎馨火海呵香朽羲休況許興喜虛花 | I37: 36
A38: 37 | B38: 喉音 | C38: 匣 | D38: 全濁 | E38: 送氣 | F38: h | H38: 胡乎侯戶下黃何獲懷 | I38: 37
A39: 38 | B39: 喉音 | C39: 為 | D39: 次濁 | E39: 發聲 | F39: Ø | H39: 于羽雨雲云王韋永有薳為洧筠＊ | I39: 39
A40: 39 | B40: 喉音 | C40: 喻 | D40: 次濁 | E40: 發聲 | F40: Ø | H40: 余餘予夷以羊弋翼與營移悅 | I40: 38
A41: 40 | B41: 半舌 | C41: 來 | D41: 次濁 | E41: 收聲 | F41: l | H41: 來盧賴洛落勒力林呂良離里郎魯練縷連 | I41: 40
A42: 41 | B42: 半齒 | C42: 日 | D42: 次濁 | E42: 收聲 | F42: j | H42: 如汝儒人而仍兒耳 | I42: 41

Sheet 廣韻三十八聲母
A1: 今名 | C1: 古名
A2: 發音部位 | B2: 發音方法 | C2: 分類 | E2: 全清 | F2: 次清 | G2: 全濁 | H2: 次濁
E3: （不送氣清音） | F3: （送氣清音） | G3: （濁音） | H3: （響輔音）
A4: 雙唇 | B4: 塞、鼻音 | C4: 唇音 | E4: 幫 | F4: 滂 | G4: 並 | H4: 明
E5: [p] | F5: [pʰ] | G5: [b] | H5: [m]
A6: 齒齦 | B6: 邊近音 | C6: 半舌音 | G6: 來
G7: [l]
B8: 塞、鼻音 | C8: 舌音 | D8: 舌頭音 | E8: 端 | F8: 透 | G8: 定 | H8: 泥
E9: [t] | F9: [tʰ] | G9: [d] | H9: [n]
A10: 捲舌／ 齦顎[b] | B10: 塞、鼻音 | D10: 舌上音 | E10: 知 | F10: 徹 | G10: 澄 | H10: 娘
E11: [ʈ]／[ȶ] | F11: [ʈʰ]／[ȶʰ] | G11: [ɖ]／[ȡ] | H11: [ɳ]／[ȵ]
A12: 齒齦 | B12: 有噝塞擦音 | C12: 齒音 | D12: 齒頭音 | E12: 精 | F12: 清 | G12: 從
E13: [t͡s] | F13: [t͡sʰ] | G13: [d͡z]
B14: 有噝擦音 | E14: 心 | G14: 邪
E15: [s] | G15: [z]
A16: 捲舌／ 齦後[c] | B16: 有噝塞擦音 | D16: 正齒音 莊組 | E16: 莊 | F16: 初 | G16: 崇
E17: [ʈ͡ʂ]／[t͡ʃ] | F17: [ʈ͡ʂʰ]／[t͡ʃʰ] | G17: [ɖ͡ʐ]／[d͡ʒ]
B18: 有噝擦音 | E18: 生 | H18: 俟
E19: [ʂ]／[ʃ] | H19: [ʐ]／[ʒ]
A20: 齦顎 | B20: 有噝塞擦音 | D20: 正齒音 章組 | E20: 章 | F20: 昌 | G20: 常
E21: [t͡ɕ] | F21: [t͡ɕʰ] | G21: [d͡ʑ]
B22: 有噝擦音 | E22: 書 | G22: 船
E23: [ɕ] | G23: [ʑ]
B24: 鼻音 | C24: 半齒音 | H24: 日
H25: [ȵ]／[ȵ͡ʑ]
A26: 軟顎 | B26: 塞、鼻音 | C26: 牙音 | E26: 見 | F26: 溪 | G26: 群 | H26: 疑
E27: [k] | F27: [kʰ] | G27: [ɡ] | H27: [ŋ]
B28: 無噝擦音 | C28: 喉音 | E28: 曉 | G28: 匣 | H28: 云
E29: [x] | G29: [ɣ] | H29: [ɣ]
A30: 硬顎 | B30: 近音 | H30: 以
H31: [j]／[∅]
A32: 聲門 | B32: 塞音 | E32: 影
E33: [ʔ]
B34: 擦音 | E34: 曉 | G34: 匣 | H34: 云
E35: [h] | G35: [ɦ] | H35: [ɦ]
A36: 零聲母 | H36: 云
H37: [∅]

Sheet 切語上字表
A1: 識別號 | B1: 七聲類 | C1: 發音部位 | D1: 聲母 | E1: 清濁 | F1: 發送收 | G1: 聲母標音 | H1: 切語上字集 | I1: 備註
A2: 1 | B2: 牙音 | C2: 牙音 | D2: 見 | E2: 全清 | F2: 發聲 | G2: k | H2: 古公過各規姑格詭吉紀几居九俱舉兼佳乖矩工
A3: 2 | B3: 牙音 | C3: 牙音 | D3: 溪 | E3: 次清 | F3: 送氣 | G3: kh | H3: 康枯空口楷客恪苦窺牽謙去丘祛羌欽墟傾起綺豈區驅詰曲咎可乞袪弃卿
A4: 3 | B4: 牙音 | C4: 牙音 | D4: 群 | E4: 全濁 | G4: k | H4: 渠強求奇衢其暨具巨臼跪近狂
A5: 4 | B5: 牙音 | C5: 牙音 | D5: 疑 | E5: 次濁 | F5: 收聲 | G5: g | H5: 疑魚語宜玉遇虞愚牛擬研危五俄吾
A6: 5 | B6: 舌音 | C6: 舌頭音 | D6: 端 | E6: 全清 | F6: 發聲 | G6: t | H6: 多德得丁都當冬底
A7: 6 | B7: 舌音 | C7: 舌頭音 | D7: 透 | E7: 次清 | F7: 送氣 | G7: th | H7: 他託土通天台湯吐
A8: 7 | B8: 舌音 | C8: 舌頭音 | D8: 定 | E8: 全濁 | G8: t | H8: 徒同特唐堂田陀地度杜大
A9: 8 | B9: 舌音 | C9: 舌頭音 | D9: 泥 | E9: 次濁 | F9: 收聲 | G9: n | H9: 奴乃諾內那嬭妳
A10: 9 | B10: 舌音 | C10: 舌上音 | D10: 知 | E10: 全清 | F10: 發聲 | G10: t | H10: 知張豬徵中追陟卓竹珍迍
A11: 10 | B11: 舌音 | C11: 舌上音 | D11: 徹 | E11: 次清 | F11: 送氣 | G11: th | H11: 抽癡褚楮丑恥敕
A12: 11 | B12: 舌音 | C12: 舌上音 | D12: 澄 | E12: 全濁 | G12: t | H12: 除場池治持持遲佇柱丈直宅馳墜
A13: 12 | B13: 舌音 | C13: 舌上音 | D13: 孃 | E13: 次濁 | F13: 收聲 | G13: l | H13: 尼拏女穠 | I13: 娘
A14: 13 | B14: 脣音 | C14: 重脣音 | D14: 幫 | E14: 全清 | F14: 發聲 | G14: p | H14: 邊布補伯百北博巴卑并鄙必彼兵筆陂畀晡風
A15: 14 | B15: 脣音 | C15: 重脣音 | D15: 滂 | E15: 次清 | F15: 送氣 | G15: ph | H15: 滂普匹譬披丕被
A16: 15 | B16: 脣音 | C16: 重脣音 | D16: 並 | E16: 全濁 | G16: p | H16: 蒲裴平皮步薄白部傍便弼婢毗簿捕
A17: 16 | B17: 脣音 | C17: 重脣音 | D17: 明 | E17: 次濁 | F17: 收聲 | G17: m | H17: 莫慕模謨摸母明彌眉綿靡美
A18: 17 | B18: 脣音 | C18: 輕脣音 | D18: 非 | E18: 全清 | F18: 發聲 | G18: h | H18: 方封分府甫
A19: 18 | B19: 脣音 | C19: 輕脣音 | D19: 敷 | E19: 次清 | F19: 送氣 | G19: h | H19: 敷孚妃撫峰拂芳峯
A20: 19 | B20: 脣音 | C20: 輕脣音 | D20: 奉 | E20: 全濁 | G20: h | H20: 防縛附父浮苻扶馮房符
A21: 20 | B21: 脣音 | C21: 輕脣音 | D21: 微 | E21: 次濁 | F21: 收聲 | G21: b | H21: 巫無武文望亡
A22: 21 | B22: 齒音 | C22: 齒頭音 | D22: 精 | E22: 全清 | F22: 發聲 | G22: z | H22: 子資則兹醉遵祖臧作將即借姊茲
A23: 22 | B23: 齒音 | C23: 齒頭音 | D23: 清 | E23: 次清 | F23: 送氣 | G23: c | H23: 蒼倉雌醋麤此采親遷千青七取麁且
A24: 23 | B24: 齒音 | C24: 齒頭音 | D24: 從 | E24: 全濁 | G24: z | H24: 才徂慈藏在前秦情酢自昨漸匠疾鶵 | I24: 崇
A25: 24 | B25: 齒音 | C25: 齒頭音 | D25: 心 | E25: 全清 | F25: 發聲 | G25: s | H25: 蘇桑思司斯雖素速相辛須胥先悉息寫私
A26: 25 | B26: 齒音 | C26: 齒頭音 | D26: 邪 | E26: 全濁 | G26: s | H26: 辭隨寺似徐祥詳旬夕辤辝
A27: 26 | B27: 齒音 | C27: 正齒近齒頭 | D27: 莊 | E27: 全清 | F27: 發聲 | G27: z | H27: 莊爭阻鄒簪側仄壯
A28: 27 | B28: 齒音 | C28: 正齒近齒頭 | D28: 初 | E28: 次清 | F28: 送氣 | G28: c | H28: 叉廁初創瘡芻測楚
A29: 28 | B29: 齒音 | C29: 正齒近齒頭 | D29: 牀 | E29: 全濁 | G29: z | H29: 牀查崇雛鋤鉏豺助俟士仕崱
A30: 29 | B30: 齒音 | C30: 正齒近齒頭 | D30: 疏 | E30: 全清 | F30: 送氣 | G30: s | H30: 疏山沙砂生色數所史踈䟽疎
A31: 30 | B31: 齒音 | C31: 正齒近舌上 | D31: 照 | E31: 全清 | F31: 發聲 | G31: z | H31: 之辛征諸支脂止旨職煮正占章遮主 | I31: 章
A32: 31 | B32: 齒音 | C32: 正齒近舌上 | D32: 穿 | E32: 次清 | F32: 送氣 | G32: c | H32: 昌春充叱赤尺處姝
A33: 32 | B33: 齒音 | C33: 正齒近舌上 | D33: 神 | E33: 全濁 | F33: 送氣 | G33: s | H33: 乘神食實
A34: 33 | B34: 齒音 | C34: 正齒近舌上 | D34: 審 | E34: 全清 | F34: 送氣 | G34: s | H34: 書舒傷商施失詩始釋賞識矢式試
A35: 34 | B35: 齒音 | C35: 正齒近舌上 | D35: 禪 | E35: 全濁 | F35: 送氣 | G35: s | H35: 時殊嘗常成臣蜀市植殖寔署是氏視承
A36: 35 | B36: 喉音 | C36: 喉音 | D36: 影 | E36: 全清 | F36: 發聲 | G36: Ø | H36: 烏哀安紆愛握於央一伊依衣憂煙鷖憶乙謁挹委毆烟
A37: 36 | B37: 喉音 | C37: 喉音 | D37: 曉 | E37: 次清 | F37: 送氣 | G37: h | H37: 呼荒呵虛馨香羲休興虎火海況朽喜許花兄
A38: 37 | B38: 喉音 | C38: 喉音 | D38: 匣 | E38: 全濁 | F38: 送氣 | G38: h | H38: 胡乎侯何黃戶下獲懷諧
A39: 38 | B39: 喉音 | C39: 喉音 | D39: 為 | E39: 次濁 | F39: 發聲 | G39: Ø | H39: 于雲云筠為榮本王雨羽永有洧𨘏遠
A40: 39 | B40: 喉音 | C40: 喉音 | D40: 喻 | E40: 次濁 | F40: 發聲 | G40: Ø | H40: 余餘予移夷羊營以弋翼與悅薳韋 | I40: 云
A41: 40 | B41: 半舌音 | C41: 半舌 | D41: 來 | E41: 次濁 | F41: 收聲 | G41: l | H41: 來盧郎賴洛落勒力呂良林離里練魯紬連縷
A42: 41 | B42: 半齒音 | C42: 半齒 | D42: 日 | E42: 次濁 | F42: 收聲 | G42: j | H42: 如儒人仍汝兒而耳

Sheet 切語下字表
A1: 識別號 | B1: 識別號2 | C1: 韻系標音表之識別號 | D1: 韻目表之識別號 | E1: 韻母 | F1: 韻系列號 | G1: 韻目索引 | H1: 目次 | I1: 攝 | J1: 韻系 | K1: 韻目 | L1: 四聲 | M1: 四聲調號 | N1: 舒促聲 | O1: 等呼 | P1: 等 | Q1: 呼 | R1: 韻母標音 | S1: 切語下字集 | T1: 備註
A2: 1 | B2: 1 | C2: 1 | D2: 1 | E2: 東一 | F2: 1 | G2: 01獨洪 | H2: 上平01東 | I2: 通 | J2: 東一 | K2: 東 | L2: 平 | M2: 1 | N2: 舒 | O2: 獨洪 | P2: 1 | Q2: 開 | R2: ong | S2: 工公紅東洪空
A3: 2 | B3: 3 | C3: 1 | D3: 58 | E3: 董一 | F3: 1 | G3: 01獨洪 | H3: 上01董 | I3: 通 | J3: 東一 | K3: 董 | L3: 上 | M3: 2 | N3: 舒 | O3: 獨洪 | P3: 1 | Q3: 開 | R3: ong | S3: 動乙摠董蠓孔揔
A4: 3 | B4: 5 | C4: 1 | D4: 113 | E4: 送一 | F4: 1 | G4: 01獨洪 | H4: 去01送 | I4: 通 | J4: 東一 | K4: 送 | L4: 去 | M4: 3 | N4: 舒 | O4: 獨洪 | P4: 1 | Q4: 開 | R4: ong | S4: 貢弄送凍鳳
A5: 4 | B5: 7 | C5: 1 | D5: 174 | E5: 屋一 | F5: 1 | G5: 01獨洪 | H5: 入01屋 | I5: 通 | J5: 東一 | K5: 屋 | L5: 入 | M5: 4 | N5: 舒 | O5: 獨洪 | P5: 1 | Q5: 開 | R5: ok | S5: 谷祿禄木卜
A6: 5 | B6: 2 | C6: 2 | D6: 1 | E6: 東二 | F6: 1 | G6: 01獨細 | H6: 上平01東 | I6: 通 | J6: 東二 | K6: 東 | L6: 平 | M6: 1 | N6: 舒 | O6: 獨細 | P6: 3 | Q6: 開 | R6: iong | S6: 弓戎中宮終融隆
A7: 6 | B7: 4 | C7: 2 | D7: 58 | E7: 董二 | F7: 1 | G7: 01獨細 | H7: 上01董 | I7: 通 | J7: 東二 | K7: 董 | L7: 上 | M7: 2 | N7: 舒 | O7: 獨細 | P7: 3 | Q7: 開 | R7: iong | T7: 董韻無3等字
A8: 7 | B8: 6 | C8: 2 | D8: 113 | E8: 送二 | F8: 1 | G8: 01獨細 | H8: 去01送 | I8: 通 | J8: 東二 | K8: 送 | L8: 去 | M8: 3 | N8: 舒 | O8: 獨細 | P8: 3 | Q8: 開 | R8: iong | S8: 仲眾衆
A9: 8 | B9: 8 | C9: 2 | D9: 174 | E9: 屋二 | F9: 1 | G9: 01獨細 | H9: 入01屋 | I9: 通 | J9: 東二 | K9: 屋 | L9: 入 | M9: 4 | N9: 舒 | O9: 獨細 | P9: 3 | Q9: 開 | R9: iok | S9: 六逐匊宿竹菊福
A10: 9 | B10: 9 | C10: 3 | D10: 2 | E10: 冬 | F10: 2 | G10: 02獨洪 | H10: 上平02冬 | I10: 通 | J10: 冬 | K10: 冬 | L10: 平 | M10: 1 | N10: 舒 | O10: 獨洪 | P10: 1 | Q10: 開 | R10: ong | S10: 宗冬
A11: 10 | B11: 10 | C11: 3 | D11: 114 | E11: 宋 | F11: 2 | G11: 02獨洪 | H11: 去02宋 | I11: 通 | J11: 冬 | K11: 宋 | L11: 去 | M11: 3 | N11: 舒 | O11: 獨洪 | P11: 1 | Q11: 開 | R11: ong | S11: 統宋綜
A12: 11 | B12: 11 | C12: 3 | D12: 175 | E12: 沃 | F12: 2 | G12: 02獨洪 | H12: 入02沃 | I12: 通 | J12: 冬 | K12: 沃 | L12: 入 | M12: 4 | N12: 舒 | O12: 獨洪 | P12: 1 | Q12: 開 | R12: ok | S12: 毒沃篤酷
A13: 12 | B13: 12 | C13: 4 | D13: 3 | E13: 鍾 | F13: 3 | G13: 03獨細 | H13: 上平03鍾 | I13: 通 | J13: 鍾 | K13: 鍾 | L13: 平 | M13: 1 | N13: 舒 | O13: 獨細 | P13: 3 | Q13: 開 | R13: iong | S13: 容凶庸鍾恭封
A14: 13 | B14: 13 | C14: 4 | D14: 59 | E14: 腫 | F14: 3 | G14: 03獨細 | H14: 上02腫 | I14: 通 | J14: 鍾 | K14: 腫 | L14: 上 | M14: 2 | N14: 舒 | O14: 獨細 | P14: 3 | Q14: 開 | R14: iong | S14: 隴勇拱悚冢冗踵奉宂𪁪湩
A15: 14 | B15: 14 | C15: 4 | D15: 115 | E15: 用 | F15: 3 | G15: 03獨細 | H15: 去03用 | I15: 通 | J15: 鍾 | K15: 用 | L15: 去 | M15: 3 | N15: 舒 | O15: 獨細 | P15: 3 | Q15: 開 | R15: iong | S15: 用訟頌
A16: 15 | B16: 15 | C16: 4 | D16: 176 | E16: 燭 | F16: 3 | G16: 03獨細 | H16: 入03燭 | I16: 通 | J16: 鍾 | K16: 燭 | L16: 入 | M16: 4 | N16: 舒 | O16: 獨細 | P16: 3 | Q16: 開 | R16: iok | S16: 玉欲曲足蜀祿録錄
A17: 16 | B17: 16 | C17: 5 | D17: 4 | E17: 江 | F17: 4 | G17: 04獨洪 | H17: 上平04江 | I17: 江 | J17: 江 | K17: 江 | L17: 平 | M17: 1 | N17: 舒 | O17: 獨洪 | P17: 2 | Q17: 開 | R17: ang | S17: 雙江
A18: 17 | B18: 17 | C18: 5 | D18: 60 | E18: 講 | F18: 4 | G18: 04獨洪 | H18: 上03講 | I18: 江 | J18: 江 | K18: 講 | L18: 上 | M18: 2 | N18: 舒 | O18: 獨洪 | P18: 2 | Q18: 開 | R18: ang | S18: 項講慃
A19: 18 | B19: 18 | C19: 5 | D19: 116 | E19: 絳 | F19: 4 | G19: 04獨洪 | H19: 去04絳 | I19: 江 | J19: 江 | K19: 絳 | L19: 去 | M19: 3 | N19: 舒 | O19: 獨洪 | P19: 2 | Q19: 開 | R19: ang | S19: 巷絳降
... A53: 52 | B53: 54 | C53: 16 | D53: 124 | E53: 霽一 | F53: 12 | G53: 12開細 | H53: 去12霽 | I53: 蟹 | J53: 齊一 | K53: 霽 | L53: 去 | M53: 3 | N53: 舒 | O53: 開細 | P53: 4 | Q53: 開 | R53: e | S53: 詣計戾隸
A54: 53 | B54: 51 | C54: 17 | D54: 12 | E54: 齊二 | F54: 12 | G54: 12合細 | H54: 上平12齊 | I54: 蟹 | J54: 齊二 | K54: 齊 | L54: 平 | M54: 1 | N54: 舒 | O54: 合細 | P54: 4 | Q54: 合 | R54: ui | S54: 圭攜 | T54: 攜：戶圭切
A55: 54 | B55: 53 | C55: 17 | D55: 68 | E55: 薺二 | F55: 12 | G55: 12合細 | H55: 上11薺 | I55: 蟹 | J55: 齊二 | K55: 薺 | L55: 上 | M55: 2 | N55: 舒 | O55: 合細 | P55: 4 | Q55: 合 | R55: ui | T55: 薺合4無字
A56: 55 | B56: 55 | C56: 17 | D56: 124 | E56: 霽二 | F56: 12 | G56: 12合細 | H56: 去12霽 | I56: 蟹 | J56: 齊二 | K56: 霽 | L56: 去 | M56: 3 | N56: 舒 | O56: 合細 | P56: 4 | Q56: 合 | R56: ui | S56: 桂惠
A57: 56 | B57: 56 | C57: 18 | D57: 125 | E57: 祭一 | F57: 13 | G57: 13開細 | H57: 去13祭 | I57: 蟹 | J57: 祭一 | K57: 祭 | L57: 去 | M57: 3 | N57: 舒 | O57: 開細 | P57: 3 | Q57: 開 | R57: e | S57: 例制罽祭憩袂蔽弊𡚁世
A58: 57 | B58: 57 | C58: 19 | D58: 125 | E58: 祭二 | F58: 13 | G58: 13合細 | H58: 去13祭 | I58: 蟹 | J58: 祭二 | K58: 祭 | L58: 去 | M58: 3 | N58: 舒 | O58: 合細 | P58: 3 | Q58: 合 | R58: ue | S58: 芮銳衛稅劌歲
A59: 58 | B59: 58 | C59: 20 | D59: 126 | E59: 泰一 | F59: 14 | G59: 14開洪 | H59: 去14泰 | I59: 蟹 | J59: 泰一 | K59: 泰 | L59: 去 | M59: 3 | N59: 舒 | O59: 開洪 | P59: 1 | Q59: 開 | R59: ai | S59: 蓋太艾大帶
A60: 59 | B60: 59 | C60: 21 | D60: 126 | E60: 泰二 | F60: 14 | G60: 14合洪 | H60: 去14泰 | I60: 蟹 | J60: 泰二 | K60: 泰 | L60: 去 | M60: 3 | N60: 舒 | O60: 合洪 | P60: 1 | Q60: 合 | R60: ue | S60: 外會最貝
A61: 60 | B61: 60 | C61: 22 | D61: 13 | E61: 佳一 | F61: 15 | G61: 15開洪 | H61: 上平13佳 | I61: 蟹 | J61: 佳一 | K61: 佳 | L61: 平 | M61: 1 | N61: 舒 | O61: 開洪 | P61: 2 | Q61: 開 | R61: ai | S61: 佳膎
A62: 61 | B62: 62 | C62: 22 | D62: 69 | E62: 蟹一 | F62: 15 | G62: 15開洪 | H62: 上12蟹 | I62: 蟹 | J62: 佳一 | K62: 蟹 | L62: 上 | M62: 2 | N62: 舒 | O62: 開洪 | P62: 2 | Q62: 開 | R62: ai | S62: 蟹買𦫳
A63: 62 | B63: 64 | C63: 22 | D63: 127 | E63: 卦一 | F63: 15 | G63: 15開洪 | H63: 去15卦 | I63: 蟹 | J63: 佳一 | K63: 卦 | L63: 去 | M63: 3 | N63: 舒 | O63: 開洪 | P63: 2 | Q63: 開 | R63: ai | S63: 隘懈賣卦
A64: 63 | B64: 61 | C64: 23 | D64: 13 | E64: 佳二 | F64: 15 | G64: 15合洪 | H64: 上平13佳 | I64: 蟹 | J64: 佳二 | K64: 佳 | L64: 平 | M64: 1 | N64: 舒 | O64: 合洪 | P64: 2 | Q64: 合 | R64: ua | S64: 蛙媧緺
A65: 64 | B65: 63 | C65: 23 | D65: 69 | E65: 蟹二 | F65: 15 | G65: 15合洪 | H65: 上12蟹 | I65: 蟹 | J65: 佳二 | K65: 蟹 | L65: 上 | M65: 2 | N65: 舒 | O65: 合洪 | P65: 2 | Q65: 合 | R65: ua | S65: 夥𠁥
A66: 65 | B66: 65 | C66: 23 | D66: 127 | E66: 卦二 | F66: 15 | G66: 15合洪 | H66: 去15卦 | I66: 蟹 | J66: 佳二 | K66: 卦 | L66: 去 | M66: 3 | N66: 舒 | O66: 合洪 | P66: 2 | Q66: 合 | R66: ua
A67: 66 | B67: 66 | C67: 24 | D67: 14 | E67: 皆一 | F67: 16 | G67: 16開洪 | H67: 上平14皆 | I67: 蟹 | J67: 皆一 | K67: 皆 | L67: 平 | M67: 1 | N67: 舒 | O67: 開洪 | P67: 2 | Q67: 開 | R67: ai | S67: 諧皆
A68: 67 | B68: 68 | C68: 24 | D68: 70 | E68: 駭一 | F68: 16 | G68: 16開洪 | H68: 上13駭 | I68: 蟹 | J68: 皆一 | K68: 駭 | L68: 上 | M68: 2 | N68: 舒 | O68: 開洪 | P68: 2 | Q68: 開 | R68: ai | S68: 駭楷
A69: 68 | B69: 70 | C69: 24 | D69: 128 | E69: 怪一 | F69: 16 | G69: 16開洪 | H69: 去16怪 | I69: 蟹 | J69: 皆一 | K69: 怪 | L69: 去 | M69: 3 | N69: 舒 | O69: 開洪 | P69: 2 | Q69: 開 | R69: ai | S69: 戒介界拜殺
A70: 69 | B70: 67 | C70: 25 | D70: 14 | E70: 皆二 | F70: 16 | G70: 16合洪 | H70: 上平14皆 | I70: 蟹 | J70: 皆二 | K70: 皆 | L70: 平 | M70: 1 | N70: 舒 | O70: 合洪 | P70: 2 | Q70: 合 | R70: uai | S70: 乖懷淮
A71: 70 | B71: 69 | C71: 25 | D71: 70 | E71: 駭二 | F71: 16 | G71: 16合洪 | H71: 上13駭 | I71: 蟹 | J71: 皆二 | K71: 駭 | L71: 上 | M71: 2 | N71: 舒 | O71: 合洪 | P71: 2 | Q71: 合 | R71: uai
A72: 71 | B72: 71 | C72: 25 | D72: 128 | E72: 怪二 | F72: 16 | G72: 16合洪 | H72: 去16怪 | I72: 蟹 | J72: 皆二 | K72: 怪 | L72: 去 | M72: 3 | N72: 舒 | O72: 合洪 | P72: 2 | Q72: 合 | R72: uai | S72: 怪壞
A73: 72 | B73: 72 | C73: 26 | D73: 129 | E73: 夬一 | F73: 17 | G73: 17開洪 | H73: 去17夬 | I73: 蟹 | J73: 夬一 | K73: 夬 | L73: 去 | M73: 3 | N73: 舒 | O73: 開洪 | P73: 2 | Q73: 開 | R73: ai | S73: 介喝犗
A74: 73 | B74: 73 | C74: 27 | D74: 129 | E74: 夬二 | F74: 17 | G74: 17合洪 | H74: 去17夬 | I74: 蟹 | J74: 夬二 | K74: 夬 | L74: 去 | M74: 3 | N74: 舒 | O74: 合洪 | P74: 2 | Q74: 合 | R74: uai | S74: 夬快話邁
A75: 74 | B75: 74 | C75: 28 | D75: 15 | E75: 灰 | F75: 18 | G75: 18合洪 | H75: 上平15灰 | I75: 蟹 | J75: 灰 | K75: 灰 | L75: 平 | M75: 1 | N75: 舒 | O75: 合洪 | P75: 1 | Q75: 合 | R75: ue | S75: 灰恢回杯
A76: 75 | B76: 75 | C76: 28 | D76: 71 | E76: 賄 | F76: 18 | G76: 18合洪 | H76: 上14賄 | I76: 蟹 | J76: 灰 | K76: 賄 | L76: 上 | M76: 2 | N76: 舒 | O76: 合洪 | P76: 1 | Q76: 合 | R76: ue | S76: 罪猥賄
A77: 76 | B77: 76 | C77: 28 | D77: 130 | E77: 隊 | F77: 18 | G77: 18合洪 | H77: 去18隊 | I77: 蟹 | J77: 灰 | K77: 隊 | L77: 去 | M77: 3 | N77: 舒 | O77: 合洪 | P77: 1 | Q77: 合 | R77: ue | S77: 隊內内對繢妹佩昧輩
A78: 77 | B78: 77 | C78: 29 | D78: 16 | E78: 咍 | F78: 19 | G78: 19開洪 | H78: 上平16咍 | I78: 蟹 | J78: 咍 | K78: 咍 | L78: 平 | M78: 1 | N78: 舒 | O78: 開洪 | P78: 1 | Q78: 開 | R78: ai | S78: 來開哀才哉
A79: 78 | B79: 78 | C79: 29 | D79: 72 | E79: 海 | F79: 19 | G79: 19開洪 | H79: 上15海 | I79: 蟹 | J79: 咍 | K79: 海 | L79: 上 | M79: 2 | N79: 舒 | O79: 開洪 | P79: 1 | Q79: 開 | R79: ai | S79: 改亥愷宰紿乃在
A80: 79 | B80: 79 | C80: 29 | D80: 131 | E80: 代 | F80: 19 | G80: 19開洪 | H80: 去19代 | I80: 蟹 | J80: 咍 | K80: 代 | L80: 去 | M80: 3 | N80: 舒 | O80: 開洪 | P80: 1 | Q80: 開 | R80: ai | S80: 耐槩愛漑代概
A81: 80 | B81: 80 | C81: 30 | D81: 132 | E81: 廢 | F81: 20 | G81: 20合細 | H81: 去20廢 | I81: 蟹 | J81: 廢 | K81: 廢 | L81: 去 | M81: 3 | N81: 舒 | O81: 合細 | P81: 3 | Q81: 合 | R81: ue | S81: 穢肺吠廢
A82: 81 | B82: 81 | C82: 31 | D82: 17 | E82: 真 | F82: 21 | G82: 21開細 | H82: 上平17真 | I82: 臻 | J82: 真 | K82: 真 | L82: 平 | M82: 1 | N82: 舒 | O82: 開細 | P82: 3 | Q82: 開 | R82: in | S82: 鄰人真眞珍巾銀賓辰
A83: 82 | B83: 82 | C83: 31 | D83: 73 | E83: 軫 | F83: 21 | G83: 21開細 | H83: 上16軫 | I83: 臻 | J83: 真 | K83: 軫 | L83: 上 | M83: 2 | N83: 舒 | O83: 開細 | P83: 3 | Q83: 開 | R83: in | S83: 忍軫引盡腎敏
... A90: 89 | B90: 89 | C90: 33 | D90: 19 | E90: 臻 | F90: 23 | G90: 23開洪 | H90: 上平19臻 | I90: 臻 | J90: 臻 | K90: 臻 | L90: 平 | M90: 1 | N90: 舒 | O90: 開洪 | P90: 2 | Q90: 開 | R90: in | S90: 詵臻
A91: 90 | B91: 90 | C91: 33 | D91: 135 | E91: 齔 | F91: 23 | G91: 23開洪 | H91: 去23齔 | I91: 臻 | J91: 臻 | K91: 齔 | L91: 去 | M91: 3 | N91: 舒 | O91: 開洪 | P91: 2 | Q91: 開 | R91: in | T91: 無切語
A92: 91 | B92: 91 | C92: 33 | D92: 180 | E92: 櫛 | F92: 23 | G92: 23開洪 | H92: 入07櫛 | I92: 臻 | J92: 臻 | K92: 櫛 | L92: 入 | M92: 4 | N92: 舒 | O92: 開洪 | P92: 2 | Q92: 開 | R92: it | S92: 瑟櫛
A93: 92 | B93: 92 | C93: 34 | D93: 20 | E93: 文 | F93: 24 | G93: 24合細 | H93: 上平20文 | I93: 臻 | J93: 文 | K93: 文 | L93: 平 | M93: 1 | N93: 舒 | O93: 合細 | P93: 3 | Q93: 開 | R93: un | S93: 云分文
A94: 93 | B94: 93 | C94: 34 | D94: 75 | E94: 吻 | F94: 24 | G94: 24合細 | H94: 上18吻 | I94: 臻 | J94: 文 | K94: 吻 | L94: 上 | M94: 2 | N94: 舒 | O94: 合細 | P94: 3 | Q94: 開 | R94: un | S94: 粉吻
A95: 94 | B95: 94 | C95: 34 | D95: 136 | E95: 問 | F95: 24 | G95: 24合細 | H95: 去24問 | I95: 臻 | J95: 文 | K95: 問 | L95: 去 | M95: 3 | N95: 舒 | O95: 合細 | P95: 3 | Q95: 開 | R95: un | S95: 運問
A96: 95 | B96: 95 | C96: 34 | D96: 181 | E96: 物 | F96: 24 | G96: 24合細 | H96: 入08物 | I96: 臻 | J96: 文 | K96: 物 | L96: 入 | M96: 4 | N96: 舒 | O96: 合細 | P96: 3 | Q96: 開 | R96: ut | S96: 弗物勿
A97: 96 | B97: 96 | C97: 35 | D97: 21 | E97: 殷 | F97: 25 | G97: 25開細 | H97: 上平21殷 | I97: 臻 | J97: 殷 | K97: 殷 | L97: 平 | M97: 1 | N97: 舒 | O97: 開細 | P97: 3 | Q97: 開 | R97: in | S97: 斤欣
A98: 97 | B98: 97 | C98: 35 | D98: 76 | E98: 隱 | F98: 25 | G98: 25開細 | H98: 上19隱 | I98: 臻 | J98: 殷 | K98: 隱 | L98: 上 | M98: 2 | N98: 舒 | O98: 開細 | P98: 3 | Q98: 開 | R98: in | S98: 謹隱槿
A99: 98 | B99: 98 | C99: 35 | D99: 137 | E99: 焮 | F99: 25 | G99: 25開細 | H99: 去25焮 | I99: 臻 | J99: 殷 | K99: 焮 | L99: 去 | M99: 3 | N99: 舒 | O99: 開細 | P99: 3 | Q99: 開 | R99: in | S99: 焮靳
A100: 99 | B100: 99 | C100: 35 | D100: 182 | E100: 迄 | F100: 25 | G100: 25開細 | H100: 入09迄 | I100: 臻 | J100: 殷 | K100: 迄 | L100: 入 | M100: 4 | N100: 舒 | O100: 開細 | P100: 3 | Q100: 開 | R100: it | S100: 乞迄訖
A101: 100 | B101: 100 | C101: 36 | D101: 22 | E101: 元一 | F101: 26 | G101: 26開細 | H101: 上平22元 | I101: 臻 | J101: 元一 | K101: 元 | L101: 平 | M101: 1 | N101: 舒 | O101: 開細 | P101: 3 | Q101: 開 | R101: ian | S101: 言軒
A102: 101 | B102: 102 | C102: 36 | D102: 77 | E102: 阮一 | F102: 26 | G102: 26開細 | H102: 上20阮 | I102: 臻 | J102: 元一 | K102: 阮 | L102: 上 | M102: 2 | N102: 舒 | O102: 開細 | P102: 3 | Q102: 開 | R102: ian | S102: 偃幰
A103: 102 | B103: 104 | C103: 36 | D103: 138 | E103: 願一 | F103: 26 | G103: 26開細 | H103: 去26願 | I103: 臻 | J103: 元一 | K103: 願 | L103: 去 | M103: 3 | N103: 舒 | O103: 開細 | P103: 3 | Q103: 開 | R103: ian | S103: 堰建
... A115: 114 | B115: 114 | C115: 39 | D115: 140 | E115: 恨 | F115: 28 | G115: 28開洪 | H115: 去28恨 | I115: 臻 | J115: 痕 | K115: 恨 | L115: 去 | M115: 3 | N115: 舒 | O115: 開洪 | P115: 1 | Q115: 開 | R115: un | S115: 艮恨
A116: 115 | B116: 115 | C116: 39 | D116: 185 | E116: 麧 | F116: 28 | G116: 28開洪 | H116: 入12麧 | I116: 臻 | J116: 痕 | K116: 麧 | L116: 入 | M116: 4 | N116: 舒 | O116: 開洪 | P116: 1 | Q116: 開 | R116: ut
A117: 116 | B117: 116 | C117: 40 | D117: 25 | E117: 寒 | F117: 29 | G117: 29開洪 | H117: 上平25寒 | I117: 山 | J117: 寒 | K117: 寒 | L117: 平 | M117: 1 | N117: 舒 | O117: 開洪 | P117: 1 | Q117: 開 | R117: an | S117: 安寒干
A118: 117 | B118: 117 | C118: 40 | D118: 80 | E118: 旱 | F118: 29 | G118: 29開洪 | H118: 上23旱 | I118: 山 | J118: 寒 | K118: 旱 | L118: 上 | M118: 2 | N118: 舒 | O118: 開洪 | P118: 1 | Q118: 開 | R118: an | S118: 笴旱但
A119: 118 | B119: 118 | C119: 40 | D119: 141 | E119: 翰 | F119: 29 | G119: 29開洪 | H119: 去29翰 | I119: 山 | J119: 寒 | K119: 翰 | L119: 去 | M119: 3 | N119: 舒 | O119: 開洪 | P119: 1 | Q119: 開 | R119: an | S119: 旱案贊賛按旦旰憚
A120: 119 | B120: 119 | C120: 40 | D120: 186 | E120: 曷 | F120: 29 | G120: 29開洪 | H120: 入13曷 | I120: 山 | J120: 寒 | K120: 曷 | L120: 入 | M120: 4 | N120: 舒 | O120: 開洪 | P120: 1 | Q120: 開 | R120: at | S120: 葛曷割達
A121: 120 | B121: 120 | C121: 41 | D121: 26 | E121: 桓 | F121: 30 | G121: 30合洪 | H121: 上平26桓 | I121: 山 | J121: 桓 | K121: 桓 | L121: 平 | M121: 1 | N121: 舒 | O121: 合洪 | P121: 1 | Q121: 合 | R121: uan | S121: 官丸端潘袁元煩
A122: 121 | B122: 121 | C122: 41 | D122: 81 | E122: 緩 | F122: 30 | G122: 30合洪 | H122: 上24緩 | I122: 山 | J122: 桓 | K122: 緩 | L122: 上 | M122: 2 | N122: 舒 | O122: 合洪 | P122: 1 | Q122: 合 | R122: uan | S122: 管伴滿緩纂
A123: 122 | B123: 122 | C123: 41 | D123: 142 | E123: 換 | F123: 30 | G123: 30合洪 | H123: 去30換 | I123: 山 | J123: 桓 | K123: 換 | L123: 去 | M123: 3 | N123: 舒 | O123: 合洪 | P123: 1 | Q123: 合 | R123: uan | S123: 換喚玩段貫筭亂半幔
A124: 123 | B124: 123 | C124: 41 | D124: 187 | E124: 末 | F124: 30 | G124: 30合洪 | H124: 入14末 | I124: 山 | J124: 桓 | K124: 末 | L124: 入 | M124: 4 | N124: 舒 | O124: 合洪 | P124: 1 | Q124: 合 | R124: uat | S124: 括活栝撥末
A125: 124 | B125: 124 | C125: 42 | D125: 27 | E125: 刪一 | F125: 31 | G125: 31開洪 | H125: 上平27刪 | I125: 山 | J125: 刪一 | K125: 刪 | L125: 平 | M125: 1 | N125: 舒 | O125: 開洪 | P125: 2 | Q125: 開 | R125: an | S125: 姦顏閒
A126: 125 | B126: 126 | C126: 42 | D126: 82 | E126: 潸一 | F126: 31 | G126: 31開洪 | H126: 上25潸 | I126: 山 | J126: 刪一 | K126: 潸 | L126: 上 | M126: 2 | N126: 舒 | O126: 開洪 | P126: 2 | Q126: 開 | R126: an | S126: 赧
A127: 126 | B127: 128 | C127: 42 | D127: 143 | E127: 諫一 | F127: 31 | G127: 31開洪 | H127: 去31諫 | I127: 山 | J127: 刪一 | K127: 諫 | L127: 去 | M127: 3 | N127: 舒 | O127: 開洪 | P127: 2 | Q127: 開 | R127: an | S127: 晏諫鴈澗
A128: 127 | B128: 130 | C128: 42 | D128: 188 | E128: 黠一 | F128: 31 | G128: 31開洪 | H128: 入15黠 | I128: 山 | J128: 刪一 | K128: 黠 | L128: 入 | M128: 4 | N128: 舒 | O128: 開洪 | P128: 2 | Q128: 開 | R128: at | S128: 黠八拔
... A175: 174 | B175: 172 | C175: 56 | D175: 36 | E175: 戈二 | F175: 40 | G175: 40開細 | H175: 下平08戈 | I175: 果 | J175: 戈二 | K175: 戈 | L175: 平 | M175: 1 | N175: 舒 | O175: 開細 | P175: 3 | Q175: 開 | R175: ia | S175: 迦伽
A176: 175 | B176: 175 | C176: 56 | D176: 91 | E176: 果二 | F176: 40 | G176: 40開細 | H176: 上34果 | I176: 果 | J176: 戈二 | K176: 果 | L176: 上 | M176: 2 | N176: 舒 | O176: 開細 | P176: 3 | Q176: 開 | R176: ia
A177: 176 | B177: 178 | C177: 56 | D177: 152 | E177: 過二 | F177: 40 | G177: 40開細 | H177: 去40過 | I177: 果 | J177: 戈二 | K177: 過 | L177: 去 | M177: 3 | N177: 舒 | O177: 開細 | P177: 3 | Q177: 開 | R177: ia
A178: 177 | B178: 173 | C178: 57 | D178: 36 | E178: 戈三 | F178: 40 | G178: 40合細 | H178: 下平08戈 | I178: 果 | J178: 戈三 | K178: 戈 | L178: 平 | M178: 1 | N178: 舒 | O178: 合細 | P178: 3 | Q178: 合 | R178: ia | S178: 脞
A179: 178 | B179: 176 | C179: 57 | D179: 91 | E179: 果三 | F179: 40 | G179: 40合細 | H179: 上34果 | I179: 果 | J179: 戈三 | K179: 果 | L179: 上 | M179: 2 | N179: 舒 | O179: 合細 | P179: 3 | Q179: 合 | R179: ia
A180: 179 | B180: 179 | C180: 57 | D180: 152 | E180: 過三 | F180: 40 | G180: 40合細 | H180: 去40過 | I180: 果 | J180: 戈三 | K180: 過 | L180: 去 | M180: 3 | N180: 舒 | O180: 合細 | P180: 3 | Q180: 合 | R180: ia
A181: 180 | B181: 180 | C181: 58 | D181: 37 | E181: 麻一 | F181: 41 | G181: 41開洪 | H181: 下平09麻 | I181: 假 | J181: 麻一 | K181: 麻 | L181: 平 | M181: 1 | N181: 舒 | O181: 開洪 | P181: 2 | Q181: 開 | R181: a | S181: 霞加牙巴
A182: 181 | B182: 183 | C182: 58 | D182: 92 | E182: 馬一 | F182: 41 | G182: 41開洪 | H182: 上35馬 | I182: 假 | J182: 麻一 | K182: 馬 | L182: 上 | M182: 2 | N182: 舒 | O182: 開洪 | P182: 2 | Q182: 開 | R182: a | S182: 下雅疋賈假舍
A183: 182 | B183: 186 | C183: 58 | D183: 153 | E183: 禡一 | F183: 41 | G183: 41開洪 | H183: 去41禡 | I183: 假 | J183: 麻一 | K183: 禡 | L183: 去 | M183: 3 | N183: 舒 | O183: 開洪 | P183: 2 | Q183: 開 | R183: a | S183: 駕亞訝嫁罵
A184: 183 | B184: 181 | C184: 59 | D184: 37 | E184: 麻二 | F184: 41 | G184: 41合洪 | H184: 下平09麻 | I184: 假 | J184: 麻二 | K184: 麻 | L184: 平 | M184: 1 | N184: 舒 | O184: 合洪 | P184: 2 | Q184: 合 | R184: ua | S184: 花瓜華
A185: 184 | B185: 184 | C185: 59 | D185: 92 | E185: 馬二 | F185: 41 | G185: 41合洪 | H185: 上35馬 | I185: 假 | J185: 麻二 | K185: 馬 | L185: 上 | M185: 2 | N185: 舒 | O185: 合洪 | P185: 2 | Q185: 合 | R185: ua | S185: 瓦寡
A186: 185 | B186: 187 | C186: 59 | D186: 153 | E186: 禡二 | F186: 41 | G186: 41合洪 | H186: 去41禡 | I186: 假 | J186: 麻二 | K186: 禡 | L186: 去 | M186: 3 | N186: 舒 | O186: 合洪 | P186: 2 | Q186: 合 | R186: ua | S186: 化霸㕦
A187: 186 | B187: 182 | C187: 60 | D187: 37 | E187: 麻三 | F187: 41 | G187: 41開細 | H187: 下平09麻 | I187: 假 | J187: 麻三 | K187: 麻 | L187: 平 | M187: 1 | N187: 舒 | O187: 開細 | P187: 3 | Q187: 開 | R187: ia | S187: 遮嗟邪車奢賒
A188: 187 | B188: 185 | C188: 60 | D188: 92 | E188: 馬三 | F188: 41 | G188: 41開細 | H188: 上35馬 | I188: 假 | J188: 麻三 | K188: 馬 | L188: 上 | M188: 2 | N188: 舒 | O188: 開細 | P188: 3 | Q188: 開 | R188: ia | S188: 也者野冶姐
A189: 188 | B189: 188 | C189: 60 | D189: 153 | E189: 禡三 | F189: 41 | G189: 41開細 | H189: 去41禡 | I189: 假 | J189: 麻三 | K189: 禡 | L189: 去 | M189: 3 | N189: 舒 | O189: 開細 | P189: 3 | Q189: 開 | R189: ia | S189: 謝夜
A190: 189 | B190: 189 | C190: 61 | D190: 38 | E190: 陽一 | F190: 42 | G190: 42開細 | H190: 下平10陽 | I190: 宕 | J190: 陽一 | K190: 陽 | L190: 平 | M190: 1 | N190: 舒 | O190: 開細 | P190: 3 | Q190: 開 | R190: iong | S190: 章羊張良陽莊方
A191: 190 | B191: 191 | C191: 61 | D191: 93 | E191: 養一 | F191: 42 | G191: 42開細 | H191: 上36養 | I191: 宕 | J191: 陽一 | K191: 養 | L191: 上 | M191: 2 | N191: 舒 | O191: 開細 | P191: 3 | Q191: 開 | R191: iong | S191: 奬㢡養掌丈杖尚
A192: 191 | B192: 193 | C192: 61 | D192: 154 | E192: 漾一 | F192: 42 | G192: 42開細 | H192: 去42漾 | I192: 宕 | J192: 陽一 | K192: 漾 | L192: 去 | M192: 3 | N192: 舒 | O192: 開細 | P192: 3 | Q192: 開 | R192: iong | S192: 亮讓樣向
... A220: 219 | B220: 216 | C220: 68 | D220: 156 | E220: 敬四 | F220: 44 | G220: 44合細 | H220: 去44敬 | I220: 梗 | J220: 庚四 | K220: 敬 | L220: 去 | M220: 3 | N220: 舒 | O220: 合細 | P220: 3 | Q220: 合 | R220: ing | S220: 命病
A221: 220 | B221: 220 | C221: 68 | D221: 194 | E221: 陌四 | F221: 44 | G221: 44合細 | H221: 入21陌 | I221: 梗 | J221: 庚四 | K221: 陌 | L221: 入 | M221: 4 | N221: 舒 | O221: 合細 | P221: 3 | Q221: 合 | R221: ik
A222: 221 | B222: 221 | C222: 69 | D222: 41 | E222: 耕一 | F222: 45 | G222: 45開洪 | H222: 下平13耕 | I222: 梗 | J222: 耕一 | K222: 耕 | L222: 平 | M222: 1 | N222: 舒 | O222: 開洪 | P222: 2 | Q222: 開 | R222: ing | S222: 莖耕
A223: 222 | B223: 223 | C223: 69 | D223: 96 | E223: 耿一 | F223: 45 | G223: 45開洪 | H223: 上39耿 | I223: 梗 | J223: 耕一 | K223: 耿 | L223: 上 | M223: 2 | N223: 舒 | O223: 開洪 | P223: 2 | Q223: 開 | R223: ing | S223: 幸耿
...

Sheet 反切上字與聲母
A1: 序 | B1: 類 | C1: 聲母 | D1: 清濁 | E1: 發送收 | F1: 台羅音標 | G1: 國際音標 | H1: 反切上字
A2: 1 | B2: 重脣音 | C2: 幫 | D2: 全清 | E2: 發聲 | F2: p | G2: p | H2: 邊 布 補 伯 百 北 博 巴 卑 并 鄙 必 彼 兵 筆 陂 畀 晡
A3: 2 | B3: 重脣音 | C3: 滂 | D3: 次清 | E3: 送氣 | F3: ph | G3: pʰ | H3: 滂 普 匹 譬 披 丕
A4: 3 | B4: 重脣音 | C4: 並 | D4: 全濁 | F4: b | G4: b | H4: 蒲 裴 平 皮 步 薄 白 部 傍 便 弼 婢 毗 簿 捕
A5: 4 | B5: 重脣音 | C5: 明 | D5: 次濁 | E5: 收聲 | F5: m | G5: m | H5: 莫 慕 模 謨 摸 母 明 彌 眉 綿 靡 美
B6: 輕脣音 | C6: 非 | D6: 全清 | E6: 發聲 | F6: h | H6: 方 封 分 府 甫
B7: 輕脣音 | C7: 敷 | D7: 次清 | E7: 送氣 | F7: h | H7: 敷 孚 妃 撫 峯 拂 芳
B8: 輕脣音 | C8: 奉 | D8: 全濁 | F8: h | H8: 房 防 縛 附 父 浮 符 苻 扶 馮
B9: 輕脣音 | C9: 微 | D9: 次濁 | E9: 收聲 | F9: b | H9: 巫 無 武 文 望 亡
A10: 5 | B10: 舌頭音 | C10: 端 | D10: 全清 | E10: 發聲 | F10: t | G10: t | H10: 德 都 丁 當 多 得 冬
A11: 6 | B11: 舌頭音 | C11: 透 | D11: 次清 | E11: 送氣 | F11: th | G11: tʰ | H11: 他 土 吐 託 天 湯 通 台
A12: 7 | B12: 舌頭音 | C12: 定 | D12: 全濁 | F12: d | G12: d | H12: 徒 同 杜 度 墜 特 堂 唐 田 陀
A13: 8 | B13: 舌頭音 | C13: 泥 | D13: 次濁 | E13: 收聲 | F13: n | G13: n | H13: 奴 乃 諾 那 内
A14: 9 | B14: 舌上音 | C14: 知 | D14: 全清 | E14: 發聲 | F14: t | G14: ȶ | H14: 陟 都 竹 丁 卓 張 中 知 豬 珍 追 猪 徵
A15: 10 | B15: 舌上音 | C15: 徹 | D15: 次清 | E15: 送氣 | F15: th | G15: ȶʰ | H15: 敕 他 丑 褚 楮 癡 抽 恥
A16: 11 | B16: 舌上音 | C16: 澄 | D16: 全濁 | F16: t | G16: ȡ | H16: 徒 直 宅 柱 池 丈 持 除 治 馳 遟 佇 場
A17: 12 | B17: 舌上音 | C17: 孃 | D17: 次濁 | E17: 收聲 | F17: l | G17: n | H17: 奴 女 乃 妳 諾 尼 拏 穠
A18: 13 | B18: 齒頭音 | C18: 精 | D18: 全清 | E18: 發聲 | F18: ts | G18: ts | H18: 子 作 即 姊 遵 醉 則 祖 臧 將 借 兹 𩛠 資 姉
A19: 14 | B19: 齒頭音 | C19: 清 | D19: 次清 | E19: 送氣 | F19: tsh | G19: tsʰ | H19: 倉 七 此 取 蒼 醋 千 雌 采 親 麁 靑 麤 遷
A20: 15 | B20: 齒頭音 | C20: 從 | D20: 全濁 | F20: ts | G20: dz | H20: 徂 藏 疾 昨 匠 在 才 自 慈 秦 漸 情 前
A21: 16 | B21: 齒頭音 | C21: 心 | D21: 全清 | E21: 收聲 | F21: s | G21: s | H21: 息 蘇 私 相 素 先 思 須 寫 桑 速 斯 胥 悉 雖 司 辛
A22: 17 | B22: 齒頭音 | C22: 邪 | D22: 全濁 | F22: s | G22: z | H22: 祥 旬 似 詳 夕 徐 隨 辝 辭 寺
A23: 18 | B23: 正齒音莊組 | C23: 莊 | D23: 全清 | E23: 發聲 | F23: ts | G23: tʃ | H23: 子 側 莊 阻 仄 爭 鄒 簪
A24: 19 | B24: 正齒音莊組 | C24: 初 | D24: 次清 | E24: 送氣 | F24: tsh | G24: tʃʰ | H24: 楚 叉 測 初 創 瘡 芻 廁
A25: 20 | B25: 正齒音莊組 | C25: 崇 | D25: 全濁 | F25: ts | G25: dʒ | H25: 鋤 士 仕 崇 鉏 助 牀 鶵 雛 犲 崱 查 査
A26: 21 | B26: 正齒音莊組 | C26: 生 | D26: 全清 | E26: 收聲 | F26: s | G26: ʃ | H26: 所 山 疏 數 色 史 踈 砂 沙 生
A27: 22 | B27: 正齒音莊組 | C27: 俟 | D27: 全濁 | F27: s | G27: ʒ | H27: 俟 牀
A28: 23 | B28: 正齒音章組 | C28: 章 | D28: 全清 | E28: 發聲 | F28: ts | G28: tʃ | H28: 職 章 旨 止 諸 正 煑 之 占 支 脂 征
A29: 24 | B29: 正齒音章組 | C29: 昌 | D29: 次清 | E29: 送氣 | F29: tsh | G29: tʃʰ | H29: 昌 尺 叱 處 叉 赤 充 姝
A30: 25 | B30: 正齒音章組 | C30: 常 | D30: 全濁 | F30: ts | G30: dʒ | H30: 蜀 是 視 市 署 成 植 常 氏 時 承 臣 殖 甞 寔 殊 十
A31: 26 | B31: 正齒音章組 | C31: 書 | D31: 全清 | E31: 收聲 | F31: s | G31: ʃ | H31: 書 式 傷 失 識 施 詩 舒 賞 矢 釋 商 試 始
A32: 27 | B32: 正齒音章組 | C32: 船 | D32: 全濁 | F32: s | G32: ʒ | H32: 食 神 實 乗
A33: 28 | B33: 牙音 | C33: 見 | D33: 全清 | E33: 發聲 | F33: k | G33: k | H33: 居 古 九 舉 公 過 俱 佳 乖 姑 各 兼 詭 規 几 吉 紀 格
A34: 29 | B34: 牙音 | C34: 溪 | D34: 次清 | E34: 送氣 | F34: kh | G34: kʰ | H34: 去 苦 曲 丘 豈 口 可 起 乞 客 綺 恪 康 墟 袪 羌 驅 弃 空 牽 枯 欽 謙 區 窺 卿 詰 傾 楷
A35: 30 | B35: 牙音 | C35: 群 | D35: 全濁 | F35: k | G35: ɡ | H35: 渠 巨 強 其 跪 求 曁 狂 奇 具 臼 衢
A36: 31 | B36: 牙音 | C36: 疑 | D36: 次濁 | E36: 收聲 | F36: g | G36: ŋ | H36: 五 魚 牛 語 遇 擬 愚 俄 虞 疑 研 宜 危 吾 玉
A37: 34 | B37: 喉音 | C37: 影 | D37: 全清 | E37: 發聲 | F37: Ø | H37: 烏 於 握 央 憶 哀 乙 謁 一 委 挹 安 紆 烟 衣 依 鷖 伊 憂 愛
A38: 32 | B38: 喉音 | C38: 曉 | D38: 全清 | E38: 送氣 | F38: h | G38: x | H38: 呼 許 香 喜 朽 況 荒 火 虚 虎 興 花 休 况 馨 海 羲 呵
A39: 33 | B39: 喉音 | C39: 匣 | D39: 全濁 | F39: h | G39: ɣ | H39: 戸 下 胡 獲 侯 懷 何 乎 黃
A40: 35 | B40: 喉音 | C40: 云 | D40: 次濁 | E40: 收聲 | F40: Ø | G40: ɣ | H40: 羽 下 薳 洧 雨 爲 王 有 于 永 韋 榮 云 雲 筠
A41: 36 | B41: 喉音 | C41: 以 | D41: 次濁 | E41: 收聲 | F41: Ø | G41: j | H41: 以 餘 弋 悅 與 羊 翼 于 余 移 夷 營
A42: 37 | B42: 半舌音 | C42: 來 | D42: 次濁 | E42: 收聲 | F42: l | G42: l | H42: 力 盧 吕 里 落 郎 賴 魯 縷 勒 良 來 洛 連 練 離 林
A43: 38 | B43: 半齒音 | C43: 日 | D43: 次濁 | E43: 收聲 | F43: j | G43: ȵʑ | H43: 如 而 汝 人 儒 耳 兒 仍
B45: 《廣韻》《韻鏡》反切上字與河洛音對應表

Sheet 反切下字與韻母
A1: 序 | B1: 攝 | C1: 韻系 | D1: 等 | E1: 呼 | F1: 韻母 | G1: 台羅音標 | H1: 國際音標 | I1: 反切下字
A2: 1 | B2: 通 | C2: 東 | D2: 一 | E2: 開 | F2: 東一 | G2: ong | H2: [-uŋ] | I2: 紅 公 東 動 孔 董 揔 蠓 弄 貢 送 凍
A3: =A2+1 -> 2 | B3: 通 | C3: 東 | D3: 三 | E3: 開 | F3: 東三 | G3: iong | H3: [-ĭuŋ] | I3: 弓 戎 中 融 宮 空 終 貢 衆 鳳 仲
A4: =A3+1 -> 3 | B4: 通 | C4: 冬 | D4: 一 | E4: 開 | F4: 冬 | G4: ong | H4: [-uoŋ] | I4: 宗 冬 𪁪 湩 統 宋 綜
A5: =A4+1 -> 4 | B5: 通 | C5: 鍾 | D5: 三 | E5: 開 | F5: 鍾 | G5: iong | H5: [-ĭwoŋ] | I5: 容 鍾 封 凶 庸 恭 隴 踵 奉 宂 悚 拱 勇 冢 頌 用
A6: =A5+1 -> 5 | B6: 江 | C6: 江 | D6: 二 | E6: 開 | F6: 江 | G6: ang | H6: [-ɔŋ] | I6: 雙 江 項 講 慃 巷 絳 降
A7: =A6+1 -> 6 | B7: 通 | C7: 東 | D7: 一 | E7: 開 | F7: 屋一 | G7: ok | H7: [-uk] | I7: 谷 禄 木 卜
A8: =A7+1 -> 7 | B8: 通 | C8: 東 | D8: 三 | E8: 開 | F8: 屋三 | G8: iok | H8: [-ĭuk] | I8: 六 竹 匊 宿 福 逐 菊
A9: =A8+1 -> 8 | B9: 通 | C9: 冬 | D9: 一 | E9: 開 | F9: 沃 | G9: ok | H9: [-uok] | I9: 酷 沃 毒 篤
A10: =A9+1 -> 9 | B10: 通 | C10: 鍾 | D10: 三 | E10: 開 | F10: 燭 | G10: iok | H10: [-ĭwok] | I10: 欲 玉 蜀 録 足 曲
A11: =A10+1 -> 10 | B11: 江 | C11: 江 | D11: 二 | E11: 開 | F11: 覺 | G11: ak | H11: [-ɔk] | I11: 岳 角 覺
A12: =A11+1 -> 11 | B12: 止 | C12: 支 | D12: 三 | E12: 開 | F12: 支開 | G12: i | H12: [-ĭe] | I12: 移 支 宜 知 離 氏 紙 綺 爾 是 此 帋 豸 侈 義 智 寄 賜 豉
A13: =A12+1 -> 12 | B13: 止 | C13: 支 | D13: 三 | E13: 合 | F13: 支合 | G13: ui | H13: [-ĭwe] | I13: 支 爲 垂 危 吹 委 累 婢 捶 髓 睡 僞 瑞 恚
A14: =A13+1 -> 13 | B14: 止 | C14: 支A | D14: 三 | E14: 開 | F14: 支A開 | G14: i | H14: [-ĭe] | I14: 移 支 弭 婢 俾 帋 義 智 賜 企
... A42: =A41+1 -> 41 | B42: 蟹 | C42: 祭A | D42: 三 | E42: 開 | F42: 祭A開 | G42: e | H42: [-ĭɛi] | I42: 祭 袂 𡚁 蔽
A43: =A42+1 -> 42 | B43: 蟹 | C43: 祭A | D43: 三 | E43: 合 | F43: 祭A合 | G43: ue | H43: [-ĭwɛi]
A44: =A43+1 -> 43 | B44: 蟹 | C44: 祭B | D44: 三 | E44: 開 | F44: 祭B開 | G44: e | H44: [-ĭɛi] | I44: 例 罽 憩
A45: =A44+1 -> 44 | B45: 蟹 | C45: 祭B | D45: 三 | E45: 合 | F45: 祭B合 | G45: ue | H45: [-ĭwɛi] | I45: 衞
A46: =A45+1 -> 45 | B46: 蟹 | C46: 齊 | D46: 四 | E46: 開 | F46: 齊開 | G46: e | H46: [-iei] | I46: 奚 稽 兮 雞 迷 低 臡 禮 啓 米 弟 計 詣 戾
A47: =A46+1 -> 46 | B47: 蟹 | C47: 齊 | D47: 四 | E47: 合 | F47: 齊合 | G47: ui/ue | H47: [-iwei] | I47: 攜 圭 桂 惠
A48: =A47+1 -> 47 | B48: 蟹 | C48: 咍 | D48: 一 | E48: 開 | F48: 咍 | G48: ai | H48: [-ɒi] | I48: 來 哀 開 哉 才 改 亥 愷 宰 紿 乃 在 蓋 耐 代 漑 槩 愛
A49: =A48+1 -> 48 | B49: 蟹 | C49: 灰 | D49: 一 | E49: 合 | F49: 灰 | G49: ue | H49: [-uɒi] | I49: 恢 回 杯 灰 罪 賄 猥 對 昧 佩 内 隊 繢 妹 輩
A50: =A49+1 -> 49 | B50: 臻 | C50: 眞 | D50: 三 | E50: 開 | F50: 眞開 | G50: in | I50: 鄰 人 眞 珍 忍 軫 引 紖 刃 晉 振 遴
A51: =A50+1 -> 50 | B51: 臻 | C51: 眞 | D51: 三 | E51: 合 | F51: 眞合 | G51: in | I51: 贇 敏
A52: =A51+1 -> 51 | B52: 臻 | C52: 眞A | D52: 三 | E52: 開 | F52: 眞A | G52: in | I52: 鄰 人 眞 賓 忍 盡 腎 刃 印
A53: =A52+1 -> 52 | B53: 臻 | C53: 眞B | D53: 三 | E53: 開 | F53: 眞B開 | G53: in | I53: 巾 銀 引 殞 刃 覲 遴
A54: =A53+1 -> 53 | B54: 臻 | C54: 眞B | D54: 三 | E54: 合 | F54: 眞B合 | G54: in | I54: 筠 倫 殞
A55: =A54+1 -> 54 | B55: 臻 | C55: 臻 | D55: 三 | E55: 開 | F55: 臻 | G55: in | H55: [-ĭen] | I55: 詵 臻 謹 覲
A56: =A55+1 -> 55 | B56: 臻 | C56: 諄 | D56: 三 | E56: 合 | F56: 諄 | G56: un | H56: [-ĭuĕn] | I56: 倫 勻 迍 綸 脣 旬 遵 尹 準 允 峻 閏 順
A57: =A56+1 -> 56 | B57: 臻 | C57: 諄A | D57: 三 | E57: 合 | F57: 諄A | G57: un | H57: [-ĭuĕn] | I57: 勻 尹 峻
A58: =A57+1 -> 57 | B58: 臻 | C58: 痕 | D58: 一 | E58: 開 | F58: 痕 | G58: un/irn | H58: [-ən] | I58: 恩 痕 根 墾 很 艮 恨
A59: =A58+1 -> 58 | B59: 臻 | C59: 魂 | D59: 一 | E59: 合 | F59: 魂 | G59: un | H59: [-uən] | I59: 昆 渾 奔 尊 魂 本 忖 損 衮 困 悶 寸
A60: =A59+1 -> 59 | B60: 臻 | C60: 欣 | D60: 三 | E60: 開 | F60: 欣 | G60: in | H60: [-ĭən] | I60: 斤 欣 謹 隱 靳 焮
A61: =A60+1 -> 60 | B61: 臻 | C61: 文 | D61: 三 | E61: 合 | F61: 文 | G61: un | H61: [-ĭuən] | I61: 分 云 文 粉 吻 運 問
A62: =A61+1 -> 61 | B62: 山 | C62: 寒 | D62: 一 | E62: 開 | F62: 寒 | G62: an | H62: [-ɑn] | I62: 安 寒 干 笴 旱 但 旰 旦 按 案 賛
A63: =A62+1 -> 62 | B63: 山 | C63: 桓 | D63: 一 | E63: 合 | F63: 桓 | G63: uan | H63: [-uɑn] | I63: 官 丸 端 潘 旱 管 緩 滿 纂 伴 玩 筭 貫 亂 換 段 半 慢 喚
A64: =A63+1 -> 63 | B64: 臻 | C64: 元 | D64: 三 | E64: 開 | F64: 元開 | G64: ian | H64: [-ĭɐn] | I64: 軒 言 幰 偃 万 建 堰
A65: =A64+1 -> 64 | B65: 臻 | C65: 元 | D65: 三 | E65: 合 | F65: 元合 | G65: uan | H65: [-ĭwɐn] | I65: 袁 元 煩 遠 阮 晚 怨 願 販 万
A66: =A65+1 -> 65 | B66: 山 | C66: 刪 | D66: 二 | E66: 開 | F66: 刪開 | G66: an | H66: [-an] | I66: 姦 還 顔 班 板 綰 赧 晏 澗 患 諫 鴈
... A77: =A76+1 -> 76 | B77: 山 | C77: 先 | D77: 四 | E77: 合 | F77: 先合 | G77: ian | H77: [-iwen] | I77: 玄 涓 畎 泫 縣 練
A78: =A77+1 -> 77 | B78: 臻 | C78: 眞 | D78: 三 | E78: 開 | F78: 質開 | G78: it | I78: 日 質 一 七 悉 吉 栗
A79: =A78+1 -> 78 | B79: 臻 | C79: 眞 | D79: 三 | E79: 合 | F79: 質合 | G79: it | I79: 筆
A80: =A79+1 -> 79 | B80: 臻 | C80: 眞A | D80: 三 | E80: 開 | F80: 質A | G80: it | I80: 質 悉 吉 畢 必
A81: =A80+1 -> 80 | B81: 臻 | C81: 眞B | D81: 三 | E81: 開 | F81: 質B開 | G81: it | I81: 畢 乙 筆 密
A82: =A81+1 -> 81 | B82: 臻 | C82: 眞B | D82: 三 | E82: 合 | F82: 質B合 | G82: it | I82: 聿
A83: =A82+1 -> 82 | B83: 臻 | C83: 臻 | D83: 三 | E83: 開 | F83: 櫛 | G83: it | H83: [-ĭet] | I83: 栗 叱 瑟 櫛
A84: =A83+1 -> 83 | B84: 臻 | C84: 諄 | D84: 三 | E84: 合 | F84: 術 | G84: ut | H84: [-ĭuĕt] | I84: 筆 律 聿 䘏
A85: =A84+1 -> 84 | B85: 臻 | C85: 諄A | D85: 三 | E85: 合 | F85: 術A | G85: ut | H85: [-ĭuĕt] | I85: 必 聿
A86: =A85+1 -> 85 | B86: 臻 | C86: 痕 | D86: 一 | E86: 開 | F86: 麧 | H86: [-ət] | I86: 没
A87: =A86+1 -> 86 | B87: 臻 | C87: 魂 | D87: 一 | E87: 合 | F87: 沒 | G87: ut | H87: [-uət] | I87: 勃 骨 忽 没
A88: =A87+1 -> 87 | B88: 臻 | C88: 欣 | D88: 三 | E88: 開 | F88: 迄 | G88: it | H88: [-ĭət] | I88: 乙 訖 迄
A89: =A88+1 -> 88 | B89: 臻 | C89: 文 | D89: 三 | E89: 合 | F89: 物 | G89: ut | H89: [-ĭuət] | I89: 弗 勿 物
A90: =A89+1 -> 89 | B90: 山 | C90: 寒 | D90: 一 | E90: 開 | F90: 曷 | G90: at | H90: [-ɑt] | I90: 葛 割 達 曷 末
A91: =A90+1 -> 90 | B91: 山 | C91: 桓 | D91: 一 | E91: 合 | F91: 末 | G91: uat | H91: [-uɑt] | I91: 撥 活 末 栝 括
A92: =A91+1 -> 91 | B92: 臻 | C92: 元 | D92: 三 | E92: 開 | F92: 月開 | G92: iat | H92: [-ĭɐt] | I92: 歇 竭 謁 訐
A93: =A92+1 -> 92 | B93: 臻 | C93: 元 | D93: 三 | E93: 合 | F93: 月合 | G93: uat | H93: [-ĭwɐt] | I93: 厥 越 伐 月 發
A94: =A93+1 -> 93 | B94: 山 | C94: 刪 | D94: 二 | E94: 開 | F94: 黠開 | G94: at | H94: [-at] | I94: 瞎 鎋 轄
A95: =A94+1 -> 94 | B95: 山 | C95: 刪 | D95: 二 | E95: 合 | F95: 黠合 | G95: uat | H95: [-wat] | I95: 䫄 刮
A96: =A95+1 -> 95 | B96: 山 | C96: 山 | D96: 二 | E96: 開 | F96: 鎋開 | G96: at | H96: [-æt] | I96: 八 拔 黠
A97: =A96+1 -> 96 | B97: 山 | C97: 山 | D97: 二 | E97: 合 | F97: 鎋合 | G97: uat | H97: [-wæt] | I97: 八 滑
A98: =A97+1 -> 97 | B98: 山 | C98: 仙 | D98: 三 | E98: 開 | F98: 薛開 | G98: iat | H98: [-ĭɛt] | I98: 列 辥 熱
... A137: =A136+1 -> 136 | B137: 曾 | C137: 蒸 | D137: 三 | E137: 開 | F137: 蒸 | G137: ing | H137: [-ĭəŋ] | I137: 仍 陵 膺 冰 蒸 乗 矜 兢 升 拯 庱 應 證 孕 甑 𩜁
A138: =A137+1 -> 137 | B138: 曾 | C138: 蒸 | D138: 三 | E138: 合
A139: =A138+1 -> 138 | B139: 宕 | C139: 唐 | D139: 一 | E139: 開 | F139: 鐸開 | G139: ok | H139: [-ɑk] | I139: 落 各
A140: =A139+1 -> 139 | B140: 宕 | C140: 唐 | D140: 一 | E140: 合 | F140: 鐸合 | G140: ok | H140: [-uɑk] | I140: 郭 博 穫
A141: =A140+1 -> 140 | B141: 宕 | C141: 陽 | D141: 三 | E141: 開 | F141: 藥開 | G141: ok | H141: [-ĭak] | I141: 灼 勺 若 藥 約 略 爵 雀 虐
A142: =A141+1 -> 141 | B142: 宕 | C142: 陽 | D142: 三 | E142: 合 | F142: 藥合 | G142: ok | H142: [-ĭwak] | I142: 縛 钁 籰
A143: =A142+1 -> 142 | B143: 梗 | C143: 庚 | D143: 二 | E143: 開 | F143: 陌二開 | G143: ik | H143: [-ɐk] | I143: 白 格 陌 伯
A144: =A143+1 -> 143 | B144: 梗 | C144: 庚 | D144: 二 | E144: 合 | F144: 陌二合 | G144: ik | H144: [-wɐk] | I144: 白 伯 擭
A145: =A144+1 -> 144 | B145: 梗 | C145: 庚 | D145: 三 | E145: 開 | F145: 陌三開 | G145: ik | H145: [-ĭɐk] | I145: 逆 劇 戟 郤 役
A146: =A145+1 -> 145 | B146: 梗 | C146: 庚 | D146: 三 | E146: 合 | F146: 陌三合 | G146: ik | H146: [-ĭwɐk] | I146: 虢
A147: =A146+1 -> 146 | B147: 梗 | C147: 耕 | D147: 二 | E147: 開 | F147: 麥開 | G147: ik | H147: [-æk] | I147: 獲 麥 厄 革 核 責 摘 戹
A148: =A147+1 -> 147 | B148: 梗 | C148: 耕 | D148: 二 | E148: 合 | F148: 麥合 | G148: ik | H148: [-wæk] | I148: 獲 麥 摑
A149: =A148+1 -> 148 | B149: 梗 | C149: 清 | D149: 三 | E149: 開 | F149: 昔開 | G149: ik | H149: [-ĭɛk] | I149: 積 昔 益 隻 石 炙 迹 易 亦
A150: =A149+1 -> 149 | B150: 梗 | C150: 清 | D150: 三 | E150: 合 | F150: 昔合 | G150: ik | H150: [-ĭwɛk] | I150: 隻 役
... A168: =A167+1 -> 167 | B168: 咸 | C168: 銜 | D168: 二 | E168: 開 | F168: 銜 | G168: am | H168: [-am] | I168: 監 銜 黤 檻 懺 鑒 鑑
A169: =A168+1 -> 168 | B169: 咸 | C169: 咸 | D169: 二 | E169: 開 | F169: 咸 | G169: am | I169: 讒 咸 斬 減 豏 韽 陷 賺
A170: =A169+1 -> 169 | B170: 咸 | C170: 鹽 | D170: 三 | E170: 開 | F170: 鹽 | G170: iam | H170: [-ĭɛm] | I170: 廉 鹽 占 炎 冉 琰 染 漸 贍 豔 驗
A171: =A170+1 -> 170 | B171: 咸 | C171: 鹽A | D171: 三 | E171: 開 | F171: 鹽A | G171: iam | H171: [-ĭɛm] | I171: 鹽 琰 豔
A172: =A171+1 -> 171 | B172: 咸 | C172: 鹽B | D172: 三 | E172: 開 | F172: 鹽B | G172: iam | H172: [-ĭɛm] | I172: 廉 炎 淹 檢 斂 險 奄 儉 驗 窆
A173: =A172+1 -> 172 | B173: 咸 | C173: 添 | D173: 四 | E173: 開 | F173: 添 | G173: iam | H173: [-iem] | I173: 兼 甜 玷 忝 簟 念 店
A174: =A173+1 -> 173 | B174: 咸 | C174: 覃 | D174: 一 | E174: 開 | F174: 覃 | G174: am | H174: [-ɒm] | I174: 含 男 南 禫 感 唵 紺 暗
A175: =A174+1 -> 174 | B175: 深 | C175: 侵 | D175: 三 | E175: 開 | F175: 緝 | G175: ip | H175: [-ĭĕp] | I175: 入 執 立 戢 汁
A176: =A175+1 -> 175 | B176: 深 | C176: 侵A | D176: 三 | E176: 開 | F176: 緝A | G176: ip | H176: [-ĭĕp] | I176: 入
A177: =A176+1 -> 176 | B177: 深 | C177: 侵B | D177: 三 | E177: 開 | F177: 緝B | G177: ip | H177: [-ĭĕp] | I177: 立 及 急 汲
A178: =A177+1 -> 177 | B178: 咸 | C178: 談 | D178: 一 | E178: 開 | F178: 盍 | G178: ap | H178: [-ɑp] | I178: 臘 盍 榼 雜
A179: =A178+1 -> 178 | B179: 咸 | C179: 嚴 | D179: 三 | E179: 開 | F179: 業 | G179: iap | H179: [-ĭɐp] | I179: 怯 業 劫
A180: =A179+1 -> 179 | B180: 咸 | C180: 凡 | D180: 三 | E180: 合 | F180: 乏 | G180: uat/uap | H180: [-ĭwɐp] | I180: 法 乏
A181: =A180+1 -> 180 | B181: 咸 | C181: 銜 | D181: 二 | E181: 開 | F181: 狎 | G181: ap | H181: [-ap] | I181: 甲 狎
A182: =A181+1 -> 181 | B182: 咸 | C182: 咸 | D182: 二 | E182: 開 | F182: 洽 | G182: ap | I182: 夾 洽 㘝
A183: =A182+1 -> 182 | B183: 咸 | C183: 鹽 | D183: 三 | E183: 開 | F183: 葉 | G183: iap | H183: [-ĭɐp] | I183: 涉 葉 攝 輒 接
A184: =A183+1 -> 183 | B184: 咸 | C184: 鹽A | D184: 三 | E184: 開 | F184: 葉A | G184: iap | H184: [-ĭɐp] | I184: 涉 葉
A185: =A184+1 -> 184 | B185: 咸 | C185: 鹽B | D185: 三 | E185: 開 | F185: 葉B | G185: iap | H185: [-ĭɐp] | I185: 輒
A186: =A185+1 -> 185 | B186: 咸 | C186: 添 | D186: 四 | E186: 開 | F186: 怗 | G186: iap | H186: [-iep] | I186: 協 頰 愜 牒
A187: =A186+1 -> 186 | B187: 咸 | C187: 覃 | D187: 一 | E187: 開 | F187: 合 | G187: ap | H187: [-ɒp] | I187: 閤 沓 合 荅

Sheet 韻目檢索表
J2: 1 | N2: 2 | R2: 3 | V2: 4
J3: 開 | L3: 合 | N3: 開 | P3: 合 | R3: 開 | T3: 合 | V3: 開 | X3: 合
B4: 識別號 | C4: 攝 | D4: 韻 | E4: 韻目 | F4: 平聲 | G4: 上聲 | H4: 去聲 | I4: 入聲 | J4: 舒聲韻 | K4: 促聲韻 | L4: 舒聲韻 | M4: 促聲韻 | N4: 舒聲韻 | O4: 促聲韻 | P4: 舒聲韻 | Q4: 促聲韻 | R4: 舒聲韻 | S4: 促聲韻 | T4: 舒聲韻 | U4: 促聲韻 | V4: 舒聲韻 | W4: 促聲韻 | X4: 舒聲韻 | Y4: 促聲韻
B5: 1 | C5: 通 | D5: 東 | E5: =_xlfn.CONCAT(韻表_3[[#This Row],[平聲]:[入聲]]) -> 東董送屋 | F5: 東 | G5: 董 | H5: 送 | I5: 屋 | J5: ong | K5: ok | R5: iong | S5: iok
B6: 2 | C6: 通 | D6: 冬 | E6: =_xlfn.CONCAT(韻表_3[[#This Row],[平聲]:[入聲]]) -> 冬∅宋沃 | F6: 冬 | G6: ∅ | H6: 宋 | I6: 沃 | J6: ong | K6: ok
B7: 3 | C7: 通 | D7: 鍾 | E7: =_xlfn.CONCAT(韻表_3[[#This Row],[平聲]:[入聲]]) -> 鍾腫用燭 | F7: 鍾 | G7: 腫 | H7: 用 | I7: 燭 | R7: iong | S7: iok
B8: 4 | C8: 江 | D8: 江 | E8: =_xlfn.CONCAT(韻表_3[[#This Row],[平聲]:[入聲]]) -> 江講絳覺 | F8: 江 | G8: 講 | H8: 絳 | I8: 覺 | N8: ang | O8: ak
B9: 5 | C9: 止 | D9: 支 | E9: =_xlfn.CONCAT(韻表_3[[#This Row],[平聲]:[入聲]]) -> 支紙寘∅ | F9: 支 | G9: 紙 | H9: 寘 | I9: ∅ | R9: i | T9: ui
B10: 6 | C10: 止 | D10: 脂 | E10: =_xlfn.CONCAT(韻表_3[[#This Row],[平聲]:[入聲]]) -> 脂旨至∅ | F10: 脂 | G10: 旨 | H10: 至 | I10: ∅ | R10: i | T10: ui
B11: 7 | C11: 止 | D11: 之 | E11: =_xlfn.CONCAT(韻表_3[[#This Row],[平聲]:[入聲]]) -> 之止志∅ | F11: 之 | G11: 止 | H11: 志 | I11: ∅ | R11: i
B12: 8 | C12: 止 | D12: 微 | E12: =_xlfn.CONCAT(韻表_3[[#This Row],[平聲]:[入聲]]) -> 微尾未∅ | F12: 微 | G12: 尾 | H12: 未 | I12: ∅ | R12: i | T12: ui
B13: 9 | C13: 遇 | D13: 魚 | E13: =_xlfn.CONCAT(韻表_3[[#This Row],[平聲]:[入聲]]) -> 魚語御∅ | F13: 魚 | G13: 語 | H13: 御 | I13: ∅ | R13: u/ir
B14: 10 | C14: 遇 | D14: 虞 | E14: =_xlfn.CONCAT(韻表_3[[#This Row],[平聲]:[入聲]]) -> 虞麌遇∅ | F14: 虞 | G14: 麌 | H14: 遇 | I14: ∅ | R14: u
B15: 11 | C15: 遇 | D15: 模 | E15: =_xlfn.CONCAT(韻表_3[[#This Row],[平聲]:[入聲]]) -> 模姥暮∅ | F15: 模 | G15: 姥 | H15: 暮 | I15: ∅ | J15: oo
B16: 12 | C16: 蟹 | D16: 齊 | E16: =_xlfn.CONCAT(韻表_3[[#This Row],[平聲]:[入聲]]) -> 齊薺霽∅ | F16: 齊 | G16: 薺 | H16: 霽 | I16: ∅ | V16: e | X16: ui/ue
B17: 13 | C17: 蟹 | D17: 佳 | E17: =_xlfn.CONCAT(韻表_3[[#This Row],[平聲]:[入聲]]) -> 佳蟹卦∅ | F17: 佳 | G17: 蟹 | H17: 卦 | I17: ∅ | N17: ai | P17: ua
B18: 14 | C18: 蟹 | D18: 皆 | E18: =_xlfn.CONCAT(韻表_3[[#This Row],[平聲]:[入聲]]) -> 皆駭怪∅ | F18: 皆 | G18: 駭 | H18: 怪 | I18: ∅ | N18: ai | P18: uai
B19: 15 | C19: 蟹 | D19: 灰 | E19: =_xlfn.CONCAT(韻表_3[[#This Row],[平聲]:[入聲]]) -> 灰賄隊∅ | F19: 灰 | G19: 賄 | H19: 隊 | I19: ∅ | K19: ue
B20: 16 | C20: 蟹 | D20: 咍 | E20: =_xlfn.CONCAT(韻表_3[[#This Row],[平聲]:[入聲]]) -> 咍海代∅ | F20: 咍 | G20: 海 | H20: 代 | I20: ∅ | J20: ai
B21: 17 | C21: 臻 | D21: 真 | E21: =_xlfn.CONCAT(韻表_3[[#This Row],[平聲]:[入聲]]) -> 真軫震質 | F21: 真 | G21: 軫 | H21: 震 | I21: 質 | R21: in | S21: it
B22: 18 | C22: 臻 | D22: 諄 | E22: =_xlfn.CONCAT(韻表_3[[#This Row],[平聲]:[入聲]]) -> 諄準稕術 | F22: 諄 | G22: 準 | H22: 稕 | I22: 術 | R22: un | S22: ut
B23: 19 | C23: 臻 | D23: 臻 | E23: =_xlfn.CONCAT(韻表_3[[#This Row],[平聲]:[入聲]]) -> 臻∅齔櫛 | F23: 臻 | G23: ∅ | H23: 齔 | I23: 櫛 | N23: in | O23: it
B24: 20 | C24: 臻 | D24: 文 | E24: =_xlfn.CONCAT(韻表_3[[#This Row],[平聲]:[入聲]]) -> 文吻問物 | F24: 文 | G24: 吻 | H24: 問 | I24: 物 | R24: un | S24: ut
B25: 21 | C25: 臻 | D25: 殷 | E25: =_xlfn.CONCAT(韻表_3[[#This Row],[平聲]:[入聲]]) -> 殷隱焮迄 | F25: 殷 | G25: 隱 | H25: 焮 | I25: 迄 | R25: in | S25: it
B26: 22 | C26: 臻 | D26: 元 | E26: =_xlfn.CONCAT(韻表_3[[#This Row],[平聲]:[入聲]]) -> 元阮願月 | F26: 元 | G26: 阮 | H26: 願 | I26: 月 | R26: ian | S26: iat | T26: uan | U26: uat
B27: 23 | C27: 臻 | D27: 魂 | E27: =_xlfn.CONCAT(韻表_3[[#This Row],[平聲]:[入聲]]) -> 魂混慁沒 | F27: 魂 | G27: 混 | H27: 慁 | I27: 沒 | J27: un | K27: ut
B28: 24 | C28: 臻 | D28: 痕 | E28: =_xlfn.CONCAT(韻表_3[[#This Row],[平聲]:[入聲]]) -> 痕很恨∅ | F28: 痕 | G28: 很 | H28: 恨 | I28: ∅ | J28: un/irn
B29: 25 | C29: 山 | D29: 寒 | E29: =_xlfn.CONCAT(韻表_3[[#This Row],[平聲]:[入聲]]) -> 寒旱翰曷 | F29: 寒 | G29: 旱 | H29: 翰 | I29: 曷 | J29: an | K29: at
B30: 26 | C30: 山 | D30: 桓 | E30: =_xlfn.CONCAT(韻表_3[[#This Row],[平聲]:[入聲]]) -> 桓緩換末 | F30: 桓 | G30: 緩 | H30: 換 | I30: 末 | N30: uan | O30: uat
B31: 27 | C31: 山 | D31: 刪 | E31: =_xlfn.CONCAT(韻表_3[[#This Row],[平聲]:[入聲]]) -> 刪潸諫黠 | F31: 刪 | G31: 潸 | H31: 諫 | I31: 黠 | N31: an | O31: at | P31: uan | Q31: uat
B32: 28 | C32: 山 | D32: 山 | E32: =_xlfn.CONCAT(韻表_3[[#This Row],[平聲]:[入聲]]) -> 山產襇鎋 | F32: 山 | G32: 產 | H32: 襇 | I32: 鎋 | N32: an | O32: at | P32: uan | Q32: uat
B33: 29 | C33: 山 | D33: 先 | E33: =_xlfn.CONCAT(韻表_3[[#This Row],[平聲]:[入聲]]) -> 先銑霰屑 | F33: 先 | G33: 銑 | H33: 霰 | I33: 屑 | V33: ian | W33: iat
B34: 30 | C34: 山 | D34: 仙 | E34: =_xlfn.CONCAT(韻表_3[[#This Row],[平聲]:[入聲]]) -> 仙獮線薛 | F34: 仙 | G34: 獮 | H34: 線 | I34: 薛 | R34: ian | S34: iat | T34: uan | U34: uat
B35: 31 | C35: 效 | D35: 蕭 | E35: =_xlfn.CONCAT(韻表_3[[#This Row],[平聲]:[入聲]]) -> 蕭篠嘯∅ | F35: 蕭 | G35: 篠 | H35: 嘯 | I35: ∅ | V35: iau
B36: 32 | C36: 效 | D36: 宵 | E36: =_xlfn.CONCAT(韻表_3[[#This Row],[平聲]:[入聲]]) -> 宵小笑∅ | F36: 宵 | G36: 小 | H36: 笑 | I36: ∅ | R36: iau
B37: 33 | C37: 效 | D37: 肴 | E37: =_xlfn.CONCAT(韻表_3[[#This Row],[平聲]:[入聲]]) -> 肴巧效∅ | F37: 肴 | G37: 巧 | H37: 效 | I37: ∅ | N37: au
B38: 34 | C38: 效 | D38: 豪 | E38: =_xlfn.CONCAT(韻表_3[[#This Row],[平聲]:[入聲]]) -> 豪晧号∅ | F38: 豪 | G38: 晧 | H38: 号 | I38: ∅ | J38: o/au
B39: 35 | C39: 果 | D39: 歌 | E39: =_xlfn.CONCAT(韻表_3[[#This Row],[平聲]:[入聲]]) -> 歌哿箇∅ | F39: 歌 | G39: 哿 | H39: 箇 | I39: ∅ | J39: o
B40: 36 | C40: 果 | D40: 戈 | E40: =_xlfn.CONCAT(韻表_3[[#This Row],[平聲]:[入聲]]) -> 戈果過∅ | F40: 戈 | G40: 果 | H40: 過 | I40: ∅ | J40: o
B41: 37 | C41: 假 | D41: 麻 | E41: =_xlfn.CONCAT(韻表_3[[#This Row],[平聲]:[入聲]]) -> 麻馬禡∅ | F41: 麻 | G41: 馬 | H41: 禡 | I41: ∅ | N41: a | P41: ua | R41: ia
B42: 38 | C42: 宕 | D42: 陽 | E42: =_xlfn.CONCAT(韻表_3[[#This Row],[平聲]:[入聲]]) -> 陽養漾藥 | F42: 陽 | G42: 養 | H42: 漾 | I42: 藥 | R42: iong | S42: iok
B43: 39 | C43: 宕 | D43: 唐 | E43: =_xlfn.CONCAT(韻表_3[[#This Row],[平聲]:[入聲]]) -> 唐蕩宕鐸 | F43: 唐 | G43: 蕩 | H43: 宕 | I43: 鐸 | R43: ong | S43: ok
B44: 40 | C44: 梗 | D44: 庚 | E44: =_xlfn.CONCAT(韻表_3[[#This Row],[平聲]:[入聲]]) -> 庚梗敬陌 | F44: 庚 | G44: 梗 | H44: 敬 | I44: 陌 | N44: ing | O44: ik
B45: 41 | C45: 梗 | D45: 耕 | E45: =_xlfn.CONCAT(韻表_3[[#This Row],[平聲]:[入聲]]) -> 耕耿諍麥 | F45: 耕 | G45: 耿 | H45: 諍 | I45: 麥 | N45: ing | O45: ik
B46: 42 | C46: 梗 | D46: 清 | E46: =_xlfn.CONCAT(韻表_3[[#This Row],[平聲]:[入聲]]) -> 清靜勁昔 | F46: 清 | G46: 靜 | H46: 勁 | I46: 昔 | R46: ing | S46: ik
B47: 43 | C47: 梗 | D47: 青 | E47: =_xlfn.CONCAT(韻表_3[[#This Row],[平聲]:[入聲]]) -> 青迥徑錫 | F47: 青 | G47: 迥 | H47: 徑 | I47: 錫 | V47: ing | W47: ik
B48: 44 | C48: 曾 | D48: 蒸 | E48: =_xlfn.CONCAT(韻表_3[[#This Row],[平聲]:[入聲]]) -> 蒸拯證職 | F48: 蒸 | G48: 拯 | H48: 證 | I48: 職 | R48: ing | S48: ik
B49: 45 | C49: 曾 | D49: 登 | E49: =_xlfn.CONCAT(韻表_3[[#This Row],[平聲]:[入聲]]) -> 登等嶝德 | F49: 登 | G49: 等 | H49: 嶝 | I49: 德 | J49: ing | K49: ik
B50: 46 | C50: 流 | D50: 尤 | E50: =_xlfn.CONCAT(韻表_3[[#This Row],[平聲]:[入聲]]) -> 尤有宥∅ | F50: 尤 | G50: 有 | H50: 宥 | I50: ∅ | R50: iu
B51: 47 | C51: 流 | D51: 侯 | E51: =_xlfn.CONCAT(韻表_3[[#This Row],[平聲]:[入聲]]) -> 侯厚候∅ | F51: 侯 | G51: 厚 | H51: 候 | I51: ∅ | J51: oo/io
B52: 48 | C52: 流 | D52: 幽 | E52: =_xlfn.CONCAT(韻表_3[[#This Row],[平聲]:[入聲]]) -> 幽黝幼∅ | F52: 幽 | G52: 黝 | H52: 幼 | I52: ∅ | R52: iu
B53: 49 | C53: 深 | D53: 侵 | E53: =_xlfn.CONCAT(韻表_3[[#This Row],[平聲]:[入聲]]) -> 侵寢沁緝 | F53: 侵 | G53: 寢 | H53: 沁 | I53: 緝 | R53: im | S53: ip
B54: 50 | C54: 咸 | D54: 覃 | E54: =_xlfn.CONCAT(韻表_3[[#This Row],[平聲]:[入聲]]) -> 覃感勘合 | F54: 覃 | G54: 感 | H54: 勘 | I54: 合 | J54: am | K54: ap
B55: 51 | C55: 咸 | D55: 談 | E55: =_xlfn.CONCAT(韻表_3[[#This Row],[平聲]:[入聲]]) -> 談敢闞盍 | F55: 談 | G55: 敢 | H55: 闞 | I55: 盍 | J55: am | K55: ap
B56: 52 | C56: 咸 | D56: 鹽 | E56: =_xlfn.CONCAT(韻表_3[[#This Row],[平聲]:[入聲]]) -> 鹽琰豔葉 | F56: 鹽 | G56: 琰 | H56: 豔 | I56: 葉 | R56: iam | S56: iap
B57: 53 | C57: 咸 | D57: 添 | E57: =_xlfn.CONCAT(韻表_3[[#This Row],[平聲]:[入聲]]) -> 添忝㮇帖 | F57: 添 | G57: 忝 | H57: 㮇 | I57: 帖 | V57: iam | W57: iap
B58: 54 | C58: 咸 | D58: 咸 | E58: =_xlfn.CONCAT(韻表_3[[#This Row],[平聲]:[入聲]]) -> 咸豏陷洽 | F58: 咸 | G58: 豏 | H58: 陷 | I58: 洽 | N58: am | O58: ap
B59: 55 | C59: 咸 | D59: 銜 | E59: =_xlfn.CONCAT(韻表_3[[#This Row],[平聲]:[入聲]]) -> 銜檻鑑狎 | F59: 銜 | G59: 檻 | H59: 鑑 | I59: 狎 | N59: am | O59: ap
B60: 56 | C60: 咸 | D60: 嚴 | E60: =_xlfn.CONCAT(韻表_3[[#This Row],[平聲]:[入聲]]) -> 嚴儼釅業 | F60: 嚴 | G60: 儼 | H60: 釅 | I60: 業 | R60: iam | S60: iap
B61: 57 | C61: 咸 | D61: 凡 | E61: =_xlfn.CONCAT(韻表_3[[#This Row],[平聲]:[入聲]]) -> 凡范梵乏 | F61: 凡 | G61: 范 | H61: 梵 | I61: 乏 | R61: uan/uam | S61: uat/uap

Sheet 韻目表
B2: 列號 | C2: 韻攝 | D2: 平聲 | E2: 上聲 | F2: 去聲 | G2: 入聲
B3: 1 | C3: 通 | D3: 東 【上平聲一東】 | E3: 董 【上聲一董】 | F3: 送 【去聲一送】 | G3: 屋 【入聲一屋】
B4: 2 | C4: 通 | D4: 冬 【上平聲二冬】 | F4: 宋 【去聲二宋】 | G4: 沃 【入聲二沃】
B5: 3 | C5: 通 | D5: 鍾 【上平聲三鍾】 | E5: 腫 【上聲二腫】 | F5: 用 【去聲三用】 | G5: 燭 【入聲三燭】
B6: 4 | C6: 江 | D6: 江 【上平聲四江】 | E6: 講 【上聲三講】 | F6: 絳 【去聲四絳】 | G6: 覺 【入聲四覺】
B7: 5 | C7: 止 | D7: 支 【上平聲五支】 | E7: 紙 【上聲四紙】 | F7: 寘 【去聲五寘】
B8: 6 | C8: 止 | D8: 脂 【上平聲六脂】 | E8: 旨 【上聲五旨】 | F8: 至 【去聲六至】
B9: 7 | C9: 止 | D9: 之 【上平聲七之】 | E9: 止 【上聲六止】 | F9: 志 【去聲七志】
B10: 8 | C10: 止 | D10: 微 【上平聲八微】 | E10: 尾 【上聲七尾】 | F10: 未 【去聲八未】
B11: 9 | C11: 遇 | D11: 魚 【上平聲九魚】 | E11: 語 【上聲八語】 | F11: 御 【去聲九御】
B12: 10 | C12: 遇 | D12: 虞 【上平聲十虞】 | E12: 麌 【上聲九麌】 | F12: 遇 【去聲十遇】
B13: 11 | C13: 遇 | D13: 模 【上平聲十一模】 | E13: 姥 【上聲十姥】 | F13: 暮 【去聲十一暮】
B14: 12 | C14: 蟹 | D14: 齊 【上平聲十二齊】 | E14: 薺 【上聲十一薺】 | F14: 霽 【去聲十二霽】
B15: 13 | C15: 蟹 | F15: 祭 【去聲十三祭】
B16: 14 | C16: 蟹 | F16: 泰 【去聲十四泰】
B17: 15 | C17: 蟹 | D17: 佳 【上平聲十三佳】 | E17: 蟹 【上聲十二蟹】 | F17: 卦 【去聲十五卦】
B18: 16 | C18: 蟹 | D18: 皆 【上平聲十四皆】 | E18: 駭 【上聲十三駭】 | F18: 怪 【去聲十六怪】
B19: 17 | C19: 蟹 | F19: 夬 【去聲十七夬】
B20: 18 | C20: 蟹 | D20: 灰 【上平聲十五灰】 | E20: 賄 【上聲十四賄】 | F20: 隊 【去聲十八隊】
B21: 19 | C21: 蟹 | D21: 咍 【上平聲十六咍】 | E21: 海 【上聲十五海】 | F21: 代 【去聲十九代】
B22: 20 | C22: 蟹 | F22: 廢 【去聲二十廢】
B23: 21 | C23: 臻 | D23: 真 【上平聲十七眞】 | E23: 軫 【上聲十六軫】 | F23: 震 【去聲二十一震】 | G23: 質 【入聲五質】
B24: 22 | C24: 臻 | D24: 諄 【上平聲十八諄】 | E24: 準 【上聲十七準】 | F24: 稕 【去聲二十二稕】 | G24: 術 【入聲六術】
B25: 23 | C25: 臻 | D25: 臻 【上平聲十九臻】 | F25: 齔 【去聲二十一齔】 | G25: 櫛 【入聲七櫛】
B26: 24 | C26: 臻 | D26: 文 【上平聲二十文】 | E26: 吻 【上聲十八吻】 | F26: 問 【去聲二十三問】 | G26: 物 【入聲八物】
B27: 25 | C27: 臻 | D27: 殷 【上平聲二十一殷】 | E27: 隱 【上聲十九隱】 | F27: 焮 【去聲二十四焮】 | G27: 迄 【入聲九迄】
B28: 26 | C28: 臻 | D28: 元 【上平聲二十二元】 | E28: 阮 【上聲二十阮】 | F28: 願 【去聲二十五願】 | G28: 月 【入聲十月】
B29: 27 | C29: 臻 | D29: 魂 【上平聲二十三魂】 | E29: 混 【上聲二十一混】 | F29: 慁 【去聲二十六慁】 | G29: 沒 【入聲十一沒】
B30: 28 | C30: 臻 | D30: 痕 【上平聲二十四痕】 | E30: 很 【上聲二十二很】 | F30: 恨 【去聲二十七恨】 | G30: 麧 【入聲十一麧】
B31: 29 | C31: 山 | D31: 寒 【上平聲二十五寒】 | E31: 旱 【上聲二十三旱】 | F31: 翰 【去聲二十八翰】 | G31: 曷 【入聲十二曷】
B32: 30 | C32: 山 | D32: 桓 【上平聲二十六桓】 | E32: 緩 【上聲二十四緩】 | F32: 換 【去聲二十九換】 | G32: 末 【入聲十三末】
B33: 31 | C33: 山 | D33: 刪 【上平聲二十七刪】 | E33: 潸 【上聲二十五潸】 | F33: 諫 【去聲三十諫】 | G33: 黠 【入聲十四黠】
B34: 32 | C34: 山 | D34: 山 【上平聲二十八山】 | E34: 產 【上聲二十六產】 | F34: 襇 【去聲三十一襇】 | G34: 鎋 【入聲十五鎋】
B35: 33 | C35: 山 | D35: 先 【下平聲一先】 | E35: 銑 【上聲二十七銑】 | F35: 霰 【去聲三十二霰】 | G35: 屑 【入聲十六屑】
B36: 34 | C36: 山 | D36: 仙 【下平聲二仙】 | E36: 獮 【上聲二十八獮】 | F36: 線 【去聲三十三線】 | G36: 薛 【入聲十七薛】
B37: 35 | C37: 效 | D37: 蕭 【下平聲三蕭】 | E37: 篠 【上聲二十九篠】 | F37: 嘯 【去聲三十四嘯】
B38: 36 | C38: 效 | D38: 宵 【下平聲四宵】 | E38: 小 【上聲三十小】 | F38: 笑 【去聲三十五笑】
B39: 37 | C39: 效 | D39: 肴 【下平聲五肴】 | E39: 巧 【上聲三十一巧】 | F39: 效 【去聲三十六效】
B40: 38 | C40: 效 | D40: 豪 【下平聲六豪】 | E40: 晧 【上聲三十二晧】 | F40: 号 【去聲三十七号】
B41: 39 | C41: 果 | D41: 歌 【下平聲七歌】 | E41: 哿 【上聲三十三哿】 | F41: 箇 【去聲三十八箇】
B42: 40 | C42: 果 | D42: 戈 【下平聲八戈】 | E42: 果 【上聲三十四果】 | F42: 過 【去聲三十九過】
B43: 41 | C43: 假 | D43: 麻 【下平聲九麻】 | E43: 馬 【上聲三十五馬】 | F43: 禡 【去聲四十禡】
B44: 42 | C44: 宕 | D44: 陽 【下平聲十陽】 | E44: 養 【上聲三十六養】 | F44: 漾 【去聲四十一漾】 | G44: 藥 【入聲十八藥】
B45: 43 | C45: 宕 | D45: 唐 【下平聲十一唐】 | E45: 蕩 【上聲三十七蕩】 | F45: 宕 【去聲四十二宕】 | G45: 鐸 【入聲十九鐸】
B46: 44 | C46: 梗 | D46: 庚 【下平聲十二庚】 | E46: 梗 【上聲三十八梗】 | F46: 敬 【去聲四十三敬】 | G46: 陌 【入聲二十陌】
B47: 45 | C47: 梗 | D47: 耕 【下平聲十三耕】 | E47: 耿 【上聲三十九耿】 | F47: 諍 【去聲四十四諍】 | G47: 麥 【入聲二十一麥】
B48: 46 | C48: 梗 | D48: 清 【下平聲十四清】 | E48: 靜 【上聲四十靜】 | F48: 勁 【去聲四十五勁】 | G48: 昔 【入聲二十二昔】
B49: 47 | C49: 梗 | D49: 青 【下平聲十五青】 | E49: 迥 【上聲四十一迥】 | F49: 徑 【去聲四十六徑】 | G49: 錫 【入聲二十三錫】
B50: 48 | C50: 曾 | D50: 蒸 【下平聲十六蒸】 | E50: 拯 【上聲四十二拯】 | F50: 證 【去聲四十七證】 | G50: 職 【入聲二十四職】
B51: 49 | C51: 曾 | D51: 登 【下平聲十七登】 | E51: 等 【上聲四十三等】 | F51: 嶝 【去聲四十八嶝】 | G51: 德 【入聲二十五德】
B52: 50 | C52: 流 | D52: 尤 【下平聲十八尤】 | E52: 有 【上聲四十四有】 | F52: 宥 【去聲四十九宥】
B53: 51 | C53: 流 | D53: 侯 【下平聲十九侯】 | E53: 厚 【上聲四十五厚】 | F53: 候【去聲五十候】
B54: 52 | C54: 流 | D54: 幽 【下平聲二十幽】 | E54: 黝 【上聲四十六黝】 | F54: 幼 【去聲五十一幼】
B55: 53 | C55: 深 | D55: 侵 【下平聲二十一侵】 | E55: 寢 【上聲四十七寢】 | F55: 沁 【去聲五十二沁】 | G55: 緝 【入聲二十六緝】
B56: 54 | C56: 咸 | D56: 覃 【下平聲二十二覃】 | E56: 感 【上聲四十八感】 | F56: 勘 【去聲五十三勘】 | G56: 合 【入聲二十七合】
B57: 55 | C57: 咸 | D57: 談 【下平聲二十三談】 | E57: 敢 【上聲四十九敢】 | F57: 闞 【去聲五十四闞】 | G57: 盍 【入聲二十八盍】
B58: 56 | C58: 咸 | D58: 鹽 【下平聲二十四鹽】 | E58: 琰 【上聲五十琰】 | F58: 豔 【去聲五十五豔】 | G58: 葉 【入聲二十九葉】
B59: 57 | C59: 咸 | D59: 添 【下平聲二十五添】 | E59: 忝 【上聲五十一忝】 | F59: 㮇 【去聲五十六㮇】 | G59: 怗 【入聲三十怗】
B60: 58 | C60: 咸 | D60: 咸 【下平聲二十六咸】 | E60: 豏 【上聲五十二豏】 | F60: 陷 【去聲五十八陷】 | G60: 洽 【入聲三十一洽】
B61: 59 | C61: 咸 | D61: 銜 【下平聲二十七銜】 | E61: 檻 【上聲五十三檻】 | F61: 鑑 【去聲五十九鑑】 | G61: 狎 【入聲三十二狎】
B62: 60 | C62: 咸 | D62: 嚴 【下平聲二十八嚴】 | E62: 儼 【上聲五十四儼】 | F62: 釅 【去聲五十七釅】 | G62: 業 【入聲三十三業】
B63: 61 | C63: 咸 | D63: 凡 【下平聲二十九凡】 | E63: 范 【上聲五十五范】 | F63: 梵 【去聲六十梵】 | G63: 乏 【入聲三十四乏】

Sheet 廣韻韻目表【韻母206字】
B2: 攝 | C2: 韻目 列號 | D2: 韻系 | E2: 《廣韻》206 韻 | I2: 四声調 | J2: 一等 | L2: 二等 | N2: 三等 | P2: 四等
E3: 平聲 | F3: 上聲 | G3: 去聲 | H3: 入聲 | J3: 開口 | K3: 合口 | L3: 開口 | M3: 合口 | N3: 開口 | O3: 合口 | P3: 開口 | Q3: 合口
B4: 通 | C4: 1 | D4: 東 | E4: 1東 | F4: 1董 | G4: 1送 | I4: 平上去 | J4: ong | N4: iong
H5: 1屋 | I5: 入 | J5: ok | N5: iok
C6: 2 | D6: 冬 | E6: 2冬 | G6: 2宋 | I6: 平上去 | J6: ong
H7: 2沃 | I7: 入 | J7: ok
C8: 3 | D8: 鍾 | E8: 3鍾 | F8: 2腫 | G8: 3用 | I8: 平上去 | N8: iong
H9: 3燭 | I9: 入 | N9: iok
B10: 江 | C10: 4 | D10: 江 | E10: 4江 | F10: 3講 | G10: 4絳 | I10: 平上去 | L10: ang
H11: 4覺 | I11: 入 | L11: ak
B12: 止 | C12: 5 | D12: 支 | E12: 5支 | F12: 4紙 | G12: 5寘 | I12: 平上去 | N12: i/ir | O12: ui
C13: 6 | D13: 脂 | E13: 6脂 | F13: 5旨 | G13: 6至 | I13: 平上去 | N13: i/ir | O13: ui
C14: 7 | D14: 之 | E14: 7之 | F14: 6止 | G14: 7志 | I14: 平上去 | N14: i/ir
C15: 8 | D15: 微 | E15: 8微 | F15: 7尾 | G15: 8未 | I15: 平上去 | N15: i | O15: ui
B16: 遇 | C16: 9 | D16: 魚 | E16: 9魚 | F16: 8語 | G16: 9禦 | I16: 平上去 | N16: u/ir
C17: 10 | D17: 虞 | E17: 10虞 | F17: 9麌 | G17: 10遇 | I17: 平上去 | N17: u
C18: 11 | D18: 模 | E18: 11模 | F18: 10姥 | G18: 11暮 | I18: 平上去 | J18: oo
B19: 蟹 | C19: 12 | D19: 齊 | E19: 12齊 | F19: 11薺 | G19: 12霽 | I19: 平上去 | P19: e | Q19: ui/ue
C20: 13 | D20: 祭 | G20: 13祭 | I20: 平上去 | N20: e | O20: ue
C21: 14 | D21: 泰 | G21: 14泰 | I21: 平上去 | J21: ai | K21: ue
C22: 15 | D22: 佳 | E22: 13佳 | F22: 12蟹 | G22: 15卦 | I22: 平上去 | L22: ai | M22: ua
C23: 16 | D23: 皆 | E23: 14皆 | F23: 13駭 | G23: 16怪 | I23: 平上去 | L23: ai | M23: uai
C24: 17 | D24: 夬 | G24: 17夬 | I24: 平上去 | L24: ai | M24: uai
C25: 18 | D25: 灰 | E25: 15灰 | F25: 14賄 | G25: 18隊 | I25: 平上去 | K25: ue
C26: 19 | D26: 咍 | E26: 16咍 | F26: 15海 | G26: 19代 | I26: 平上去 | J26: ai
C27: 20 | D27: 廢 | G27: 20廢 | I27: 平上去 | O27: ui/ue
B28: 臻 | C28: 21 | D28: 真 | E28: 17 真 | F28: 16軫 | G28: 21震 | I28: 平上去 | N28: in
H29: 5質 | I29: 入 | N29: it
C30: 22 | D30: 諄 | E30: 18諄 | F30: 17準 | G30: 22稕 | I30: 平上去 | O30: un
H31: 6術 | I31: 入 | O31: ut
C32: 23 | D32: 臻 | E32: 19臻 | I32: 平上去 | L32: in
H33: 7櫛 | I33: 入 | L33: it
C34: 24 | D34: 文 | E34: 20文 | F34: 18吻 | G34: 23問 | I34: 平上去 | O34: un
H35: 8物 | I35: 入 | O35: ut
C36: 25 | D36: 欣 | E36: 21欣 | F36: 19隱 | G36: 24焮 | I36: 平上去 | N36: in
H37: 9迄 | I37: 入 | N37: it
C38: 26 | D38: 魂 | E38: 22魂 | F38: 20混 | G38: 25慁 | I38: 平上去 | K38: un
H39: 10沒 | I39: 入 | K39: ut
C40: 27 | D40: 痕 | E40: 23痕 | F40: 21很 | G40: 26恨 | I40: 平上去 | J40: un
I41: 入
C42: 28 | D42: 元 | E42: 24元 | F42: 22阮 | G42: 27願 | I42: 平上去 | N42: ian | O42: uan
H43: 11月 | I43: 入 | N43: iat | O43: uat
B44: 山 | C44: 29 | D44: 寒 | E44: 25寒 | F44: 23旱 | G44: 28翰 | I44: 平上去 | J44: an
H45: 12曷 | I45: 入 | J45: at
C46: 30 | D46: 桓 | E46: 26桓 | F46: 24緩 | G46: 29換 | I46: 平上去 | K46: uan
H47: 13末 | I47: 入 | K47: uat
C48: 31 | D48: 刪 | E48: 27刪 | F48: 25潸 | G48: 30諌 | I48: 平上去 | L48: an | M48: uan
H49: 14黠 | I49: 入 | L49: at | M49: uat
C50: 32 | D50: 山 | E50: 28山 | F50: 26產 | G50: 31襉 | I50: 平上去 | L50: an | M50: uan
H51: 15鎋 | I51: 入 | L51: at | M51: uat
C52: 33 | D52: 先 | E52: 1先 | F52: 27銑 | G52: 32霰 | I52: 平上去 | P52: ian | Q52: ian
H53: 16屑 | I53: 入 | P53: iat | Q53: iat
C54: 34 | D54: 仙 | E54: 2仙 | F54: 28獮 | G54: 33線 | I54: 平上去 | N54: ian | O54: uan
H55: 17薛 | I55: 入 | N55: iat | O55: uat
B56: 效 | C56: 35 | D56: 蕭 | E56: 3蕭 | F56: 29篠 | G56: 34嘯 | I56: 平上去 | P56: iau
C57: 36 | D57: 宵 | E57: 4宵 | F57: 30小 | G57: 35笑 | I57: 平上去 | N57: iau
C58: 37 | D58: 肴 | E58: 5肴 | F58: 31巧 | G58: 36效 | I58: 平上去 | L58: au
C59: 38 | D59: 豪 | E59: 6豪 | F59: 32皓 | G59: 37號 | I59: 平上去 | J59: o/au
B60: 果 | C60: 39 | D60: 歌 | E60: 7歌 | F60: 33哿 | G60: 38箇 | I60: 平上去 | J60: o
C61: 40 | D61: 戈 | E61: 8戈 | F61: 34果 | G61: 39過 | I61: 平上去 | K61: o | N61: ia | O61: ua
B62: 假 | C62: 41 | D62: 麻 | E62: 9麻 | F62: 35馬 | G62: 40禡 | I62: 平上去 | L62: a | M62: ua | N62: ia
B63: 宕 | C63: 42 | D63: 陽 | E63: 10陽 | F63: 36養 | G63: 41漾 | I63: 平上去 | N63: iong | O63: ong
H64: 18藥 | I64: 入 | N64: iok | O64: ok
C65: 43 | D65: 唐 | E65: 11唐 | F65: 37蕩 | G65: 42宕 | I65: 平上去 | J65: ong/ang | K65: ong/ang
H66: 19鐸 | I66: 入 | J66: ok/ak | K66: ok/ak
B67: 梗 | C67: 44 | D67: 庚 | E67: 12庚 | F67: 38梗 | G67: 43敬 | I67: 平上去 | L67: ing/irng | M67: ong | N67: ieng | O67: ieng
H68: 20陌 | I68: 入 | L68: ik/irk | M68: ok | N68: iek | O68: iek
C69: 45 | D69: 耕 | E69: 13耕 | F69: 39耿 | G69: 44諍 | I69: 平上去 | L69: ing/irng | M69: ong
H70: 21麥 | I70: 入 | L70: ik/irk | M70: ok
C71: 46 | D71: 清 | E71: 14清 | F71: 40靜 | G71: 45勁 | I71: 平上去 | N71: ing/ieng | O71: ing/ieng
H72: 22昔 | I72: 入 | N72: ik/iek | O72: ik/iek
C73: 47 | D73: 青 | E73: 15靑 | F73: 41迥 | G73: 46徑 | I73: 平上去 | P73: ing/ieng | Q73: ing/ieng
H74: 23錫 | I74: 入 | P74: ik/iek | Q74: ik/iek
B75: 曾 | C75: 48 | D75: 蒸 | E75: 16蒸 | F75: 42拯 | G75: 47證 | I75: 平上去 | N75: ing/ieng
H76: 24職 | I76: 入 | N76: ik/iek
C77: 49 | D77: 登 | E77: 17登 | F77: 43等 | G77: 48嶝 | I77: 平上去 | J77: ing/irng | K77: ong
H78: 25德 | I78: 入 | J78: ik/irk | K78: ok
B79: 流 | C79: 50 | D79: 尤 | E79: 18尤 | F79: 44有 | G79: 49宥 | I79: 平上去 | N79: iu
C80: 51 | D80: 侯 | E80: 19侯 | F80: 45厚 | G80: 50候 | I80: 平上去 | J80: oo/io
C81: 52 | D81: 幽 | E81: 20幽 | F81: 46黝 | G81: 51幼 | I81: 平上去 | N81: iu
B82: 深 | C82: 53 | D82: 侵 | E82: 21侵 | F82: 47寑 | G82: 52沁 | I82: 平上去 | N82: im
H83: 26緝 | I83: 入 | N83: ip
B84: 咸 | C84: 54 | D84: 覃 | E84: 22覃 | F84: 48感 | G84: 53勘 | I84: 平上去 | J84: am
H85: 27合 | I85: 入 | J85: ap
C86: 55 | D86: 談 | E86: 23談 | F86: 49敢 | G86: 54鬫 | I86: 平上去 | J86: am
H87: 28盍 | I87: 入 | J87: ap
C88: 56 | D88: 鹽 | E88: 24鹽 | F88: 50琰 | G88: 55豔 | I88: 平上去 | N88: iam
H89: 29葉 | I89: 入 | N89: iap
C90: 57 | D90: 添 | E90: 25添 | F90: 51忝 | G90: 56㮇 | I90: 平上去 | P90: iam
H91: 30帖 | I91: 入 | P91: iap
C92: 58 | D92: 咸 | E92: 26咸 | F92: 53豏 | G92: 58 陷 | I92: 平上去 | L92: am
H93: 31洽 | I93: 入 | L93: ap
C94: 59 | D94: 銜 | E94: 27銜 | F94: 54檻 | G94: 59鑑 | I94: 平上去 | L94: am
H95: 32狎 | I95: 入 | L95: ap
C96: 60 | D96: 嚴 | E96: 28嚴 | F96: 52儼 | G96: 57釅 | I96: 平上去 | N96: iam
H97: 33業 | I97: 入 | N97: iap
C98: 61 | D98: 凡 | E98: 29凡 | F98: 55范 | G98: 60梵 | I98: 平上去 | O98: uan
H99: 34乏 | I99: 入 | O99: uat
J101: 止攝・遇攝・蟹攝・效攝・果攝・仮攝・流攝：沒有「入聲韻」。

Sheet 工作底稿
B1: 全濁 | D1: 識別號 | E1: 七聲類 | F1: 發音部位 | G1: 聲母 | H1: 清濁 | I1: 發送收 | J1: 聲母標音 | K1: 切語上字集 | L1: 備註 | O1: 聲母 | P1: 清濁 | Q1: 陽上轉調 | R1: 調號
B2: =G2 -> 群 | D2: {=_xlfn._xlws.FILTER(切語上字表[], 切語上字表[清濁]="全濁")} -> 3 | E2: 牙音 | F2: 牙音 | G2: 群 | H2: 全濁 | J2: k | K2: 渠強求奇衢其暨具巨臼跪近狂 | L2: 0 | O2: 群 | P2: 全濁 | Q2: 陽去 | R2: 7
B3: =G3 -> 定 | D3: 7 | E3: 舌音 | F3: 舌頭音 | G3: 定 | H3: 全濁 | J3: t | K3: 徒同特唐堂田陀地度杜大 | L3: 0 | O3: 定 | P3: 全濁 | Q3: 陽去 | R3: 7
B4: =G4 -> 澄 | D4: 11 | E4: 舌音 | F4: 舌上音 | G4: 澄 | H4: 全濁 | J4: t | K4: 除場池治持持遲佇柱丈直宅馳墜 | L4: 0 | O4: 澄 | P4: 全濁 | Q4: 陽去 | R4: 7
B5: =G5 -> 並 | D5: 15 | E5: 脣音 | F5: 重脣音 | G5: 並 | H5: 全濁 | J5: p | K5: 蒲裴平皮步薄白部傍便弼婢毗簿捕 | L5: 0 | O5: 並 | P5: 全濁 | Q5: 陽去 | R5: 7
B6: =G6 -> 奉 | D6: 19 | E6: 脣音 | F6: 輕脣音 | G6: 奉 | H6: 全濁 | J6: h | K6: 防縛附父浮苻扶馮房符 | L6: 0 | O6: 奉 | P6: 全濁 | Q6: 陽去 | R6: 7
B7: =G7 -> 從 | D7: 23 | E7: 齒音 | F7: 齒頭音 | G7: 從 | H7: 全濁 | J7: z | K7: 才徂慈藏在前秦情酢自昨漸匠疾鶵 | L7: 崇 | O7: 從 | P7: 全濁 | Q7: 陽去 | R7: 7
B8: =G8 -> 邪 | D8: 25 | E8: 齒音 | F8: 齒頭音 | G8: 邪 | H8: 全濁 | I8: 0 | J8: s | K8: 辭隨寺似徐祥詳旬夕辤辝 | L8: 0 | O8: 邪 | P8: 全濁 | Q8: 陽去 | R8: 7
B9: =G9 -> 牀 | D9: 28 | E9: 齒音 | F9: 正齒近齒頭 | G9: 牀 | H9: 全濁 | J9: z | K9: 牀查崇雛鋤鉏豺助俟士仕崱 | L9: 0 | O9: 牀 | P9: 全濁 | Q9: 陽去 | R9: 7
B10: =G10 -> 神 | D10: 32 | E10: 齒音 | F10: 正齒近舌上 | G10: 神 | H10: 全濁 | I10: 送氣 | J10: s | K10: 乘神食實 | L10: 0 | O10: 神 | P10: 全濁 | Q10: 陽去 | R10: 7
B11: =G11 -> 禪 | D11: 34 | E11: 齒音 | F11: 正齒近舌上 | G11: 禪 | H11: 全濁 | I11: 送氣 | J11: s | K11: 時殊嘗常成臣蜀市植殖寔署是氏視承 | L11: 0 | O11: 禪 | P11: 全濁 | Q11: 陽去 | R11: 7
B12: =G12 -> 匣 | D12: 37 | E12: 喉音 | F12: 喉音 | G12: 匣 | H12: 全濁 | I12: 送氣 | J12: h | K12: 胡乎侯何黃戶下獲懷諧 | L12: 0 | O12: 匣 | P12: 全濁 | Q12: 陽去 | R12: 7
O13: 泥 | P13: 次濁 | Q13: 陰上 | R13: 2
B14: 次濁 | D14: {=_xlfn._xlws.FILTER(切語上字表[],切語上字表[清濁]="次濁")} -> 4 | E14: 牙音 | F14: 牙音 | G14: 疑 | H14: 次濁 | I14: 收聲 | J14: g | K14: 疑魚語宜玉遇虞愚牛擬研危五俄吾 | L14: 0 | O14: 孃 | P14: 次濁 | Q14: 陰上 | R14: 3
B15: =G15 -> 泥 | D15: 8 | E15: 舌音 | F15: 舌頭音 | G15: 泥 | H15: 次濁 | I15: 收聲 | J15: n | K15: 奴乃諾內那嬭妳 | L15: 0 | O15: 明 | P15: 次濁 | Q15: 陰上 | R15: 4
B16: =G16 -> 孃 | D16: 12 | E16: 舌音 | F16: 舌上音 | G16: 孃 | H16: 次濁 | I16: 收聲 | J16: l | K16: 尼拏女穠 | L16: 娘 | O16: 微 | P16: 次濁 | Q16: 陰上 | R16: 5
B17: =G17 -> 明 | D17: 16 | E17: 脣音 | F17: 重脣音 | G17: 明 | H17: 次濁 | I17: 收聲 | J17: m | K17: 莫慕模謨摸母明彌眉綿靡美 | L17: 0 | O17: 為 | P17: 次濁 | Q17: 陰上 | R17: 6
B18: =G18 -> 微 | D18: 20 | E18: 脣音 | F18: 輕脣音 | G18: 微 | H18: 次濁 | I18: 收聲 | J18: b | K18: 巫無武文望亡 | L18: 0 | O18: 喻 | P18: 次濁 | Q18: 陰上 | R18: 7
B19: =G19 -> 為 | D19: 38 | E19: 喉音 | F19: 喉音 | G19: 為 | H19: 次濁 | I19: 發聲 | J19: Ø | K19: 于雲云筠為榮本王雨羽永有洧𨘏遠 | L19: 0 | O19: 來 | P19: 次濁 | Q19: 陰上 | R19: 8
B20: =G20 -> 喻 | D20: 39 | E20: 喉音 | F20: 喉音 | G20: 喻 | H20: 次濁 | I20: 發聲 | J20: Ø | K20: 余餘予移夷羊營以弋翼與悅薳韋 | L20: 云 | O20: 日 | P20: 次濁 | Q20: 陰上 | R20: 9
B21: =G21 -> 來 | D21: 40 | E21: 半舌音 | F21: 半舌 | G21: 來 | H21: 次濁 | I21: 收聲 | J21: l | K21: 來盧郎賴洛落勒力呂良林離里練魯紬連縷 | L21: 0
B22: =G22 -> 日 | D22: 41 | E22: 半齒音 | F22: 半齒 | G22: 日 | H22: 次濁 | I22: 收聲 | J22: j | K22: 如儒人仍汝兒而耳 | L22: 0

Sheet 韻攝表
A1: 韻目列號 | B1: 攝 | C1: 四聲韻目
A2: 1 | B2: 通 | C2: =_xlfn.CONCAT([1]韻目工作底稿!L4,[1]韻目工作底稿!P4,[1]韻目工作底稿!T4,[1]韻目工作底稿!X4) -> 東董送屋
A3: 2 | B3: 通 | C3: =_xlfn.CONCAT([1]韻目工作底稿!L5,[1]韻目工作底稿!P5,[1]韻目工作底稿!T5,[1]韻目工作底稿!X5) -> 冬∅宋沃
A4: 3 | B4: 通 | C4: =_xlfn.CONCAT([1]韻目工作底稿!L6,[1]韻目工作底稿!P6,[1]韻目工作底稿!T6,[1]韻目工作底稿!X6) -> 鍾腫用燭
A5: 4 | B5: 江 | C5: =_xlfn.CONCAT([1]韻目工作底稿!L7,[1]韻目工作底稿!P7,[1]韻目工作底稿!T7,[1]韻目工作底稿!X7) -> 江講絳覺
A6: 5 | B6: 止 | C6: =_xlfn.CONCAT([1]韻目工作底稿!L8,[1]韻目工作底稿!P8,[1]韻目工作底稿!T8,[1]韻目工作底稿!X8) -> 支紙寘∅
A7: 6 | B7: 止 | C7: =_xlfn.CONCAT([1]韻目工作底稿!L9,[1]韻目工作底稿!P9,[1]韻目工作底稿!T9,[1]韻目工作底稿!X9) -> 脂旨至∅
A8: 7 | B8: 止 | C8: =_xlfn.CONCAT([1]韻目工作底稿!L10,[1]韻目工作底稿!P10,[1]韻目工作底稿!T10,[1]韻目工作底稿!X10) -> 之止志∅
A9: 8 | B9: 止 | C9: =_xlfn.CONCAT([1]韻目工作底稿!L11,[1]韻目工作底稿!P11,[1]韻目工作底稿!T11,[1]韻目工作底稿!X11) -> 微尾未∅
A10: 9 | B10: 遇 | C10: =_xlfn.CONCAT([1]韻目工作底稿!L12,[1]韻目工作底稿!P12,[1]韻目工作底稿!T12,[1]韻目工作底稿!X12) -> 魚語御∅
A11: 10 | B11: 遇 | C11: =_xlfn.CONCAT([1]韻目工作底稿!L13,[1]韻目工作底稿!P13,[1]韻目工作底稿!T13,[1]韻目工作底稿!X13) -> 虞麌遇∅
A12: 11 | B12: 遇 | C12: =_xlfn.CONCAT([1]韻目工作底稿!L14,[1]韻目工作底稿!P14,[1]韻目工作底稿!T14,[1]韻目工作底稿!X14) -> 模姥暮∅
A13: 12 | B13: 蟹 | C13: =_xlfn.CONCAT([1]韻目工作底稿!L15,[1]韻目工作底稿!P15,[1]韻目工作底稿!T15,[1]韻目工作底稿!X15) -> 齊薺霽∅
... A62: 61 | B62: 咸 | C62: =_xlfn.CONCAT([1]韻目工作底稿!L64,[1]韻目工作底稿!P64,[1]韻目工作底稿!T64,[1]韻目工作底稿!X64) -> 凡范梵乏
