Workbook
Name FILE_NAME: env!$C$5
Name IMAGE_URL: env!$C$7
Name INPUT_FILE_PATH: env!$C$4
Name OUTPUT_PATH: env!$C$8
Name TITLE: env!$C$6
Name 上邊標音: env!$C$18
Name 文件版本: env!$C$3
Name 右邊標音: env!$C$19
Name 每列總字數: env!$C$12
Name 每頁總列數: env!$C$11
Name 格式版本: env!$C$2
Name 章節序號: env!$C$9
Name 漢字庫: env!$C$14
Name 網頁每列字數: env!$C$20
Name 網頁格式: env!$C$16
Name 語音類型: env!$C$13
Name 標音方式: env!$C$17
Name 標音方法: env!$C$15
Name 聲母碼: [1]十五音聲母對照表!$F$4:$F$25
Name 顯示注音輸入: env!$C$10

Sheet env
B1: Key | C1: Value
B2: 格式版本 | C2: 1
B3: 文件版本 | C3: 0.0.0.1
B4: INPUT_FILE_PATH | C4: C:\\work\\Piau-Im
B5: FILE_NAME | C5: 【河洛文讀注音-閩拼調號】《歸去來辭》.xlsx
B6: TITLE | C6: 歸去來辭
B7: IMAGE_URL | C7: Gui-Ku-Lai-Su.png
B8: OUTPUT_PATH | C8: output7
B9: 章節序號 | C9: None
B10: 顯示注音輸入 | C10: TRUE
B11: 每頁總列數 | C11: 34
B12: 每列總字數 | C12: 15
B13: 語音類型 | C13: 文讀音
B14: 漢字庫 | C14: 河洛話
B15: 標音方法 | C15: 閩拼調號
B16: 網頁格式 | C16: 無預設
B17: 標音方式 | C17: 上及右
B18: 上邊標音 | C18: 雅俗通
B19: 右邊標音 | C19: 方音符號
B20: 網頁每列字數 | C20: 0

Sheet 網頁匯入
A1: 漢字 | B1: 漢字標音 | C1: 台語音標 | D1: 台語音標之聲 | E1: 台語音標之韻 | F1: 台語音標之調
A2: 《 | D2: {=_xlfn._xlws.PY(0,0,B2:B669)} | H2: ====》 | I2: =IF(B2="", A2, _xlfn.CONCAT("<ruby>", A2, "<rt>", B2, "</rt>", "</ruby>")) -> 《
A3: 前 | B3: 堅五曾 | C3: zian5 | D3: z | E3: ian | F3: 5 | H3: ====》 | I3: =IF(B3="", A3, _xlfn.CONCAT("<ruby>", A3, "<rt>", B3, "</rt>", "</ruby>")) -> <ruby>前<rt>堅五曾</rt></ruby>
A4: 赤 | B4: 經四出 | C4: cik4 | D4: c | E4: ik | F4: 4 | H4: ====》 | I4: =IF(B4="", A4, _xlfn.CONCAT("<ruby>", A4, "<rt>", B4, "</rt>", "</ruby>")) -> <ruby>赤<rt>經四出</rt></ruby>
A5: 壁 | B5: 經四邊 | C5: pik4 | D5: p | E5: ik | F5: 4 | H5: ====》 | I5: =IF(B5="", A5, _xlfn.CONCAT("<ruby>", A5, "<rt>", B5, "</rt>", "</ruby>")) -> <ruby>壁<rt>經四邊</rt></ruby>
A6: 賦 | B6: 艍三喜 | C6: hu3 | D6: h | E6: u | F6: 3 | H6: ====》 | I6: =IF(B6="", A6, _xlfn.CONCAT("<ruby>", A6, "<rt>", B6, "</rt>", "</ruby>")) -> <ruby>賦<rt>艍三喜</rt></ruby>
A7: 》 | H7: ====》 | I7: =IF(B7="", A7, _xlfn.CONCAT("<ruby>", A7, "<rt>", B7, "</rt>", "</ruby>")) -> 》
A8: 北 | B8: 公四邊 | C8: pok4 | D8: p | E8: ok | F8: 4 | H8: ====》 | I8: =IF(B8="", A8, _xlfn.CONCAT("<ruby>", A8, "<rt>", B8, "</rt>", "</ruby>")) -> <ruby>北<rt>公四邊</rt></ruby>
A9: 宋 | B9: 公三時 | C9: song3 | D9: s | E9: ong | F9: 3 | H9: ====》 | I9: =IF(B9="", A9, _xlfn.CONCAT("<ruby>", A9, "<rt>", B9, "</rt>", "</ruby>")) -> <ruby>宋<rt>公三時</rt></ruby>
A10: ： | H10: ====》 | I10: =IF(B10="", A10, _xlfn.CONCAT("<ruby>", A10, "<rt>", B10, "</rt>", "</ruby>")) -> ：
A11: 蘇 | B11: 沽一時 | C11: soo1 | D11: s | E11: oo | F11: 1 | H11: ====》 | I11: =IF(B11="", A11, _xlfn.CONCAT("<ruby>", A11, "<rt>", B11, "</rt>", "</ruby>")) -> <ruby>蘇<rt>沽一時</rt></ruby>
A12: 軾 | B12: 經四時 | C12: sik4 | D12: s | E12: ik | F12: 4 | H12: ====》 | I12: =IF(B12="", A12, _xlfn.CONCAT("<ruby>", A12, "<rt>", B12, "</rt>", "</ruby>")) -> <ruby>軾<rt>經四時</rt></ruby>
A13: =CHAR(10) | H13: ====》 | I13: =IF(B13="", A13, _xlfn.CONCAT("<ruby>", A13, "<rt>", B13, "</rt>", "</ruby>"))
A14: 壬 | B14: 金五入 | C14: jim5 | D14: j | E14: im | F14: 5 | H14: ====》 | I14: =IF(B14="", A14, _xlfn.CONCAT("<ruby>", A14, "<rt>", B14, "</rt>", "</ruby>")) -> <ruby>壬<rt>金五入</rt></ruby>
A15: 戌 | B15: 君四時 | C15: sut4 | D15: s | E15: ut | F15: 4 | H15: ====》 | I15: =IF(B15="", A15, _xlfn.CONCAT("<ruby>", A15, "<rt>", B15, "</rt>", "</ruby>")) -> <ruby>戌<rt>君四時</rt></ruby>
A16: 之 | B16: 居一曾 | C16: zi1 | D16: z | E16: i | F16: 1 | H16: ====》 | I16: =IF(B16="", A16, _xlfn.CONCAT("<ruby>", A16, "<rt>", B16, "</rt>", "</ruby>")) -> <ruby>之<rt>居一曾</rt></ruby>
A17: 秋 | B17: 丩一出 | C17: ciu1 | D17: c | E17: iu | F17: 1 | H17: ====》 | I17: =IF(B17="", A17, _xlfn.CONCAT("<ruby>", A17, "<rt>", B17, "</rt>", "</ruby>")) -> <ruby>秋<rt>丩一出</rt></ruby>
A18: ， | H18: ====》 | I18: =IF(B18="", A18, _xlfn.CONCAT("<ruby>", A18, "<rt>", B18, "</rt>", "</ruby>")) -> ，
A19: 七 | B19: 巾四出 | C19: cit4 | D19: c | E19: it | F19: 4 | H19: ====》 | I19: =IF(B19="", A19, _xlfn.CONCAT("<ruby>", A19, "<rt>", B19, "</rt>", "</ruby>")) -> <ruby>七<rt>巾四出</rt></ruby>
A20: 月 | B20: 觀八語 | C20: guat8 | D20: g | E20: uat | F20: 8 | H20: ====》 | I20: =IF(B20="", A20, _xlfn.CONCAT("<ruby>", A20, "<rt>", B20, "</rt>", "</ruby>")) -> <ruby>月<rt>觀八語</rt></ruby>
A21: 既 | B21: 居三求 | C21: ki3 | D21: k | E21: i | F21: 3
A22: 望 | B22: 公七門 | C22: bong7 | D22: b | E22: ong | F22: 7
A23: ，
A24: 蘇 | B24: 沽一時 | C24: soo1 | D24: s | E24: oo | F24: 1
A25: 子 | B25: 艍二曾 | C25: zu2 | D25: z | E25: u | F25: 2
A26: 與 | B26: 艍二英 | C26: u2 | E26: u | F26: 2
A27: 客 | B27: 經四去 | C27: khik4 | D27: kh | E27: ik | F27: 4
A28: 泛 | B28: 觀三喜 | C28: huan3 | D28: h | E28: uan | F28: 3
A29: 舟 | B29: 丩一曾 | C29: ziu1 | D29: z | E29: iu | F29: 1
A30: 遊 | B30: 丩五英 | C30: iu5 | E30: iu | F30: 5
A31: 於 | B31: 艍一英 | C31: u1 | E31: u | F31: 1
A32: 赤 | B32: 經四出 | C32: cik4 | D32: c | E32: ik | F32: 4
A33: 壁 | B33: 經四邊 | C33: pik4 | D33: p | E33: ik | F33: 4
A34: 之 | B34: 居一曾 | C34: zi1 | D34: z | E34: i | F34: 1
A35: 下 | B35: 膠二喜 | C35: ha2 | D35: h | E35: a | F35: 2
A36: 。
A37: 清 | B37: 經一出 | C37: cing1 | D37: c | E37: ing | F37: 1
A38: 風 | B38: 公一喜 | C38: hong1 | D38: h | E38: ong | F38: 1
A39: 徐 | B39: 艍五時 | C39: su5 | D39: s | E39: u | F39: 5
A40: 來 | B40: 皆五柳 | C40: lai5 | D40: l | E40: ai | F40: 5
A41: ，
A42: 水 | B42: 規二時 | C42: sui2 | D42: s | E42: ui | F42: 2
A43: 波 | B43: 高一頗 | C43: pho1 | D43: ph | E43: o | F43: 1
A44: 不 | B44: 君四邊 | C44: put4 | D44: p | E44: ut | F44: 4
A45: 興 | B45: 經一喜 | C45: hing1 | D45: h | E45: ing | F45: 1
A46: ，
A47: 舉 | B47: 艍二求 | C47: ku2 | D47: k | E47: u | F47: 2
A48: 酒 | B48: 丩二曾 | C48: ziu2 | D48: z | E48: iu | F48: 2
A49: 屬 | B49: 恭四曾 | C49: ziok4 | D49: z | E49: iok | F49: 4
A50: 客 | B50: 經四去 | C50: khik4 | D50: kh | E50: ik | F50: 4
A51: ，
A52: 誦 | B52: 恭七時 | C52: siong7 | D52: s | E52: iong | F52: 7
A53: 明 | B53: 經五門 | C53: bing5 | D53: b | E53: ing | F53: 5
A54: 月 | B54: 觀八語 | C54: guat8 | D54: g | E54: uat | F54: 8
A55: 之 | B55: 居一曾 | C55: zi1 | D55: z | E55: i | F55: 1
A56: 詩 | B56: 居一時 | C56: si1 | D56: s | E56: i | F56: 1
A57: ，
A58: 歌 | B58: 高一求 | C58: ko1 | D58: k | E58: o | F58: 1
A59: 窈 | B59: 嬌二英 | C59: iau2 | E59: iau | F59: 2
A60: 窕 | B60: 嬌二地 | C60: tiau2 | D60: t | E60: iau | F60: 2
A61: 之 | B61: 居一曾 | C61: zi1 | D61: z | E61: i | F61: 1
A62: 章 | B62: 恭一曾 | C62: ziong1 | D62: z | E62: iong | F62: 1
A63: 。
A64: 少 | B64: 嬌二時 | C64: siau2 | D64: s | E64: iau | F64: 2
A65: 焉 | B65: 堅一英 | C65: ian1 | E65: ian | F65: 1
A66: ，
A67: 月 | B67: 觀八語 | C67: guat8 | D67: g | E67: uat | F67: 8
A68: 出 | B68: 規三出 | C68: cui3 | D68: c | E68: ui | F68: 3
A69: 於 | B69: 艍一英 | C69: u1 | E69: u | F69: 1
A70: 東 | B70: 公一地 | C70: tong1 | D70: t | E70: ong | F70: 1
A71: 山 | B71: 干一時 | C71: san1 | D71: s | E71: an | F71: 1
A72: 之 | B72: 居一曾 | C72: zi1 | D72: z | E72: i | F72: 1
A73: 上 | B73: 恭二時 | C73: siong2 | D73: s | E73: iong | F73: 2
A74: ，
A75: 徘 | B75: 皆五邊 | C75: pai5 | D75: p | E75: ai | F75: 5
A76: 徊 | B76: 檜五喜 | C76: hue5 | D76: h | E76: ue | F76: 5
A77: 於 | B77: 艍一英 | C77: u1 | E77: u | F77: 1
A78: 斗 | B78: 沽二地 | C78: too2 | D78: t | E78: oo | F78: 2
A79: 牛 | B79: 艍五語 | C79: gu5 | D79: g | E79: u | F79: 5
A80: 之 | B80: 居一曾 | C80: zi1 | D80: z | E80: i | F80: 1
A81: 間 | B81: 干一求 | C81: kan1 | D81: k | E81: an | F81: 1
A82: ，
A83: 白 | B83: 經八邊 | C83: pik8 | D83: p | E83: ik | F83: 8
A84: 露 | B84: 沽七柳 | C84: loo7 | D84: l | E84: oo | F84: 7
A85: 橫 | B85: 經一喜 | C85: hing1 | D85: h | E85: ing | F85: 1
A86: 江 | B86: 江一求 | C86: kang1 | D86: k | E86: ang | F86: 1
A87: ，
A88: 水 | B88: 規二時 | C88: sui2 | D88: s | E88: ui | F88: 2
A89: 光 | B89: 公一求 | C89: kong1 | D89: k | E89: ong | F89: 1
A90: 接 | B90: 兼四曾 | C90: ziap4 | D90: z | E90: iap | F90: 4
A91: 天 | B91: 堅一他 | C91: thian1 | D91: th | E91: ian | F91: 1
A92: ；
A93: 縱 | B93: 恭一曾 | C93: ziong1 | D93: z | E93: iong | F93: 1
A94: 一 | B94: 巾四英 | C94: it4 | E94: it | F94: 4
A95: 葦 | B95: 規二英 | C95: ui2 | E95: ui | F95: 2
A96: 之 | B96: 居一曾 | C96: zi1 | D96: z | E96: i | F96: 1
A97: 所 | B97: 沽二時 | C97: soo2 | D97: s | E97: oo | F97: 2
A98: 如 | B98: 艍五入 | C98: ju5 | D98: j | E98: u | F98: 5
A99: ，
A100: 凌 | B100: 經五柳 | C100: ling5 | D100: l | E100: ing | F100: 5
...

Sheet 網頁匯入 (有Bug)
A1: 漢字 | B1: 漢字標音 | C1: 台語音標 | D1: 台語音標之聲 | E1: 台語音標之韻 | F1: 台語音標之調
A2: 《
A3: 前 | B3: 堅五曾 | C3: zian5 | D3: z | E3: ian | F3: 5
A4: 赤 | B4: 經四出 | C4: cik4 | D4: c | E4: ik | F4: 4
A5: 壁 | B5: 經四邊 | C5: pik4 | D5: p | E5: ik | F5: 4
A6: 賦 | B6: 艍三喜 | C6: hu3 | D6: h | E6: u | F6: 3
A7: 》
A8: 北 | B8: 公四邊 | C8: pok4 | D8: p | E8: ok | F8: 4
A9: 宋 | B9: 公三時 | C9: song3 | D9: s | E9: ong | F9: 3
A10: ：
A11: 蘇 | B11: 沽一時 | C11: soo1 | D11: s | E11: oo | F11: 1
A12: 軾 | B12: 經四時 | C12: sik4 | D12: s | E12: ik | F12: 4
A13: 壬 | B13: 金五入 | C13: jim5 | D13: j | E13: im | F13: 5
A14: 戌 | B14: 君四時 | C14: sut4 | D14: s | E14: ut | F14: 4
A15: 之 | B15: 居一曾 | C15: zi1 | D15: z | E15: i | F15: 1
A16: 秋 | B16: 丩一出 | C16: ciu1 | D16: c | E16: iu | F16: 1
A17: ，
A18: 七 | B18: 巾四出 | C18: cit4 | D18: c | E18: it | F18: 4
A19: 月 | B19: 觀八語 | C19: guat8 | D19: g | E19: uat | F19: 8
A20: 既 | B20: 居三求 | C20: ki3 | D20: k | E20: i | F20: 3
A21: 望 | B21: 恭七門 | C21: bong7 | D21: b | E21: ong | F21: 7
A22: ，
A23: 蘇 | B23: 沽一時 | C23: soo1 | D23: s | E23: oo | F23: 1
A24: 子 | B24: 艍二曾 | C24: zu2 | D24: z | E24: u | F24: 2
A25: 與 | B25: 艍二英 | C25: qu2 | D25: q | E25: u | F25: 2
A26: 客 | B26: 經四去 | C26: khik4 | D26: kh | E26: ik | F26: 4
A27: 泛 | B27: 觀三喜 | C27: huan3 | D27: h | E27: uan | F27: 3
A28: 舟 | B28: 丩一曾 | C28: ziu1 | D28: z | E28: iu | F28: 1
A29: 遊 | B29: 丩五英 | C29: qiu5 | D29: q | E29: iu | F29: 5
A30: 於 | B30: 艍一英 | C30: qu1 | D30: q | E30: u | F30: 1
A31: 赤 | B31: 經四出 | C31: cik4 | D31: c | E31: ik | F31: 4
A32: 壁 | B32: 經四邊 | C32: pik4 | D32: p | E32: ik | F32: 4
A33: 之 | B33: 居一曾 | C33: zi1 | D33: z | E33: i | F33: 1
A34: 下 | B34: 膠二喜 | C34: hee7 | D34: h | E34: ee | F34: 7
A35: 。
A36: 清 | B36: 經一出 | C36: cing1 | D36: c | E36: ing | F36: 1
A37: 風 | B37: 恭一喜 | C37: hiong1 | D37: h | E37: iong | F37: 1
A38: 徐 | B38: 艍五時 | C38: su5 | D38: s | E38: u | F38: 5
A39: 來 | B39: 皆五柳 | C39: lai5 | D39: l | E39: ai | F39: 5
A40: ，
A41: 水 | B41: 規二時 | C41: sui2 | D41: s | E41: ui | F41: 2
A42: 波 | B42: 高一頗 | C42: pho1 | D42: ph | E42: o | F42: 1
A43: 不 | B43: 君四邊 | C43: put4 | D43: p | E43: ut | F43: 4
A44: 興 | B44: 經一喜 | C44: hing1 | D44: h | E44: ing | F44: 1
A45: ，
A46: 舉 | B46: 艍二求 | C46: ki2 | D46: k | E46: i | F46: 2
A47: 酒 | B47: 丩二曾 | C47: ziu2 | D47: z | E47: iu | F47: 2
A48: 屬 | B48: 恭四曾 | C48: ziok4 | D48: z | E48: iok | F48: 4
A49: 客 | B49: 經四去 | C49: khik4 | D49: kh | E49: ik | F49: 4
A50: ，
A51: 誦 | B51: 恭七時 | C51: siong7 | D51: s | E51: iong | F51: 7
A52: 明 | B52: 經五門 | C52: bing5 | D52: b | E52: ing | F52: 5
A53: 月 | B53: 觀八語 | C53: guat8 | D53: g | E53: uat | F53: 8
A54: 之 | B54: 居一曾 | C54: zi1 | D54: z | E54: i | F54: 1
A55: 詩 | B55: 居一時 | C55: si1 | D55: s | E55: i | F55: 1
A56: ，
A57: 歌 | B57: 高一求 | C57: ko1 | D57: k | E57: o | F57: 1
A58: 窈 | B58: 嬌二英 | C58: qiau2 | D58: q | E58: iau | F58: 2
A59: 窕 | B59: 嬌二地 | C59: tiau2 | D59: t | E59: iau | F59: 2
A60: 之 | B60: 居一曾 | C60: zi1 | D60: z | E60: i | F60: 1
A61: 章 | B61: 恭一曾 | C61: ziong1 | D61: z | E61: iong | F61: 1
A62: 。
A63: 少 | B63: 嬌二時 | C63: siau2 | D63: s | E63: iau | F63: 2
A64: 焉 | B64: 堅一英 | C64: qian1 | D64: q | E64: ian | F64: 1
A65: ，
A66: 月 | B66: 觀八語 | C66: guat8 | D66: g | E66: uat | F66: 8
A67: 出 | B67: 規三出 | C67: cui3 | D67: c | E67: ui | F67: 3
A68: 於 | B68: 艍一英 | C68: qu1 | D68: q | E68: u | F68: 1
A69: 東 | B69: 公一地 | C69: tong1 | D69: t | E69: ong | F69: 1
A70: 山 | B70: 干一時 | C70: san1 | D70: s | E70: an | F70: 1
A71: 之 | B71: 居一曾 | C71: zi1 | D71: z | E71: i | F71: 1
A72: 上 | B72: 恭二時 | C72: siong2 | D72: s | E72: iong | F72: 2
A73: ，
A74: 徘 | B74: 皆五邊 | C74: pai5 | D74: p | E74: ai | F74: 5
A75: 徊 | B75: 檜五喜 | C75: hue5 | D75: h | E75: ue | F75: 5
A76: 於 | B76: 艍一英 | C76: qu1 | D76: q | E76: u | F76: 1
A77: 斗 | B77: 沽二地 | C77: too2 | D77: t | E77: oo | F77: 2
A78: 牛 | B78: 艍五語 | C78: ngiunn5 | D78: ng | E78: iunn | F78: 5
A79: 之 | B79: 居一曾 | C79: zi1 | D79: z | E79: i | F79: 1
A80: 間 | B80: 干一求 | C80: kan1 | D80: k | E80: an | F80: 1
A81: ，
A82: 白 | B82: 經八邊 | C82: pik8 | D82: p | E82: ik | F82: 8
A83: 露 | B83: 沽七柳 | C83: loo7 | D83: l | E83: oo | F83: 7
A84: 橫 | B84: 經一喜 | C84: hing1 | D84: h | E84: ing | F84: 1
A85: 江 | B85: 江一求 | C85: kang1 | D85: k | E85: ang | F85: 1
A86: ，
A87: 水 | B87: 規二時 | C87: sui2 | D87: s | E87: ui | F87: 2
A88: 光 | B88: 公一求 | C88: kong1 | D88: k | E88: ong | F88: 1
A89: 接 | B89: 兼四曾 | C89: ziap4 | D89: z | E89: iap | F89: 4
A90: 天 | B90: 堅一他 | C90: thian1 | D90: th | E90: ian | F90: 1
A91: ；
A92: 縱 | B92: 恭一曾 | C92: ziong1 | D92: z | E92: iong | F92: 1
A93: 一 | B93: 巾四英 | C93: qit4 | D93: q | E93: it | F93: 4
A94: 葦 | B94: 規二英 | C94: qui2 | D94: q | E94: ui | F94: 2
A95: 之 | B95: 居一曾 | C95: zi1 | D95: z | E95: i | F95: 1
A96: 所 | B96: 沽二時 | C96: soo2 | D96: s | E96: oo | F96: 2
A97: 如 | B97: 艍五入 | C97: ji5 | D97: j | E97: i | F97: 5
A98: ，
A99: 凌 | B99: 經五柳 | C99: ling5 | D99: l | E99: ing | F99: 5
A100: 萬 | B100: 觀七門 | C100: ban7 | D100: b | E100: an | F100: 7
...

Sheet 網頁匯入 (2)
A1: 漢字 | B1: 漢字標音 | C1: 台語音標 | D1: 台語音標之聲 | E1: 台語音標之韻 | F1: 台語音標之調
A2: 《 | D2: =IF($B2="", "", _xlfn.XLOOKUP(RIGHT($B2), 聲母對照表[十五音], 聲母對照表[台語音標], "N/A")) | E2: {=_xlfn._xlws.PY(1,1,B2:B103,F2:F103)} -> #VALUE! | F2: =IF($B2="", "", _xlfn.XLOOKUP(MID($B2,2,1), 聲調對照表[十五音調號], 聲調對照表[傳統八聲調], "N/A"))
A3: 前 | B3: 堅五曾 | C3: zian5 | D3: =IF($B3="", "", _xlfn.XLOOKUP(RIGHT($B3), 聲母對照表[十五音], 聲母對照表[台語音標], "N/A")) -> z | F3: =IF($B3="", "", _xlfn.XLOOKUP(MID($B3,2,1), 聲調對照表[十五音調號], 聲調對照表[傳統八聲調], "N/A")) -> 5
A4: 赤 | B4: 經四出 | C4: cik4 | D4: =IF($B4="", "", _xlfn.XLOOKUP(RIGHT($B4), 聲母對照表[十五音], 聲母對照表[台語音標], "N/A")) -> c | E4: =IF($B4="", "", _xlfn.XLOOKUP(LEFT($B4), 韻母對照表[十五音], 韻母對照表[台語音標], "N/A")) -> ik | F4: =IF($B4="", "", _xlfn.XLOOKUP(MID($B4,2,1), 聲調對照表[十五音調號], 聲調對照表[傳統八聲調], "N/A")) -> 4
A5: 壁 | B5: 經四邊 | C5: pik4 | D5: =IF($B5="", "", _xlfn.XLOOKUP(RIGHT($B5), 聲母對照表[十五音], 聲母對照表[台語音標], "N/A")) -> p | E5: =IF($B5="", "", _xlfn.XLOOKUP(LEFT($B5), 韻母對照表[十五音], 韻母對照表[台語音標], "N/A")) -> ik | F5: =IF($B5="", "", _xlfn.XLOOKUP(MID($B5,2,1), 聲調對照表[十五音調號], 聲調對照表[傳統八聲調], "N/A")) -> 4
A6: 賦 | B6: 艍三喜 | C6: hu3 | D6: =IF($B6="", "", _xlfn.XLOOKUP(RIGHT($B6), 聲母對照表[十五音], 聲母對照表[台語音標], "N/A")) -> h | E6: =IF($B6="", "", _xlfn.XLOOKUP(LEFT($B6), 韻母對照表[十五音], 韻母對照表[台語音標], "N/A")) -> u | F6: =IF($B6="", "", _xlfn.XLOOKUP(MID($B6,2,1), 聲調對照表[十五音調號], 聲調對照表[傳統八聲調], "N/A")) -> 3
A7: 》 | D7: =IF($B7="", "", _xlfn.XLOOKUP(RIGHT($B7), 聲母對照表[十五音], 聲母對照表[台語音標], "N/A")) | E7: =IF($B7="", "", _xlfn.XLOOKUP(LEFT($B7), 韻母對照表[十五音], 韻母對照表[台語音標], "N/A")) | F7: =IF($B7="", "", _xlfn.XLOOKUP(MID($B7,2,1), 聲調對照表[十五音調號], 聲調對照表[傳統八聲調], "N/A"))
A8: 北 | B8: 公四邊 | C8: pok4 | D8: =IF($B8="", "", _xlfn.XLOOKUP(RIGHT($B8), 聲母對照表[十五音], 聲母對照表[台語音標], "N/A")) -> p | E8: =IF($B8="", "", _xlfn.XLOOKUP(LEFT($B8), 韻母對照表[十五音], 韻母對照表[台語音標], "N/A")) -> ok | F8: =IF($B8="", "", _xlfn.XLOOKUP(MID($B8,2,1), 聲調對照表[十五音調號], 聲調對照表[傳統八聲調], "N/A")) -> 4
A9: 宋 | B9: 公三時 | C9: song3 | D9: =IF($B9="", "", _xlfn.XLOOKUP(RIGHT($B9), 聲母對照表[十五音], 聲母對照表[台語音標], "N/A")) -> s | E9: =IF($B9="", "", _xlfn.XLOOKUP(LEFT($B9), 韻母對照表[十五音], 韻母對照表[台語音標], "N/A")) -> ok | F9: =IF($B9="", "", _xlfn.XLOOKUP(MID($B9,2,1), 聲調對照表[十五音調號], 聲調對照表[傳統八聲調], "N/A")) -> 3
A10: ： | D10: =IF($B10="", "", _xlfn.XLOOKUP(RIGHT($B10), 聲母對照表[十五音], 聲母對照表[台語音標], "N/A")) | E10: =IF($B10="", "", _xlfn.XLOOKUP(LEFT($B10), 韻母對照表[十五音], 韻母對照表[台語音標], "N/A")) | F10: =IF($B10="", "", _xlfn.XLOOKUP(MID($B10,2,1), 聲調對照表[十五音調號], 聲調對照表[傳統八聲調], "N/A"))
A11: 蘇 | B11: 沽一時 | C11: soo1 | D11: =IF($B11="", "", _xlfn.XLOOKUP(RIGHT($B11), 聲母對照表[十五音], 聲母對照表[台語音標], "N/A")) -> s | E11: =IF($B11="", "", _xlfn.XLOOKUP(LEFT($B11), 韻母對照表[十五音], 韻母對照表[台語音標], "N/A")) -> oo | F11: =IF($B11="", "", _xlfn.XLOOKUP(MID($B11,2,1), 聲調對照表[十五音調號], 聲調對照表[傳統八聲調], "N/A")) -> 1
A12: 軾 | B12: 經四時 | C12: sik4 | D12: =IF($B12="", "", _xlfn.XLOOKUP(RIGHT($B12), 聲母對照表[十五音], 聲母對照表[台語音標], "N/A")) -> s | E12: =IF($B12="", "", _xlfn.XLOOKUP(LEFT($B12), 韻母對照表[十五音], 韻母對照表[台語音標], "N/A")) -> ik | F12: =IF($B12="", "", _xlfn.XLOOKUP(MID($B12,2,1), 聲調對照表[十五音調號], 聲調對照表[傳統八聲調], "N/A")) -> 4
A13: 壬 | B13: 金五入 | C13: jim5 | D13: =IF($B13="", "", _xlfn.XLOOKUP(RIGHT($B13), 聲母對照表[十五音], 聲母對照表[台語音標], "N/A")) -> j | E13: =IF($B13="", "", _xlfn.XLOOKUP(LEFT($B13), 韻母對照表[十五音], 韻母對照表[台語音標], "N/A")) -> im | F13: =IF($B13="", "", _xlfn.XLOOKUP(MID($B13,2,1), 聲調對照表[十五音調號], 聲調對照表[傳統八聲調], "N/A")) -> 5
A14: 戌 | B14: 君四時 | C14: sut4 | D14: =IF($B14="", "", _xlfn.XLOOKUP(RIGHT($B14), 聲母對照表[十五音], 聲母對照表[台語音標], "N/A")) -> s | E14: =IF($B14="", "", _xlfn.XLOOKUP(LEFT($B14), 韻母對照表[十五音], 韻母對照表[台語音標], "N/A")) -> un | F14: =IF($B14="", "", _xlfn.XLOOKUP(MID($B14,2,1), 聲調對照表[十五音調號], 聲調對照表[傳統八聲調], "N/A")) -> 4
A15: 之 | B15: 居一曾 | C15: zi1 | D15: =IF($B15="", "", _xlfn.XLOOKUP(RIGHT($B15), 聲母對照表[十五音], 聲母對照表[台語音標], "N/A")) -> z | E15: =IF($B15="", "", _xlfn.XLOOKUP(LEFT($B15), 韻母對照表[十五音], 韻母對照表[台語音標], "N/A")) -> i | F15: =IF($B15="", "", _xlfn.XLOOKUP(MID($B15,2,1), 聲調對照表[十五音調號], 聲調對照表[傳統八聲調], "N/A")) -> 1
A16: 秋 | B16: 丩一出 | C16: ciu1 | D16: =IF($B16="", "", _xlfn.XLOOKUP(RIGHT($B16), 聲母對照表[十五音], 聲母對照表[台語音標], "N/A")) -> c | E16: =IF($B16="", "", _xlfn.XLOOKUP(LEFT($B16), 韻母對照表[十五音], 韻母對照表[台語音標], "N/A")) -> iu | F16: =IF($B16="", "", _xlfn.XLOOKUP(MID($B16,2,1), 聲調對照表[十五音調號], 聲調對照表[傳統八聲調], "N/A")) -> 1
A17: ， | D17: =IF($B17="", "", _xlfn.XLOOKUP(RIGHT($B17), 聲母對照表[十五音], 聲母對照表[台語音標], "N/A")) | E17: =IF($B17="", "", _xlfn.XLOOKUP(LEFT($B17), 韻母對照表[十五音], 韻母對照表[台語音標], "N/A")) | F17: =IF($B17="", "", _xlfn.XLOOKUP(MID($B17,2,1), 聲調對照表[十五音調號], 聲調對照表[傳統八聲調], "N/A"))
A18: 七 | B18: 巾四出 | C18: cit4 | D18: =IF($B18="", "", _xlfn.XLOOKUP(RIGHT($B18), 聲母對照表[十五音], 聲母對照表[台語音標], "N/A")) -> c | E18: =IF($B18="", "", _xlfn.XLOOKUP(LEFT($B18), 韻母對照表[十五音], 韻母對照表[台語音標], "N/A")) -> in | F18: =IF($B18="", "", _xlfn.XLOOKUP(MID($B18,2,1), 聲調對照表[十五音調號], 聲調對照表[傳統八聲調], "N/A")) -> 4
A19: 月 | B19: 觀八語 | C19: guat8 | D19: =IF($B19="", "", _xlfn.XLOOKUP(RIGHT($B19), 聲母對照表[十五音], 聲母對照表[台語音標], "N/A")) -> g | E19: =IF($B19="", "", _xlfn.XLOOKUP(LEFT($B19), 韻母對照表[十五音], 韻母對照表[台語音標], "N/A")) -> uan | F19: =IF($B19="", "", _xlfn.XLOOKUP(MID($B19,2,1), 聲調對照表[十五音調號], 聲調對照表[傳統八聲調], "N/A")) -> 8
A20: 既 | B20: 居三求 | C20: ki3 | D20: =IF($B20="", "", _xlfn.XLOOKUP(RIGHT($B20), 聲母對照表[十五音], 聲母對照表[台語音標], "N/A")) -> k | E20: =IF($B20="", "", _xlfn.XLOOKUP(LEFT($B20), 韻母對照表[十五音], 韻母對照表[台語音標], "N/A")) -> i | F20: =IF($B20="", "", _xlfn.XLOOKUP(MID($B20,2,1), 聲調對照表[十五音調號], 聲調對照表[傳統八聲調], "N/A")) -> 3
A21: 望 | B21: 公七門 | C21: bong7 | D21: =IF($B21="", "", _xlfn.XLOOKUP(RIGHT($B21), 聲母對照表[十五音], 聲母對照表[台語音標], "N/A")) -> b | E21: =IF($B21="", "", _xlfn.XLOOKUP(LEFT($B21), 韻母對照表[十五音], 韻母對照表[台語音標], "N/A")) -> ok | F21: =IF($B21="", "", _xlfn.XLOOKUP(MID($B21,2,1), 聲調對照表[十五音調號], 聲調對照表[傳統八聲調], "N/A")) -> 7
A22: ， | D22: =IF($B22="", "", _xlfn.XLOOKUP(RIGHT($B22), 聲母對照表[十五音], 聲母對照表[台語音標], "N/A")) | E22: =IF($B22="", "", _xlfn.XLOOKUP(LEFT($B22), 韻母對照表[十五音], 韻母對照表[台語音標], "N/A")) | F22: =IF($B22="", "", _xlfn.XLOOKUP(MID($B22,2,1), 聲調對照表[十五音調號], 聲調對照表[傳統八聲調], "N/A"))
A23: 蘇 | B23: 沽一時 | C23: soo1 | D23: =IF($B23="", "", _xlfn.XLOOKUP(RIGHT($B23), 聲母對照表[十五音], 聲母對照表[台語音標], "N/A")) -> s | E23: =IF($B23="", "", _xlfn.XLOOKUP(LEFT($B23), 韻母對照表[十五音], 韻母對照表[台語音標], "N/A")) -> oo | F23: =IF($B23="", "", _xlfn.XLOOKUP(MID($B23,2,1), 聲調對照表[十五音調號], 聲調對照表[傳統八聲調], "N/A")) -> 1
A24: 子 | B24: 艍二曾 | C24: zu2 | D24: =IF($B24="", "", _xlfn.XLOOKUP(RIGHT($B24), 聲母對照表[十五音], 聲母對照表[台語音標], "N/A")) -> z | E24: =IF($B24="", "", _xlfn.XLOOKUP(LEFT($B24), 韻母對照表[十五音], 韻母對照表[台語音標], "N/A")) -> u | F24: =IF($B24="", "", _xlfn.XLOOKUP(MID($B24,2,1), 聲調對照表[十五音調號], 聲調對照表[傳統八聲調], "N/A")) -> 2
A25: 與 | B25: 艍二英 | C25: u2 | D25: =IF($B25="", "", _xlfn.XLOOKUP(RIGHT($B25), 聲母對照表[十五音], 聲母對照表[台語音標], "N/A")) -> Ø | E25: =IF($B25="", "", _xlfn.XLOOKUP(LEFT($B25), 韻母對照表[十五音], 韻母對照表[台語音標], "N/A")) -> u | F25: =IF($B25="", "", _xlfn.XLOOKUP(MID($B25,2,1), 聲調對照表[十五音調號], 聲調對照表[傳統八聲調], "N/A")) -> 2
A26: 客 | B26: 經四去 | C26: khik4 | D26: =IF($B26="", "", _xlfn.XLOOKUP(RIGHT($B26), 聲母對照表[十五音], 聲母對照表[台語音標], "N/A")) -> kh | E26: =IF($B26="", "", _xlfn.XLOOKUP(LEFT($B26), 韻母對照表[十五音], 韻母對照表[台語音標], "N/A")) -> ik | F26: =IF($B26="", "", _xlfn.XLOOKUP(MID($B26,2,1), 聲調對照表[十五音調號], 聲調對照表[傳統八聲調], "N/A")) -> 4
A27: 泛 | B27: 觀三喜 | C27: huan3 | D27: =IF($B27="", "", _xlfn.XLOOKUP(RIGHT($B27), 聲母對照表[十五音], 聲母對照表[台語音標], "N/A")) -> h | E27: =IF($B27="", "", _xlfn.XLOOKUP(LEFT($B27), 韻母對照表[十五音], 韻母對照表[台語音標], "N/A")) -> uan | F27: =IF($B27="", "", _xlfn.XLOOKUP(MID($B27,2,1), 聲調對照表[十五音調號], 聲調對照表[傳統八聲調], "N/A")) -> 3
A28: 舟 | B28: 丩一曾 | C28: ziu1 | D28: =IF($B28="", "", _xlfn.XLOOKUP(RIGHT($B28), 聲母對照表[十五音], 聲母對照表[台語音標], "N/A")) -> z | E28: =IF($B28="", "", _xlfn.XLOOKUP(LEFT($B28), 韻母對照表[十五音], 韻母對照表[台語音標], "N/A")) -> iu | F28: =IF($B28="", "", _xlfn.XLOOKUP(MID($B28,2,1), 聲調對照表[十五音調號], 聲調對照表[傳統八聲調], "N/A")) -> 1
A29: 遊 | B29: 丩五英 | C29: iu5 | D29: =IF($B29="", "", _xlfn.XLOOKUP(RIGHT($B29), 聲母對照表[十五音], 聲母對照表[台語音標], "N/A")) -> Ø | E29: =IF($B29="", "", _xlfn.XLOOKUP(LEFT($B29), 韻母對照表[十五音], 韻母對照表[台語音標], "N/A")) -> iu | F29: =IF($B29="", "", _xlfn.XLOOKUP(MID($B29,2,1), 聲調對照表[十五音調號], 聲調對照表[傳統八聲調], "N/A")) -> 5
A30: 於 | B30: 艍一英 | C30: u1 | D30: =IF($B30="", "", _xlfn.XLOOKUP(RIGHT($B30), 聲母對照表[十五音], 聲母對照表[台語音標], "N/A")) -> Ø | E30: =IF($B30="", "", _xlfn.XLOOKUP(LEFT($B30), 韻母對照表[十五音], 韻母對照表[台語音標], "N/A")) -> u | F30: =IF($B30="", "", _xlfn.XLOOKUP(MID($B30,2,1), 聲調對照表[十五音調號], 聲調對照表[傳統八聲調], "N/A")) -> 1
A31: 赤 | B31: 經四出 | C31: cik4 | D31: =IF($B31="", "", _xlfn.XLOOKUP(RIGHT($B31), 聲母對照表[十五音], 聲母對照表[台語音標], "N/A")) -> c | E31: =IF($B31="", "", _xlfn.XLOOKUP(LEFT($B31), 韻母對照表[十五音], 韻母對照表[台語音標], "N/A")) -> ik | F31: =IF($B31="", "", _xlfn.XLOOKUP(MID($B31,2,1), 聲調對照表[十五音調號], 聲調對照表[傳統八聲調], "N/A")) -> 4
A32: 壁 | B32: 經四邊 | C32: pik4 | D32: =IF($B32="", "", _xlfn.XLOOKUP(RIGHT($B32), 聲母對照表[十五音], 聲母對照表[台語音標], "N/A")) -> p | E32: =IF($B32="", "", _xlfn.XLOOKUP(LEFT($B32), 韻母對照表[十五音], 韻母對照表[台語音標], "N/A")) -> ik | F32: =IF($B32="", "", _xlfn.XLOOKUP(MID($B32,2,1), 聲調對照表[十五音調號], 聲調對照表[傳統八聲調], "N/A")) -> 4
A33: 之 | B33: 居一曾 | C33: zi1 | D33: =IF($B33="", "", _xlfn.XLOOKUP(RIGHT($B33), 聲母對照表[十五音], 聲母對照表[台語音標], "N/A")) -> z | E33: =IF($B33="", "", _xlfn.XLOOKUP(LEFT($B33), 韻母對照表[十五音], 韻母對照表[台語音標], "N/A")) -> i | F33: =IF($B33="", "", _xlfn.XLOOKUP(MID($B33,2,1), 聲調對照表[十五音調號], 聲調對照表[傳統八聲調], "N/A")) -> 1
A34: 下 | B34: 膠二喜 | C34: ha2 | D34: =IF($B34="", "", _xlfn.XLOOKUP(RIGHT($B34), 聲母對照表[十五音], 聲母對照表[台語音標], "N/A")) -> h | E34: =IF($B34="", "", _xlfn.XLOOKUP(LEFT($B34), 韻母對照表[十五音], 韻母對照表[台語音標], "N/A")) -> a | F34: =IF($B34="", "", _xlfn.XLOOKUP(MID($B34,2,1), 聲調對照表[十五音調號], 聲調對照表[傳統八聲調], "N/A")) -> 2
A35: 。 | D35: =IF($B35="", "", _xlfn.XLOOKUP(RIGHT($B35), 聲母對照表[十五音], 聲母對照表[台語音標], "N/A")) | E35: =IF($B35="", "", _xlfn.XLOOKUP(LEFT($B35), 韻母對照表[十五音], 韻母對照表[台語音標], "N/A")) | F35: =IF($B35="", "", _xlfn.XLOOKUP(MID($B35,2,1), 聲調對照表[十五音調號], 聲調對照表[傳統八聲調], "N/A"))
A36: 清 | B36: 經一出 | C36: cing1 | D36: =IF($B36="", "", _xlfn.XLOOKUP(RIGHT($B36), 聲母對照表[十五音], 聲母對照表[台語音標], "N/A")) -> c | E36: =IF($B36="", "", _xlfn.XLOOKUP(LEFT($B36), 韻母對照表[十五音], 韻母對照表[台語音標], "N/A")) -> ik | F36: =IF($B36="", "", _xlfn.XLOOKUP(MID($B36,2,1), 聲調對照表[十五音調號], 聲調對照表[傳統八聲調], "N/A")) -> 1
A37: 風 | B37: 公一喜 | C37: hong1 | D37: =IF($B37="", "", _xlfn.XLOOKUP(RIGHT($B37), 聲母對照表[十五音], 聲母對照表[台語音標], "N/A")) -> h | E37: =IF($B37="", "", _xlfn.XLOOKUP(LEFT($B37), 韻母對照表[十五音], 韻母對照表[台語音標], "N/A")) -> ok | F37: =IF($B37="", "", _xlfn.XLOOKUP(MID($B37,2,1), 聲調對照表[十五音調號], 聲調對照表[傳統八聲調], "N/A")) -> 1
A38: 徐 | B38: 艍五時 | C38: su5 | D38: =IF($B38="", "", _xlfn.XLOOKUP(RIGHT($B38), 聲母對照表[十五音], 聲母對照表[台語音標], "N/A")) -> s | E38: =IF($B38="", "", _xlfn.XLOOKUP(LEFT($B38), 韻母對照表[十五音], 韻母對照表[台語音標], "N/A")) -> u | F38: =IF($B38="", "", _xlfn.XLOOKUP(MID($B38,2,1), 聲調對照表[十五音調號], 聲調對照表[傳統八聲調], "N/A")) -> 5
A39: 來 | B39: 皆五柳 | C39: lai5 | D39: =IF($B39="", "", _xlfn.XLOOKUP(RIGHT($B39), 聲母對照表[十五音], 聲母對照表[台語音標], "N/A")) -> l | E39: =IF($B39="", "", _xlfn.XLOOKUP(LEFT($B39), 韻母對照表[十五音], 韻母對照表[台語音標], "N/A")) -> ai | F39: =IF($B39="", "", _xlfn.XLOOKUP(MID($B39,2,1), 聲調對照表[十五音調號], 聲調對照表[傳統八聲調], "N/A")) -> 5
A40: ， | D40: =IF($B40="", "", _xlfn.XLOOKUP(RIGHT($B40), 聲母對照表[十五音], 聲母對照表[台語音標], "N/A")) | E40: =IF($B40="", "", _xlfn.XLOOKUP(LEFT($B40), 韻母對照表[十五音], 韻母對照表[台語音標], "N/A")) | F40: =IF($B40="", "", _xlfn.XLOOKUP(MID($B40,2,1), 聲調對照表[十五音調號], 聲調對照表[傳統八聲調], "N/A"))
A41: 水 | B41: 規二時 | C41: sui2 | D41: =IF($B41="", "", _xlfn.XLOOKUP(RIGHT($B41), 聲母對照表[十五音], 聲母對照表[台語音標], "N/A")) -> s | E41: =IF($B41="", "", _xlfn.XLOOKUP(LEFT($B41), 韻母對照表[十五音], 韻母對照表[台語音標], "N/A")) -> ui | F41: =IF($B41="", "", _xlfn.XLOOKUP(MID($B41,2,1), 聲調對照表[十五音調號], 聲調對照表[傳統八聲調], "N/A")) -> 2
A42: 波 | B42: 高一頗 | C42: pho1 | D42: =IF($B42="", "", _xlfn.XLOOKUP(RIGHT($B42), 聲母對照表[十五音], 聲母對照表[台語音標], "N/A")) -> ph | E42: =IF($B42="", "", _xlfn.XLOOKUP(LEFT($B42), 韻母對照表[十五音], 韻母對照表[台語音標], "N/A")) -> o | F42: =IF($B42="", "", _xlfn.XLOOKUP(MID($B42,2,1), 聲調對照表[十五音調號], 聲調對照表[傳統八聲調], "N/A")) -> 1
A43: 不 | B43: 君四邊 | C43: put4 | D43: =IF($B43="", "", _xlfn.XLOOKUP(RIGHT($B43), 聲母對照表[十五音], 聲母對照表[台語音標], "N/A")) -> p | E43: =IF($B43="", "", _xlfn.XLOOKUP(LEFT($B43), 韻母對照表[十五音], 韻母對照表[台語音標], "N/A")) -> un | F43: =IF($B43="", "", _xlfn.XLOOKUP(MID($B43,2,1), 聲調對照表[十五音調號], 聲調對照表[傳統八聲調], "N/A")) -> 4
A44: 興 | B44: 經一喜 | C44: hing1 | D44: =IF($B44="", "", _xlfn.XLOOKUP(RIGHT($B44), 聲母對照表[十五音], 聲母對照表[台語音標], "N/A")) -> h | E44: =IF($B44="", "", _xlfn.XLOOKUP(LEFT($B44), 韻母對照表[十五音], 韻母對照表[台語音標], "N/A")) -> ik | F44: =IF($B44="", "", _xlfn.XLOOKUP(MID($B44,2,1), 聲調對照表[十五音調號], 聲調對照表[傳統八聲調], "N/A")) -> 1
A45: ， | D45: =IF($B45="", "", _xlfn.XLOOKUP(RIGHT($B45), 聲母對照表[十五音], 聲母對照表[台語音標], "N/A")) | E45: =IF($B45="", "", _xlfn.XLOOKUP(LEFT($B45), 韻母對照表[十五音], 韻母對照表[台語音標], "N/A")) | F45: =IF($B45="", "", _xlfn.XLOOKUP(MID($B45,2,1), 聲調對照表[十五音調號], 聲調對照表[傳統八聲調], "N/A"))
A46: 舉 | B46: 艍二求 | C46: ku2 | D46: =IF($B46="", "", _xlfn.XLOOKUP(RIGHT($B46), 聲母對照表[十五音], 聲母對照表[台語音標], "N/A")) -> k | E46: =IF($B46="", "", _xlfn.XLOOKUP(LEFT($B46), 韻母對照表[十五音], 韻母對照表[台語音標], "N/A")) -> u | F46: =IF($B46="", "", _xlfn.XLOOKUP(MID($B46,2,1), 聲調對照表[十五音調號], 聲調對照表[傳統八聲調], "N/A")) -> 2
A47: 酒 | B47: 丩二曾 | C47: ziu2 | D47: =IF($B47="", "", _xlfn.XLOOKUP(RIGHT($B47), 聲母對照表[十五音], 聲母對照表[台語音標], "N/A")) -> z | E47: =IF($B47="", "", _xlfn.XLOOKUP(LEFT($B47), 韻母對照表[十五音], 韻母對照表[台語音標], "N/A")) -> iu | F47: =IF($B47="", "", _xlfn.XLOOKUP(MID($B47,2,1), 聲調對照表[十五音調號], 聲調對照表[傳統八聲調], "N/A")) -> 2
A48: 屬 | B48: 恭四曾 | C48: ziok4 | D48: =IF($B48="", "", _xlfn.XLOOKUP(RIGHT($B48), 聲母對照表[十五音], 聲母對照表[台語音標], "N/A")) -> z | E48: =IF($B48="", "", _xlfn.XLOOKUP(LEFT($B48), 韻母對照表[十五音], 韻母對照表[台語音標], "N/A")) -> iok | F48: =IF($B48="", "", _xlfn.XLOOKUP(MID($B48,2,1), 聲調對照表[十五音調號], 聲調對照表[傳統八聲調], "N/A")) -> 4
A49: 客 | B49: 經四去 | C49: khik4 | D49: =IF($B49="", "", _xlfn.XLOOKUP(RIGHT($B49), 聲母對照表[十五音], 聲母對照表[台語音標], "N/A")) -> kh | E49: =IF($B49="", "", _xlfn.XLOOKUP(LEFT($B49), 韻母對照表[十五音], 韻母對照表[台語音標], "N/A")) -> ik | F49: =IF($B49="", "", _xlfn.XLOOKUP(MID($B49,2,1), 聲調對照表[十五音調號], 聲調對照表[傳統八聲調], "N/A")) -> 4
A50: ， | D50: =IF($B50="", "", _xlfn.XLOOKUP(RIGHT($B50), 聲母對照表[十五音], 聲母對照表[台語音標], "N/A")) | E50: =IF($B50="", "", _xlfn.XLOOKUP(LEFT($B50), 韻母對照表[十五音], 韻母對照表[台語音標], "N/A")) | F50: =IF($B50="", "", _xlfn.XLOOKUP(MID($B50,2,1), 聲調對照表[十五音調號], 聲調對照表[傳統八聲調], "N/A"))
A51: 誦 | B51: 恭七時 | C51: siong7 | D51: =IF($B51="", "", _xlfn.XLOOKUP(RIGHT($B51), 聲母對照表[十五音], 聲母對照表[台語音標], "N/A")) -> s | E51: =IF($B51="", "", _xlfn.XLOOKUP(LEFT($B51), 韻母對照表[十五音], 韻母對照表[台語音標], "N/A")) -> iok | F51: =IF($B51="", "", _xlfn.XLOOKUP(MID($B51,2,1), 聲調對照表[十五音調號], 聲調對照表[傳統八聲調], "N/A")) -> 7
A52: 明 | B52: 經五門 | C52: bing5 | D52: =IF($B52="", "", _xlfn.XLOOKUP(RIGHT($B52), 聲母對照表[十五音], 聲母對照表[台語音標], "N/A")) -> b | E52: =IF($B52="", "", _xlfn.XLOOKUP(LEFT($B52), 韻母對照表[十五音], 韻母對照表[台語音標], "N/A")) -> ik | F52: =IF($B52="", "", _xlfn.XLOOKUP(MID($B52,2,1), 聲調對照表[十五音調號], 聲調對照表[傳統八聲調], "N/A")) -> 5
A53: 月 | B53: 觀八語 | C53: guat8 | D53: =IF($B53="", "", _xlfn.XLOOKUP(RIGHT($B53), 聲母對照表[十五音], 聲母對照表[台語音標], "N/A")) -> g | E53: =IF($B53="", "", _xlfn.XLOOKUP(LEFT($B53), 韻母對照表[十五音], 韻母對照表[台語音標], "N/A")) -> uan | F53: =IF($B53="", "", _xlfn.XLOOKUP(MID($B53,2,1), 聲調對照表[十五音調號], 聲調對照表[傳統八聲調], "N/A")) -> 8
A54: 之 | B54: 居一曾 | C54: zi1 | D54: =IF($B54="", "", _xlfn.XLOOKUP(RIGHT($B54), 聲母對照表[十五音], 聲母對照表[台語音標], "N/A")) -> z | E54: =IF($B54="", "", _xlfn.XLOOKUP(LEFT($B54), 韻母對照表[十五音], 韻母對照表[台語音標], "N/A")) -> i | F54: =IF($B54="", "", _xlfn.XLOOKUP(MID($B54,2,1), 聲調對照表[十五音調號], 聲調對照表[傳統八聲調], "N/A")) -> 1
A55: 詩 | B55: 居一時 | C55: si1 | D55: =IF($B55="", "", _xlfn.XLOOKUP(RIGHT($B55), 聲母對照表[十五音], 聲母對照表[台語音標], "N/A")) -> s | E55: =IF($B55="", "", _xlfn.XLOOKUP(LEFT($B55), 韻母對照表[十五音], 韻母對照表[台語音標], "N/A")) -> i | F55: =IF($B55="", "", _xlfn.XLOOKUP(MID($B55,2,1), 聲調對照表[十五音調號], 聲調對照表[傳統八聲調], "N/A")) -> 1
A56: ， | D56: =IF($B56="", "", _xlfn.XLOOKUP(RIGHT($B56), 聲母對照表[十五音], 聲母對照表[台語音標], "N/A")) | E56: =IF($B56="", "", _xlfn.XLOOKUP(LEFT($B56), 韻母對照表[十五音], 韻母對照表[台語音標], "N/A")) | F56: =IF($B56="", "", _xlfn.XLOOKUP(MID($B56,2,1), 聲調對照表[十五音調號], 聲調對照表[傳統八聲調], "N/A"))
A57: 歌 | B57: 高一求 | C57: ko1 | D57: =IF($B57="", "", _xlfn.XLOOKUP(RIGHT($B57), 聲母對照表[十五音], 聲母對照表[台語音標], "N/A")) -> k | E57: =IF($B57="", "", _xlfn.XLOOKUP(LEFT($B57), 韻母對照表[十五音], 韻母對照表[台語音標], "N/A")) -> o | F57: =IF($B57="", "", _xlfn.XLOOKUP(MID($B57,2,1), 聲調對照表[十五音調號], 聲調對照表[傳統八聲調], "N/A")) -> 1
A58: 窈 | B58: 嬌二英 | C58: iau2 | D58: =IF($B58="", "", _xlfn.XLOOKUP(RIGHT($B58), 聲母對照表[十五音], 聲母對照表[台語音標], "N/A")) -> Ø | E58: =IF($B58="", "", _xlfn.XLOOKUP(LEFT($B58), 韻母對照表[十五音], 韻母對照表[台語音標], "N/A")) -> iau | F58: =IF($B58="", "", _xlfn.XLOOKUP(MID($B58,2,1), 聲調對照表[十五音調號], 聲調對照表[傳統八聲調], "N/A")) -> 2
A59: 窕 | B59: 嬌二地 | C59: tiau2 | D59: =IF($B59="", "", _xlfn.XLOOKUP(RIGHT($B59), 聲母對照表[十五音], 聲母對照表[台語音標], "N/A")) -> t | E59: =IF($B59="", "", _xlfn.XLOOKUP(LEFT($B59), 韻母對照表[十五音], 韻母對照表[台語音標], "N/A")) -> iau | F59: =IF($B59="", "", _xlfn.XLOOKUP(MID($B59,2,1), 聲調對照表[十五音調號], 聲調對照表[傳統八聲調], "N/A")) -> 2
A60: 之 | B60: 居一曾 | C60: zi1 | D60: =IF($B60="", "", _xlfn.XLOOKUP(RIGHT($B60), 聲母對照表[十五音], 聲母對照表[台語音標], "N/A")) -> z | E60: =IF($B60="", "", _xlfn.XLOOKUP(LEFT($B60), 韻母對照表[十五音], 韻母對照表[台語音標], "N/A")) -> i | F60: =IF($B60="", "", _xlfn.XLOOKUP(MID($B60,2,1), 聲調對照表[十五音調號], 聲調對照表[傳統八聲調], "N/A")) -> 1
A61: 章 | B61: 恭一曾 | C61: ziong1 | D61: =IF($B61="", "", _xlfn.XLOOKUP(RIGHT($B61), 聲母對照表[十五音], 聲母對照表[台語音標], "N/A")) -> z | E61: =IF($B61="", "", _xlfn.XLOOKUP(LEFT($B61), 韻母對照表[十五音], 韻母對照表[台語音標], "N/A")) -> iok | F61: =IF($B61="", "", _xlfn.XLOOKUP(MID($B61,2,1), 聲調對照表[十五音調號], 聲調對照表[傳統八聲調], "N/A")) -> 1
A62: 。 | D62: =IF($B62="", "", _xlfn.XLOOKUP(RIGHT($B62), 聲母對照表[十五音], 聲母對照表[台語音標], "N/A")) | E62: =IF($B62="", "", _xlfn.XLOOKUP(LEFT($B62), 韻母對照表[十五音], 韻母對照表[台語音標], "N/A")) | F62: =IF($B62="", "", _xlfn.XLOOKUP(MID($B62,2,1), 聲調對照表[十五音調號], 聲調對照表[傳統八聲調], "N/A"))
A63: 少 | B63: 嬌二時 | C63: siau2 | D63: =IF($B63="", "", _xlfn.XLOOKUP(RIGHT($B63), 聲母對照表[十五音], 聲母對照表[台語音標], "N/A")) -> s | E63: =IF($B63="", "", _xlfn.XLOOKUP(LEFT($B63), 韻母對照表[十五音], 韻母對照表[台語音標], "N/A")) -> iau | F63: =IF($B63="", "", _xlfn.XLOOKUP(MID($B63,2,1), 聲調對照表[十五音調號], 聲調對照表[傳統八聲調], "N/A")) -> 2
A64: 焉 | B64: 堅一英 | C64: ian1 | D64: =IF($B64="", "", _xlfn.XLOOKUP(RIGHT($B64), 聲母對照表[十五音], 聲母對照表[台語音標], "N/A")) -> Ø | E64: =IF($B64="", "", _xlfn.XLOOKUP(LEFT($B64), 韻母對照表[十五音], 韻母對照表[台語音標], "N/A")) -> ian | F64: =IF($B64="", "", _xlfn.XLOOKUP(MID($B64,2,1), 聲調對照表[十五音調號], 聲調對照表[傳統八聲調], "N/A")) -> 1
A65: ， | D65: =IF($B65="", "", _xlfn.XLOOKUP(RIGHT($B65), 聲母對照表[十五音], 聲母對照表[台語音標], "N/A")) | E65: =IF($B65="", "", _xlfn.XLOOKUP(LEFT($B65), 韻母對照表[十五音], 韻母對照表[台語音標], "N/A")) | F65: =IF($B65="", "", _xlfn.XLOOKUP(MID($B65,2,1), 聲調對照表[十五音調號], 聲調對照表[傳統八聲調], "N/A"))
A66: 月 | B66: 觀八語 | C66: guat8 | D66: =IF($B66="", "", _xlfn.XLOOKUP(RIGHT($B66), 聲母對照表[十五音], 聲母對照表[台語音標], "N/A")) -> g | E66: =IF($B66="", "", _xlfn.XLOOKUP(LEFT($B66), 韻母對照表[十五音], 韻母對照表[台語音標], "N/A")) -> uan | F66: =IF($B66="", "", _xlfn.XLOOKUP(MID($B66,2,1), 聲調對照表[十五音調號], 聲調對照表[傳統八聲調], "N/A")) -> 8
A67: 出 | B67: 規三出 | C67: cui3 | D67: =IF($B67="", "", _xlfn.XLOOKUP(RIGHT($B67), 聲母對照表[十五音], 聲母對照表[台語音標], "N/A")) -> c | E67: =IF($B67="", "", _xlfn.XLOOKUP(LEFT($B67), 韻母對照表[十五音], 韻母對照表[台語音標], "N/A")) -> ui | F67: =IF($B67="", "", _xlfn.XLOOKUP(MID($B67,2,1), 聲調對照表[十五音調號], 聲調對照表[傳統八聲調], "N/A")) -> 3
A68: 於 | B68: 艍一英 | C68: u1 | D68: =IF($B68="", "", _xlfn.XLOOKUP(RIGHT($B68), 聲母對照表[十五音], 聲母對照表[台語音標], "N/A")) -> Ø | E68: =IF($B68="", "", _xlfn.XLOOKUP(LEFT($B68), 韻母對照表[十五音], 韻母對照表[台語音標], "N/A")) -> u | F68: =IF($B68="", "", _xlfn.XLOOKUP(MID($B68,2,1), 聲調對照表[十五音調號], 聲調對照表[傳統八聲調], "N/A")) -> 1
A69: 東 | B69: 公一地 | C69: tong1 | D69: =IF($B69="", "", _xlfn.XLOOKUP(RIGHT($B69), 聲母對照表[十五音], 聲母對照表[台語音標], "N/A")) -> t | E69: =IF($B69="", "", _xlfn.XLOOKUP(LEFT($B69), 韻母對照表[十五音], 韻母對照表[台語音標], "N/A")) -> ok | F69: =IF($B69="", "", _xlfn.XLOOKUP(MID($B69,2,1), 聲調對照表[十五音調號], 聲調對照表[傳統八聲調], "N/A")) -> 1
A70: 山 | B70: 干一時 | C70: san1 | D70: =IF($B70="", "", _xlfn.XLOOKUP(RIGHT($B70), 聲母對照表[十五音], 聲母對照表[台語音標], "N/A")) -> s | E70: =IF($B70="", "", _xlfn.XLOOKUP(LEFT($B70), 韻母對照表[十五音], 韻母對照表[台語音標], "N/A")) -> an | F70: =IF($B70="", "", _xlfn.XLOOKUP(MID($B70,2,1), 聲調對照表[十五音調號], 聲調對照表[傳統八聲調], "N/A")) -> 1
A71: 之 | B71: 居一曾 | C71: zi1 | D71: =IF($B71="", "", _xlfn.XLOOKUP(RIGHT($B71), 聲母對照表[十五音], 聲母對照表[台語音標], "N/A")) -> z | E71: =IF($B71="", "", _xlfn.XLOOKUP(LEFT($B71), 韻母對照表[十五音], 韻母對照表[台語音標], "N/A")) -> i | F71: =IF($B71="", "", _xlfn.XLOOKUP(MID($B71,2,1), 聲調對照表[十五音調號], 聲調對照表[傳統八聲調], "N/A")) -> 1
A72: 上 | B72: 恭二時 | C72: siong2 | D72: =IF($B72="", "", _xlfn.XLOOKUP(RIGHT($B72), 聲母對照表[十五音], 聲母對照表[台語音標], "N/A")) -> s | E72: =IF($B72="", "", _xlfn.XLOOKUP(LEFT($B72), 韻母對照表[十五音], 韻母對照表[台語音標], "N/A")) -> iok | F72: =IF($B72="", "", _xlfn.XLOOKUP(MID($B72,2,1), 聲調對照表[十五音調號], 聲調對照表[傳統八聲調], "N/A")) -> 2
A73: ， | D73: =IF($B73="", "", _xlfn.XLOOKUP(RIGHT($B73), 聲母對照表[十五音], 聲母對照表[台語音標], "N/A")) | E73: =IF($B73="", "", _xlfn.XLOOKUP(LEFT($B73), 韻母對照表[十五音], 韻母對照表[台語音標], "N/A")) | F73: =IF($B73="", "", _xlfn.XLOOKUP(MID($B73,2,1), 聲調對照表[十五音調號], 聲調對照表[傳統八聲調], "N/A"))
A74: 徘 | B74: 皆五邊 | C74: pai5 | D74: =IF($B74="", "", _xlfn.XLOOKUP(RIGHT($B74), 聲母對照表[十五音], 聲母對照表[台語音標], "N/A")) -> p | E74: =IF($B74="", "", _xlfn.XLOOKUP(LEFT($B74), 韻母對照表[十五音], 韻母對照表[台語音標], "N/A")) -> ai | F74: =IF($B74="", "", _xlfn.XLOOKUP(MID($B74,2,1), 聲調對照表[十五音調號], 聲調對照表[傳統八聲調], "N/A")) -> 5
A75: 徊 | B75: 檜五喜 | C75: hue5 | D75: =IF($B75="", "", _xlfn.XLOOKUP(RIGHT($B75), 聲母對照表[十五音], 聲母對照表[台語音標], "N/A")) -> h | E75: =IF($B75="", "", _xlfn.XLOOKUP(LEFT($B75), 韻母對照表[十五音], 韻母對照表[台語音標], "N/A")) -> ue | F75: =IF($B75="", "", _xlfn.XLOOKUP(MID($B75,2,1), 聲調對照表[十五音調號], 聲調對照表[傳統八聲調], "N/A")) -> 5
A76: 於 | B76: 艍一英 | C76: u1 | D76: =IF($B76="", "", _xlfn.XLOOKUP(RIGHT($B76), 聲母對照表[十五音], 聲母對照表[台語音標], "N/A")) -> Ø | E76: =IF($B76="", "", _xlfn.XLOOKUP(LEFT($B76), 韻母對照表[十五音], 韻母對照表[台語音標], "N/A")) -> u | F76: =IF($B76="", "", _xlfn.XLOOKUP(MID($B76,2,1), 聲調對照表[十五音調號], 聲調對照表[傳統八聲調], "N/A")) -> 1
A77: 斗 | B77: 沽二地 | C77: too2 | D77: =IF($B77="", "", _xlfn.XLOOKUP(RIGHT($B77), 聲母對照表[十五音], 聲母對照表[台語音標], "N/A")) -> t | E77: =IF($B77="", "", _xlfn.XLOOKUP(LEFT($B77), 韻母對照表[十五音], 韻母對照表[台語音標], "N/A")) -> oo | F77: =IF($B77="", "", _xlfn.XLOOKUP(MID($B77,2,1), 聲調對照表[十五音調號], 聲調對照表[傳統八聲調], "N/A")) -> 2
A78: 牛 | B78: 艍五語 | C78: gu5 | D78: =IF($B78="", "", _xlfn.XLOOKUP(RIGHT($B78), 聲母對照表[十五音], 聲母對照表[台語音標], "N/A")) -> g | E78: =IF($B78="", "", _xlfn.XLOOKUP(LEFT($B78), 韻母對照表[十五音], 韻母對照表[台語音標], "N/A")) -> u | F78: =IF($B78="", "", _xlfn.XLOOKUP(MID($B78,2,1), 聲調對照表[十五音調號], 聲調對照表[傳統八聲調], "N/A")) -> 5
A79: 之 | B79: 居一曾 | C79: zi1 | D79: =IF($B79="", "", _xlfn.XLOOKUP(RIGHT($B79), 聲母對照表[十五音], 聲母對照表[台語音標], "N/A")) -> z | E79: =IF($B79="", "", _xlfn.XLOOKUP(LEFT($B79), 韻母對照表[十五音], 韻母對照表[台語音標], "N/A")) -> i | F79: =IF($B79="", "", _xlfn.XLOOKUP(MID($B79,2,1), 聲調對照表[十五音調號], 聲調對照表[傳統八聲調], "N/A")) -> 1
A80: 間 | B80: 干一求 | C80: kan1 | D80: =IF($B80="", "", _xlfn.XLOOKUP(RIGHT($B80), 聲母對照表[十五音], 聲母對照表[台語音標], "N/A")) -> k | E80: =IF($B80="", "", _xlfn.XLOOKUP(LEFT($B80), 韻母對照表[十五音], 韻母對照表[台語音標], "N/A")) -> an | F80: =IF($B80="", "", _xlfn.XLOOKUP(MID($B80,2,1), 聲調對照表[十五音調號], 聲調對照表[傳統八聲調], "N/A")) -> 1
A81: ， | D81: =IF($B81="", "", _xlfn.XLOOKUP(RIGHT($B81), 聲母對照表[十五音], 聲母對照表[台語音標], "N/A")) | E81: =IF($B81="", "", _xlfn.XLOOKUP(LEFT($B81), 韻母對照表[十五音], 韻母對照表[台語音標], "N/A")) | F81: =IF($B81="", "", _xlfn.XLOOKUP(MID($B81,2,1), 聲調對照表[十五音調號], 聲調對照表[傳統八聲調], "N/A"))
A82: 白 | B82: 經八邊 | C82: pik8 | D82: =IF($B82="", "", _xlfn.XLOOKUP(RIGHT($B82), 聲母對照表[十五音], 聲母對照表[台語音標], "N/A")) -> p | E82: =IF($B82="", "", _xlfn.XLOOKUP(LEFT($B82), 韻母對照表[十五音], 韻母對照表[台語音標], "N/A")) -> ik | F82: =IF($B82="", "", _xlfn.XLOOKUP(MID($B82,2,1), 聲調對照表[十五音調號], 聲調對照表[傳統八聲調], "N/A")) -> 8
A83: 露 | B83: 沽七柳 | C83: loo7 | D83: =IF($B83="", "", _xlfn.XLOOKUP(RIGHT($B83), 聲母對照表[十五音], 聲母對照表[台語音標], "N/A")) -> l | E83: =IF($B83="", "", _xlfn.XLOOKUP(LEFT($B83), 韻母對照表[十五音], 韻母對照表[台語音標], "N/A")) -> oo | F83: =IF($B83="", "", _xlfn.XLOOKUP(MID($B83,2,1), 聲調對照表[十五音調號], 聲調對照表[傳統八聲調], "N/A")) -> 7
A84: 橫 | B84: 經一喜 | C84: hing1 | D84: =IF($B84="", "", _xlfn.XLOOKUP(RIGHT($B84), 聲母對照表[十五音], 聲母對照表[台語音標], "N/A")) -> h | E84: =IF($B84="", "", _xlfn.XLOOKUP(LEFT($B84), 韻母對照表[十五音], 韻母對照表[台語音標], "N/A")) -> ik | F84: =IF($B84="", "", _xlfn.XLOOKUP(MID($B84,2,1), 聲調對照表[十五音調號], 聲調對照表[傳統八聲調], "N/A")) -> 1
A85: 江 | B85: 江一求 | C85: kang1 | D85: =IF($B85="", "", _xlfn.XLOOKUP(RIGHT($B85), 聲母對照表[十五音], 聲母對照表[台語音標], "N/A")) -> k | E85: =IF($B85="", "", _xlfn.XLOOKUP(LEFT($B85), 韻母對照表[十五音], 韻母對照表[台語音標], "N/A")) -> ak | F85: =IF($B85="", "", _xlfn.XLOOKUP(MID($B85,2,1), 聲調對照表[十五音調號], 聲調對照表[傳統八聲調], "N/A")) -> 1
A86: ， | D86: =IF($B86="", "", _xlfn.XLOOKUP(RIGHT($B86), 聲母對照表[十五音], 聲母對照表[台語音標], "N/A")) | E86: =IF($B86="", "", _xlfn.XLOOKUP(LEFT($B86), 韻母對照表[十五音], 韻母對照表[台語音標], "N/A")) | F86: =IF($B86="", "", _xlfn.XLOOKUP(MID($B86,2,1), 聲調對照表[十五音調號], 聲調對照表[傳統八聲調], "N/A"))
A87: 水 | B87: 規二時 | C87: sui2 | D87: =IF($B87="", "", _xlfn.XLOOKUP(RIGHT($B87), 聲母對照表[十五音], 聲母對照表[台語音標], "N/A")) -> s | E87: =IF($B87="", "", _xlfn.XLOOKUP(LEFT($B87), 韻母對照表[十五音], 韻母對照表[台語音標], "N/A")) -> ui | F87: =IF($B87="", "", _xlfn.XLOOKUP(MID($B87,2,1), 聲調對照表[十五音調號], 聲調對照表[傳統八聲調], "N/A")) -> 2
A88: 光 | B88: 公一求 | C88: kong1 | D88: =IF($B88="", "", _xlfn.XLOOKUP(RIGHT($B88), 聲母對照表[十五音], 聲母對照表[台語音標], "N/A")) -> k | E88: =IF($B88="", "", _xlfn.XLOOKUP(LEFT($B88), 韻母對照表[十五音], 韻母對照表[台語音標], "N/A")) -> ok | F88: =IF($B88="", "", _xlfn.XLOOKUP(MID($B88,2,1), 聲調對照表[十五音調號], 聲調對照表[傳統八聲調], "N/A")) -> 1
A89: 接 | B89: 兼四曾 | C89: ziap4 | D89: =IF($B89="", "", _xlfn.XLOOKUP(RIGHT($B89), 聲母對照表[十五音], 聲母對照表[台語音標], "N/A")) -> z | E89: =IF($B89="", "", _xlfn.XLOOKUP(LEFT($B89), 韻母對照表[十五音], 韻母對照表[台語音標], "N/A")) -> iam | F89: =IF($B89="", "", _xlfn.XLOOKUP(MID($B89,2,1), 聲調對照表[十五音調號], 聲調對照表[傳統八聲調], "N/A")) -> 4
A90: 天 | B90: 堅一他 | C90: thian1 | D90: =IF($B90="", "", _xlfn.XLOOKUP(RIGHT($B90), 聲母對照表[十五音], 聲母對照表[台語音標], "N/A")) -> th | E90: =IF($B90="", "", _xlfn.XLOOKUP(LEFT($B90), 韻母對照表[十五音], 韻母對照表[台語音標], "N/A")) -> ian | F90: =IF($B90="", "", _xlfn.XLOOKUP(MID($B90,2,1), 聲調對照表[十五音調號], 聲調對照表[傳統八聲調], "N/A")) -> 1
A91: ； | D91: =IF($B91="", "", _xlfn.XLOOKUP(RIGHT($B91), 聲母對照表[十五音], 聲母對照表[台語音標], "N/A")) | E91: =IF($B91="", "", _xlfn.XLOOKUP(LEFT($B91), 韻母對照表[十五音], 韻母對照表[台語音標], "N/A")) | F91: =IF($B91="", "", _xlfn.XLOOKUP(MID($B91,2,1), 聲調對照表[十五音調號], 聲調對照表[傳統八聲調], "N/A"))
A92: 縱 | B92: 恭一曾 | C92: ziong1 | D92: =IF($B92="", "", _xlfn.XLOOKUP(RIGHT($B92), 聲母對照表[十五音], 聲母對照表[台語音標], "N/A")) -> z | E92: =IF($B92="", "", _xlfn.XLOOKUP(LEFT($B92), 韻母對照表[十五音], 韻母對照表[台語音標], "N/A")) -> iok | F92: =IF($B92="", "", _xlfn.XLOOKUP(MID($B92,2,1), 聲調對照表[十五音調號], 聲調對照表[傳統八聲調], "N/A")) -> 1
A93: 一 | B93: 巾四英 | C93: it4 | D93: =IF($B93="", "", _xlfn.XLOOKUP(RIGHT($B93), 聲母對照表[十五音], 聲母對照表[台語音標], "N/A")) -> Ø | E93: =IF($B93="", "", _xlfn.XLOOKUP(LEFT($B93), 韻母對照表[十五音], 韻母對照表[台語音標], "N/A")) -> in | F93: =IF($B93="", "", _xlfn.XLOOKUP(MID($B93,2,1), 聲調對照表[十五音調號], 聲調對照表[傳統八聲調], "N/A")) -> 4
A94: 葦 | B94: 規二英 | C94: ui2 | D94: =IF($B94="", "", _xlfn.XLOOKUP(RIGHT($B94), 聲母對照表[十五音], 聲母對照表[台語音標], "N/A")) -> Ø | E94: =IF($B94="", "", _xlfn.XLOOKUP(LEFT($B94), 韻母對照表[十五音], 韻母對照表[台語音標], "N/A")) -> ui | F94: =IF($B94="", "", _xlfn.XLOOKUP(MID($B94,2,1), 聲調對照表[十五音調號], 聲調對照表[傳統八聲調], "N/A")) -> 2
A95: 之 | B95: 居一曾 | C95: zi1 | D95: =IF($B95="", "", _xlfn.XLOOKUP(RIGHT($B95), 聲母對照表[十五音], 聲母對照表[台語音標], "N/A")) -> z | E95: =IF($B95="", "", _xlfn.XLOOKUP(LEFT($B95), 韻母對照表[十五音], 韻母對照表[台語音標], "N/A")) -> i | F95: =IF($B95="", "", _xlfn.XLOOKUP(MID($B95,2,1), 聲調對照表[十五音調號], 聲調對照表[傳統八聲調], "N/A")) -> 1
A96: 所 | B96: 沽二時 | C96: soo2 | D96: =IF($B96="", "", _xlfn.XLOOKUP(RIGHT($B96), 聲母對照表[十五音], 聲母對照表[台語音標], "N/A")) -> s | E96: =IF($B96="", "", _xlfn.XLOOKUP(LEFT($B96), 韻母對照表[十五音], 韻母對照表[台語音標], "N/A")) -> oo | F96: =IF($B96="", "", _xlfn.XLOOKUP(MID($B96,2,1), 聲調對照表[十五音調號], 聲調對照表[傳統八聲調], "N/A")) -> 2
A97: 如 | B97: 艍五入 | C97: ju5 | D97: =IF($B97="", "", _xlfn.XLOOKUP(RIGHT($B97), 聲母對照表[十五音], 聲母對照表[台語音標], "N/A")) -> j | E97: =IF($B97="", "", _xlfn.XLOOKUP(LEFT($B97), 韻母對照表[十五音], 韻母對照表[台語音標], "N/A")) -> u | F97: =IF($B97="", "", _xlfn.XLOOKUP(MID($B97,2,1), 聲調對照表[十五音調號], 聲調對照表[傳統八聲調], "N/A")) -> 5
A98: ， | D98: =IF($B98="", "", _xlfn.XLOOKUP(RIGHT($B98), 聲母對照表[十五音], 聲母對照表[台語音標], "N/A")) | E98: =IF($B98="", "", _xlfn.XLOOKUP(LEFT($B98), 韻母對照表[十五音], 韻母對照表[台語音標], "N/A")) | F98: =IF($B98="", "", _xlfn.XLOOKUP(MID($B98,2,1), 聲調對照表[十五音調號], 聲調對照表[傳統八聲調], "N/A"))
A99: 凌 | B99: 經五柳 | C99: ling5 | D99: =IF($B99="", "", _xlfn.XLOOKUP(RIGHT($B99), 聲母對照表[十五音], 聲母對照表[台語音標], "N/A")) -> l | E99: =IF($B99="", "", _xlfn.XLOOKUP(LEFT($B99), 韻母對照表[十五音], 韻母對照表[台語音標], "N/A")) -> ik | F99: =IF($B99="", "", _xlfn.XLOOKUP(MID($B99,2,1), 聲調對照表[十五音調號], 聲調對照表[傳統八聲調], "N/A")) -> 5
A100: 萬 | B100: 觀七門 | C100: buan7 | D100: =IF($B100="", "", _xlfn.XLOOKUP(RIGHT($B100), 聲母對照表[十五音], 聲母對照表[台語音標], "N/A")) -> b | E100: =IF($B100="", "", _xlfn.XLOOKUP(LEFT($B100), 韻母對照表[十五音], 韻母對照表[台語音標], "N/A")) -> uan | F100: =IF($B100="", "", _xlfn.XLOOKUP(MID($B100,2,1), 聲調對照表[十五音調號], 聲調對照表[傳統八聲調], "N/A")) -> 7
...

Sheet 網頁匯入(v0.0.3)
A1: 漢字 | B1: 漢字標音 | C1: 台語音標 | D1: 台語音標之聲 | E1: 台語音標之韻 | F1: 台語音標之調
A2: 《
A3: 前 | B3: 堅五曾 | C3: zian5 | D3: 曾 | E3: 堅 | F3: 5
A4: 赤 | B4: 經四出 | C4: cik4 | D4: 出 | E4: 經 | F4: 4
A5: 壁 | B5: 經四邊 | C5: pik4 | D5: 邊 | E5: 經 | F5: 4
A6: 賦 | B6: 艍三喜 | C6: hu3 | D6: 喜 | E6: 艍 | F6: 3
A7: 》
A8: 北 | B8: 公四邊 | C8: pok4 | D8: 邊 | E8: 公 | F8: 4
A9: 宋 | B9: 公三時 | C9: song3 | D9: 時 | E9: 公 | F9: 3
A10: ：
A11: 蘇 | B11: 沽一時 | C11: soo1 | D11: 時 | E11: 沽 | F11: 1
A12: 軾 | B12: 經四時 | C12: sik4 | D12: 時 | E12: 經 | F12: 4
A13: 壬 | B13: 金五入 | C13: jim5 | D13: 入 | E13: 金 | F13: 5
A14: 戌 | B14: 君四時 | C14: sut4 | D14: 時 | E14: 君 | F14: 4
A15: 之 | B15: 居一曾 | C15: zi1 | D15: 曾 | E15: 居 | F15: 1
A16: 秋 | B16: 丩一出 | C16: ciu1 | D16: 出 | E16: 丩 | F16: 1
A17: ，
A18: 七 | B18: 巾四出 | C18: cit4 | D18: 出 | E18: 巾 | F18: 4
A19: 月 | B19: 觀八語 | C19: guat8 | D19: 語 | E19: 觀 | F19: 8
A20: 既 | B20: 居三求 | C20: ki3 | D20: 求 | E20: 居 | F20: 3
A21: 望 | B21: 公七門 | C21: bong7 | D21: 門 | E21: 恭 | F21: 7
A22: ，
A23: 蘇 | B23: 沽一時 | C23: soo1 | D23: 時 | E23: 沽 | F23: 1
A24: 子 | B24: 艍二曾 | C24: zu2 | D24: 曾 | E24: 艍 | F24: 2
A25: 與 | B25: 艍二英 | C25: u2 | D25: 英 | E25: 艍 | F25: 2
A26: 客 | B26: 經四去 | C26: khik4 | D26: 去 | E26: 經 | F26: 4
A27: 泛 | B27: 觀三喜 | C27: huan3 | D27: 喜 | E27: 觀 | F27: 3
A28: 舟 | B28: 丩一曾 | C28: ziu1 | D28: 曾 | E28: 丩 | F28: 1
A29: 遊 | B29: 丩五英 | C29: iu5 | D29: 英 | E29: 丩 | F29: 5
A30: 於 | B30: 艍一英 | C30: u1 | D30: 英 | E30: 艍 | F30: 1
A31: 赤 | B31: 經四出 | C31: cik4 | D31: 出 | E31: 經 | F31: 4
A32: 壁 | B32: 經四邊 | C32: pik4 | D32: 邊 | E32: 經 | F32: 4
A33: 之 | B33: 居一曾 | C33: zi1 | D33: 曾 | E33: 居 | F33: 1
A34: 下 | B34: 膠二喜 | C34: ha2 | D34: 喜 | E34: 膠 | F34: 2
A35: 。
A36: 清 | B36: 經一出 | C36: cing1 | D36: 出 | E36: 經 | F36: 1
A37: 風 | B37: 公一喜 | C37: hong1 | D37: 喜 | E37: 恭 | F37: 1
A38: 徐 | B38: 艍五時 | C38: su5 | D38: 時 | E38: 艍 | F38: 5
A39: 來 | B39: 皆五柳 | C39: lai5 | D39: 柳 | E39: 皆 | F39: 5
A40: ，
A41: 水 | B41: 規二時 | C41: sui2 | D41: 時 | E41: 規 | F41: 2
A42: 波 | B42: 高一頗 | C42: pho1 | D42: 頗 | E42: 高 | F42: 1
A43: 不 | B43: 君四邊 | C43: put4 | D43: 邊 | E43: 君 | F43: 4
A44: 興 | B44: 經一喜 | C44: hing1 | D44: 喜 | E44: 經 | F44: 1
A45: ，
A46: 舉 | B46: 艍二求 | C46: ku2 | D46: 求 | E46: 艍 | F46: 2
A47: 酒 | B47: 丩二曾 | C47: ziu2 | D47: 曾 | E47: 丩 | F47: 2
A48: 屬 | B48: 恭四曾 | C48: ziok4 | D48: 曾 | E48: 恭 | F48: 4
A49: 客 | B49: 經四去 | C49: khik4 | D49: 去 | E49: 經 | F49: 4
A50: ，
A51: 誦 | B51: 恭七時 | C51: siong7 | D51: 時 | E51: 恭 | F51: 7
A52: 明 | B52: 經五門 | C52: bing5 | D52: 門 | E52: 經 | F52: 5
A53: 月 | B53: 觀八語 | C53: guat8 | D53: 語 | E53: 觀 | F53: 8
A54: 之 | B54: 居一曾 | C54: zi1 | D54: 曾 | E54: 居 | F54: 1
A55: 詩 | B55: 居一時 | C55: si1 | D55: 時 | E55: 居 | F55: 1
A56: ，
A57: 歌 | B57: 高一求 | C57: ko1 | D57: 求 | E57: 高 | F57: 1
A58: 窈 | B58: 嬌二英 | C58: iau2 | D58: 英 | E58: 嬌 | F58: 2
A59: 窕 | B59: 嬌二地 | C59: tiau2 | D59: 地 | E59: 嬌 | F59: 2
A60: 之 | B60: 居一曾 | C60: zi1 | D60: 曾 | E60: 居 | F60: 1
A61: 章 | B61: 恭一曾 | C61: ziong1 | D61: 曾 | E61: 恭 | F61: 1
A62: 。
A63: 少 | B63: 嬌二時 | C63: siau2 | D63: 時 | E63: 嬌 | F63: 2
A64: 焉 | B64: 堅一英 | C64: ian1 | D64: 英 | E64: 堅 | F64: 1
A65: ，
A66: 月 | B66: 觀八語 | C66: guat8 | D66: 語 | E66: 觀 | F66: 8
A67: 出 | B67: 規三出 | C67: cui3 | D67: 出 | E67: 規 | F67: 3
A68: 於 | B68: 艍一英 | C68: u1 | D68: 英 | E68: 艍 | F68: 1
A69: 東 | B69: 公一地 | C69: tong1 | D69: 地 | E69: 公 | F69: 1
A70: 山 | B70: 干一時 | C70: san1 | D70: 時 | E70: 干 | F70: 1
A71: 之 | B71: 居一曾 | C71: zi1 | D71: 曾 | E71: 居 | F71: 1
A72: 上 | B72: 恭二時 | C72: siong2 | D72: 時 | E72: 恭 | F72: 2
A73: ，
A74: 徘 | B74: 皆五邊 | C74: pai5 | D74: 邊 | E74: 皆 | F74: 5
A75: 徊 | B75: 檜五喜 | C75: hue5 | D75: 喜 | E75: 檜 | F75: 5
A76: 於 | B76: 艍一英 | C76: u1 | D76: 英 | E76: 艍 | F76: 1
A77: 斗 | B77: 沽二地 | C77: too2 | D77: 地 | E77: 沽 | F77: 2
A78: 牛 | B78: 艍五語 | C78: gu5 | D78: 語 | E78: 艍 | F78: 5
A79: 之 | B79: 居一曾 | C79: zi1 | D79: 曾 | E79: 居 | F79: 1
A80: 間 | B80: 干一求 | C80: kan1 | D80: 求 | E80: 干 | F80: 1
A81: ，
A82: 白 | B82: 經八邊 | C82: pik8 | D82: 邊 | E82: 經 | F82: 8
A83: 露 | B83: 沽七柳 | C83: loo7 | D83: 柳 | E83: 沽 | F83: 7
A84: 橫 | B84: 經一喜 | C84: hing1 | D84: 喜 | E84: 經 | F84: 1
A85: 江 | B85: 江一求 | C85: kang1 | D85: 求 | E85: 江 | F85: 1
A86: ，
A87: 水 | B87: 規二時 | C87: sui2 | D87: 時 | E87: 規 | F87: 2
A88: 光 | B88: 公一求 | C88: kong1 | D88: 求 | E88: 公 | F88: 1
A89: 接 | B89: 兼四曾 | C89: ziap4 | D89: 曾 | E89: 兼 | F89: 4
A90: 天 | B90: 堅一他 | C90: thian1 | D90: 他 | E90: 堅 | F90: 1
A91: ；
A92: 縱 | B92: 恭一曾 | C92: ziong1 | D92: 曾 | E92: 恭 | F92: 1
A93: 一 | B93: 巾四英 | C93: it4 | D93: 英 | E93: 巾 | F93: 4
A94: 葦 | B94: 規二英 | C94: ui2 | D94: 英 | E94: 規 | F94: 2
A95: 之 | B95: 居一曾 | C95: zi1 | D95: 曾 | E95: 居 | F95: 1
A96: 所 | B96: 沽二時 | C96: soo2 | D96: 時 | E96: 沽 | F96: 2
A97: 如 | B97: 艍五入 | C97: ju5 | D97: 入 | E97: 艍 | F97: 5
A98: ，
A99: 凌 | B99: 經五柳 | C99: ling5 | D99: 柳 | E99: 經 | F99: 5
A100: 萬 | B100: 觀七門 | C100: buan7 | D100: 門 | E100: 觀 | F100: 7
...

Sheet 十五音轉台語音標字典
B2: "邊" : "p", | D2: "君" : ["un", "ut"],
B3: "頗" : "ph", | D3: "堅" : ["ian", "iat"],
B4: "門" : "b", | D4: "金" : ["im", "ip"],
B5: "毛" : "m", | D5: "規" : ["ui", ""],
B6: "地" : "t", | D6: "嘉" : ["ee", "eeh"],
B7: "他" : "th", | D7: "干" : ["an", "at"],
B8: "耐" : "n", | D8: "公" : ["ong", "ok"],
B9: "柳" : "l", | D9: "乖" : ["uai", "uaih"],
B10: "曾" : "z", | D10: "經" : ["ing", "ik"],
B11: "出" : "c", | D11: "觀" : ["uan", "uat"],
B12: "時" : "s", | D12: "沽" : ["oo", ""],
B13: "入" : "j", | D13: "嬌" : ["iau", "iauh"],
... B20: "英" : "Ø", | D20: "甘" : ["am", "ap"],
D21: "瓜" : ["ua", "uah"],
D22: "江" : ["ang", "ak"],
D23: "兼" : ["iam", "iap"],
D24: "交" : ["au", "auh"],
D25: "迦" : ["ia", "iah"],
D26: "檜" : ["ue", "ueh"],
D27: "監" : ["ann", "ahnn"],
D28: "艍" : ["u", "uh"],
D29: "膠" : ["a", "ah"],
D30: "居" : ["i", "ih"],
D31: "丩" : ["iu", ""],
D32: "更" : ["enn", "ehnn"],
... D51: "牛" : ["iunn", ""],

Sheet 聲母對照表
B2: 漢字範例 | C2: 十五音 | D2: 國際音標 | E2: 台語音標 | F2: 注音二式 | G2: 注音符號
B3: 邊 | C3: 邊 | D3: p | E3: p | F3: b | G3: ㄅ
B4: 頗 | C4: 頗 | D4: pʰ | E4: ph | F4: p | G4: ㄆ
B5: 門 | C5: 門 | D5: b | E5: b | F5: bb | G5: ㆠ
B6: 毛 | C6: 毛 | D6: m | E6: m | F6: m | G6: ㄇ
B7: 地 | C7: 地 | D7: t | E7: t | F7: d | G7: ㄉ
B8: 他 | C8: 他 | D8: tʰ | E8: th | F8: t | G8: ㄊ
B9: 耐 | C9: 耐 | D9: n | E9: n | F9: n | G9: ㄋ
B10: 柳 | C10: 柳 | D10: l | E10: l | F10: l | G10: ㄌ
B11: 曾 | C11: 曾 | D11: ʦ | E11: z | F11: z | G11: ㄗ
B12: 出 | C12: 出 | D12: ʦʰ | E12: c | F12: c | G12: ㄘ
B13: 時 | C13: 時 | D13: s | E13: s | F13: s | G13: ㄙ
... B20: 喜 | C20: 喜 | D20: h | E20: h | F20: h | G20: ㄏ
B21: 英 | C21: 英 | D21: ʔ | E21: Ø | F21: Ø | G21: 0

Sheet 韻母對照表
B2: 識別號 | C2: 漢字例 | D2: 國際音標 | E2: 十五音 | F2: 方音符號 | G2: 台語音標 | H2: 台羅拼音 | I2: 白話字 | J2: 閩拼方案 | K2: 注音二式 | L2: 舒促聲 | M2: 十五音識別碼 | N2: 十五音韻母序
B3: 55 | C3: 些 | D3: a | E3: 膠 | F3: ㄚ | G3: a | H3: a | I3: a | J3: a | K3: a | L3: 舒聲 | M3: 膠舒 | N3: 28
B4: 56 | C4: 百 | D4: a? | E4: 膠 | F4: ㄚㆷ | G4: ah | H4: ah | I4: ah | J4: ah | K4: ah | L4: 促聲 | M4: 膠促 | N4: 28
B5: 52 | C5: 含 | D5: ã? | E5: 監 | F5: ㆩㆷ | G5: ahnn | H5: annh | I5: aⁿh | J5: nah | K5: annh | L5: 促聲 | M5: 監促 | N5: 26
B6: 31 | C6: 埃 | D6: ai | E6: 皆 | F6: ㄞ | G6: ai | H6: ai | I6: ai | J6: ai | K6: ai | L6: 舒聲 | M6: 皆舒 | N6: 16
B7: 79 | C7: 挨 | D7: ãi | E7: 閒 | F7: ㆮ | G7: ainn | H7: ainn | I7: aiⁿ | J7: nai | K7: ainn | L7: 舒聲 | M7: 閒舒 | N7: 40
B8: 42 | C8: 角 | D8: ak̚ | E8: 江 | F8: ㄚㆻ | G8: ak | H8: ak | I8: ak | J8: ak | K8: ak | L8: 促聲 | M8: 江促 | N8: 21
B9: 37 | C9: 堪 | D9: am | E9: 甘 | F9: ㆰ | G9: am | H9: am | I9: am | J9: am | K9: am | L9: 舒聲 | M9: 甘舒 | N9: 19
B10: 11 | C10: 蘭 | D10: an | E10: 干 | F10: ㄢ | G10: an | H10: an | I10: an | J10: an | K10: an | L10: 舒聲 | M10: 干舒 | N10: 6
B11: 41 | C11: 邦 | D11: aŋ | E11: 江 | F11: ㄤ | G11: ang | H11: ang | I11: ang | J11: ang | K11: ang | L11: 舒聲 | M11: 江舒 | N11: 21
B12: 51 | C12: 聽 | D12: ã | E12: 監 | F12: ㆩ | G12: ann | H12: ann | I12: aⁿ | J12: na | K12: ann | L12: 舒聲 | M12: 監舒 | N12: 26
B13: 38 | C13: 答 | D13: ap̚ | E13: 甘 | F13: ㄚㆴ | G13: ap | H13: ap | I13: ap | J13: ap | K13: ap | L13: 促聲 | M13: 甘促 | N13: 19
... B86: 2 | C86: 不 | D86: ut̚ | E86: 君 | F86: ㄨㆵ | G86: ut | H86: ut | I86: ut | J86: ut | K86: ut | L86: 促聲 | M86: 君促 | N86: 1

Sheet 十五音韻母對照表
B1: {=COLUMN() - COLUMN($A:$A)} -> 1 | C1: {=COLUMN() - COLUMN($A:$A)} -> 2 | D1: {=COLUMN() - COLUMN($A:$A)} -> 3 | E1: {=COLUMN() - COLUMN($A:$A)} -> 4 | F1: {=COLUMN() - COLUMN($A:$A)} -> 5 | G1: {=COLUMN() - COLUMN($A:$A)} -> 6 | H1: {=COLUMN() - COLUMN($A:$A)} -> 7 | I1: {=COLUMN() - COLUMN($A:$A)} -> 8 | ... O1: {=COLUMN() - COLUMN($A:$A)} -> 14
B3: 識別號 | C3: 漢字例 | D3: 國際音標 | E3: 十五音 | F3: 方音符號 | G3: 台語音標 | H3: 台羅拼音 | I3: 白話字 | J3: 閩拼方案 | K3: 注音二式 | L3: 舒促聲 | M3: 十五音識別碼 | N3: 十五音韻母序 | O3: 字長 | Q3: {=_xlfn._xlws.FILTER(B2:N103, G2:G103<>"") & ""} -> 識別號 | R3: 漢字例 | S3: 國際音標 | T3: 十五音 | U3: 方音符號 | V3: 台語音標 | W3: 台羅拼音 | X3: 白話字 | Y3: 閩拼方案 | Z3: 注音二式 | AA3: 舒促聲 | AB3: 十五音識別碼 | AC3: 十五音韻母序 | AF3: python_dict | AH3: {=_xlfn._xlws.FILTER(AF4:AF103, AF4:AF103<>"")} -> "君" : ["un", "ut"],
B4: 1 | C4: 汾 | D4: un | E4: 君 | F4: ㄨㄣ | G4: un | H4: un | I4: un | J4: un | K4: un | L4: 舒聲 （平/上/去） | M4: =十五音韻母對照表!$E4&LEFT(十五音韻母對照表!$L4,1) -> 君舒 | N4: 1 | O4: =IF(十五音韻母對照表!$G4="", 0, LEN(十五音韻母對照表!$G4)) -> 2 | Q4: 1 | R4: 汾 | S4: un | T4: 君 | U4: ㄨㄣ | V4: un | W4: un | X4: un | Y4: un | Z4: un | AA4: 舒聲 （平/上/去） | AB4: 君舒 | AC4: 1 | AF4: =IF(AND(MOD(B4,2)<>1, G4<>""), "", _xlfn.CONCAT("""", 十五音韻母對照表!$E4, """", " : [", """", 十五音韻母對照表!$G4, """", ", """, G5, """", "],")) -> "君" : ["un", "ut"], | AH4: "堅" : ["ian", "iat"],
B5: 2 | C5: 不 | D5: ut̚ | E5: 君 | F5: ㄨㆵ | G5: ut | H5: ut | I5: ut | J5: ut | K5: ut | L5: 促聲 （入） | M5: =十五音韻母對照表!$E5&LEFT(十五音韻母對照表!$L5,1) -> 君促 | N5: 1 | O5: =IF(十五音韻母對照表!$G5="", 0, LEN(十五音韻母對照表!$G5)) -> 2 | Q5: 2 | R5: 不 | S5: ut̚ | T5: 君 | U5: ㄨㆵ | V5: ut | W5: ut | X5: ut | Y5: ut | Z5: ut | AA5: 促聲 （入） | AB5: 君促 | AC5: 1 | AF5: =IF(AND(MOD(B5,2)<>1, G5<>""), "", _xlfn.CONCAT("""", 十五音韻母對照表!$E5, """", " : [", """", 十五音韻母對照表!$G5, """", ", """, G6, """", "],")) | AH5: "金" : ["im", "ip"],
B6: 3 | C6: 掀 | D6: ian | E6: 堅 | F6: ㄧㄢ | G6: ian | H6: ian | I6: ian | J6: ian | K6: ian | L6: 舒聲 （平/上/去） | M6: =十五音韻母對照表!$E6&LEFT(十五音韻母對照表!$L6,1) -> 堅舒 | N6: 2 | O6: =IF(十五音韻母對照表!$G6="", 0, LEN(十五音韻母對照表!$G6)) -> 3 | Q6: 3 | R6: 掀 | S6: ian | T6: 堅 | U6: ㄧㄢ | V6: ian | W6: ian | X6: ian | Y6: ian | Z6: ian | AA6: 舒聲 （平/上/去） | AB6: 堅舒 | AC6: 2 | AF6: =IF(AND(MOD(B6,2)<>1, G6<>""), "", _xlfn.CONCAT("""", 十五音韻母對照表!$E6, """", " : [", """", 十五音韻母對照表!$G6, """", ", """, G7, """", "],")) -> "堅" : ["ian", "iat"], | AH6: "規" : ["ui", ""],
B7: 4 | C7: 別 | D7: iat̚ | E7: 堅 | F7: ㄧㄚㆵ | G7: iat | H7: iat | I7: iat | J7: iat | K7: iat | L7: 促聲 （入） | M7: =十五音韻母對照表!$E7&LEFT(十五音韻母對照表!$L7,1) -> 堅促 | N7: 2 | O7: =IF(十五音韻母對照表!$G7="", 0, LEN(十五音韻母對照表!$G7)) -> 3 | Q7: 4 | R7: 別 | S7: iat̚ | T7: 堅 | U7: ㄧㄚㆵ | V7: iat | W7: iat | X7: iat | Y7: iat | Z7: iat | AA7: 促聲 （入） | AB7: 堅促 | AC7: 2 | AF7: =IF(AND(MOD(B7,2)<>1, G7<>""), "", _xlfn.CONCAT("""", 十五音韻母對照表!$E7, """", " : [", """", 十五音韻母對照表!$G7, """", ", """, G8, """", "],")) | AH7: "嘉" : ["ee", "eeh"],
B8: 5 | C8: 深 | D8: im | E8: 金 | F8: ㄧㆬ | G8: im | H8: im | I8: im | J8: im | K8: im | L8: 舒聲 （平/上/去） | M8: =十五音韻母對照表!$E8&LEFT(十五音韻母對照表!$L8,1) -> 金舒 | N8: 3 | O8: =IF(十五音韻母對照表!$G8="", 0, LEN(十五音韻母對照表!$G8)) -> 2 | Q8: 5 | R8: 深 | S8: im | T8: 金 | U8: ㄧㆬ | V8: im | W8: im | X8: im | Y8: im | Z8: im | AA8: 舒聲 （平/上/去） | AB8: 金舒 | AC8: 3 | AF8: =IF(AND(MOD(B8,2)<>1, G8<>""), "", _xlfn.CONCAT("""", 十五音韻母對照表!$E8, """", " : [", """", 十五音韻母對照表!$G8, """", ", """, G9, """", "],")) -> "金" : ["im", "ip"], | AH8: "干" : ["an", "at"],
B9: 6 | C9: 蟄 | D9: ip̚ | E9: 金 | F9: 一ㆴ | G9: ip | H9: ip | I9: ip | J9: ip | K9: ip | L9: 促聲 （入） | M9: =十五音韻母對照表!$E9&LEFT(十五音韻母對照表!$L9,1) -> 金促 | N9: 3 | O9: =IF(十五音韻母對照表!$G9="", 0, LEN(十五音韻母對照表!$G9)) -> 2 | Q9: 6 | R9: 蟄 | S9: ip̚ | T9: 金 | U9: 一ㆴ | V9: ip | W9: ip | X9: ip | Y9: ip | Z9: ip | AA9: 促聲 （入） | AB9: 金促 | AC9: 3 | AF9: =IF(AND(MOD(B9,2)<>1, G9<>""), "", _xlfn.CONCAT("""", 十五音韻母對照表!$E9, """", " : [", """", 十五音韻母對照表!$G9, """", ", """, G10, """", "],")) | AH9: "公" : ["ong", "ok"],
B10: 7 | C10: 歸 | D10: ui | E10: 規 | F10: ㄨㄧ | G10: ui | H10: ui | I10: ui | J10: ui | K10: ui | L10: 舒聲 （平/上/去） | M10: =十五音韻母對照表!$E10&LEFT(十五音韻母對照表!$L10,1) -> 規舒 | N10: 4 | O10: =IF(十五音韻母對照表!$G10="", 0, LEN(十五音韻母對照表!$G10)) -> 2 | Q10: 7 | R10: 歸 | S10: ui | T10: 規 | U10: ㄨㄧ | V10: ui | W10: ui | X10: ui | Y10: ui | Z10: ui | AA10: 舒聲 （平/上/去） | AB10: 規舒 | AC10: 4 | AF10: =IF(AND(MOD(B10,2)<>1, G10<>""), "", _xlfn.CONCAT("""", 十五音韻母對照表!$E10, """", " : [", """", 十五音韻母對照表!$G10, """", ", """, G11, """", "],")) -> "規" : ["ui", ""], | AH10: "乖" : ["uai", "uaih"],
B11: 8 | O11: =IF(十五音韻母對照表!$G11="", 0, LEN(十五音韻母對照表!$G11)) -> 0 | Q11: 9 | R11: 家 | S11: ɛ | T11: 嘉 | U11: ㄝ | V11: ee | W11: ee | X11: e | Y11: ee | Z11: e | AA11: 舒聲 （平/上/去） | AB11: 嘉舒 | AC11: 5 | AH11: "經" : ["ing", "ik"],
B12: 9 | C12: 家 | D12: ɛ | E12: 嘉 | F12: ㄝ | G12: ee | H12: ee | I12: e | J12: ee | K12: e | L12: 舒聲 （平/上/去） | M12: =十五音韻母對照表!$E12&LEFT(十五音韻母對照表!$L12,1) -> 嘉舒 | N12: 5 | O12: =IF(十五音韻母對照表!$G12="", 0, LEN(十五音韻母對照表!$G12)) -> 2 | Q12: 10 | R12: 八 | S12: ɛ? | T12: 嘉 | U12: ㄝㆷ | V12: eeh | W12: eeh | X12: eeh | Y12: 0 | Z12: eh | AA12: 促聲 （入） | AB12: 嘉促 | AC12: 5 | AF12: =IF(AND(MOD(B12,2)<>1, G12<>""), "", _xlfn.CONCAT("""", 十五音韻母對照表!$E12, """", " : [", """", 十五音韻母對照表!$G12, """", ", """, G13, """", "],")) -> "嘉" : ["ee", "eeh"], | AH12: "觀" : ["uan", "uat"],
B13: 10 | C13: 八 | D13: ɛ? | E13: 嘉 | F13: ㄝㆷ | G13: eeh | H13: eeh | I13: eeh | J13: 0 | K13: eh | L13: 促聲 （入） | M13: =十五音韻母對照表!$E13&LEFT(十五音韻母對照表!$L13,1) -> 嘉促 | N13: 5 | O13: =IF(十五音韻母對照表!$G13="", 0, LEN(十五音韻母對照表!$G13)) -> 3 | Q13: 11 | R13: 蘭 | S13: an | T13: 干 | U13: ㄢ | V13: an | W13: an | X13: an | Y13: an | Z13: an | AA13: 舒聲 （平/上/去） | AB13: 干舒 | AC13: 6 | AF13: =IF(AND(MOD(B13,2)<>1, G13<>""), "", _xlfn.CONCAT("""", 十五音韻母對照表!$E13, """", " : [", """", 十五音韻母對照表!$G13, """", ", """, G14, """", "],")) | AH13: "沽" : ["oo", ""],
B14: 11 | C14: 蘭 | D14: an | E14: 干 | F14: ㄢ | G14: an | H14: an | I14: an | J14: an | K14: an | L14: 舒聲 （平/上/去） | M14: =十五音韻母對照表!$E14&LEFT(十五音韻母對照表!$L14,1) -> 干舒 | N14: 6 | O14: =IF(十五音韻母對照表!$G14="", 0, LEN(十五音韻母對照表!$G14)) -> 2 | Q14: 12 | R14: 識 | S14: at̚ | T14: 干 | U14: ㄚㆵ | V14: at | W14: at | X14: at | Y14: at | Z14: at | AA14: 促聲 （入） | AB14: 干促 | AC14: 6 | AF14: =IF(AND(MOD(B14,2)<>1, G14<>""), "", _xlfn.CONCAT("""", 十五音韻母對照表!$E14, """", " : [", """", 十五音韻母對照表!$G14, """", ", """, G15, """", "],")) -> "干" : ["an", "at"], | AH14: "嬌" : ["iau", "iauh"],
B15: 12 | C15: 識 | D15: at̚ | E15: 干 | F15: ㄚㆵ | G15: at | H15: at | I15: at | J15: at | K15: at | L15: 促聲 （入） | M15: =十五音韻母對照表!$E15&LEFT(十五音韻母對照表!$L15,1) -> 干促 | N15: 6 | O15: =IF(十五音韻母對照表!$G15="", 0, LEN(十五音韻母對照表!$G15)) -> 2 | Q15: 13 | R15: 風 | S15: ɔŋ | T15: 公 | U15: ㆲ | V15: ong | W15: ong | X15: ong | Y15: ong | Z15: ong | AA15: 舒聲 （平/上/去） | AB15: 公舒 | AC15: 7 | AF15: =IF(AND(MOD(B15,2)<>1, G15<>""), "", _xlfn.CONCAT("""", 十五音韻母對照表!$E15, """", " : [", """", 十五音韻母對照表!$G15, """", ", """, G16, """", "],")) | AH15: "稽" : ["ei", ""],
B16: 13 | C16: 風 | D16: ɔŋ | E16: 公 | F16: ㆲ | G16: ong | H16: ong | I16: ong | J16: ong | K16: ong | L16: 舒聲 （平/上/去） | M16: =十五音韻母對照表!$E16&LEFT(十五音韻母對照表!$L16,1) -> 公舒 | N16: 7 | O16: =IF(十五音韻母對照表!$G16="", 0, LEN(十五音韻母對照表!$G16)) -> 3 | Q16: 14 | R16: 福 | S16: ɔk̚ | T16: 公 | U16: ㆦㆻ | V16: ok | W16: ok | X16: ok | Y16: ok | Z16: ok | AA16: 促聲 （入） | AB16: 公促 | AC16: 7 | AF16: =IF(AND(MOD(B16,2)<>1, G16<>""), "", _xlfn.CONCAT("""", 十五音韻母對照表!$E16, """", " : [", """", 十五音韻母對照表!$G16, """", ", """, G17, """", "],")) -> "公" : ["ong", "ok"], | AH16: "恭" : ["iong", "iok"],
B17: 14 | C17: 福 | D17: ɔk̚ | E17: 公 | F17: ㆦㆻ | G17: ok | H17: ok | I17: ok | J17: ok | K17: ok | L17: 促聲 （入） | M17: =十五音韻母對照表!$E17&LEFT(十五音韻母對照表!$L17,1) -> 公促 | N17: 7 | O17: =IF(十五音韻母對照表!$G17="", 0, LEN(十五音韻母對照表!$G17)) -> 2 | Q17: 15 | R17: 怪 | S17: uai | T17: 乖 | U17: ㄨㄞ | V17: uai | W17: uai | X17: oai | Y17: uai | Z17: uai | AA17: 舒聲 （平/上/去） | AB17: 乖舒 | AC17: 8 | AF17: =IF(AND(MOD(B17,2)<>1, G17<>""), "", _xlfn.CONCAT("""", 十五音韻母對照表!$E17, """", " : [", """", 十五音韻母對照表!$G17, """", ", """, G18, """", "],")) | AH17: "高" : ["o", "oh"],
B18: 15 | C18: 怪 | D18: uai | E18: 乖 | F18: ㄨㄞ | G18: uai | H18: uai | I18: oai | J18: uai | K18: uai | L18: 舒聲 （平/上/去） | M18: =十五音韻母對照表!$E18&LEFT(十五音韻母對照表!$L18,1) -> 乖舒 | N18: 8 | O18: =IF(十五音韻母對照表!$G18="", 0, LEN(十五音韻母對照表!$G18)) -> 3 | Q18: 16 | R18: ◯ | S18: uai? | T18: 乖 | U18: ㄨㄞㆷ | V18: uaih | W18: uaih | X18: oaih | Y18: uaih | Z18: uaih | AA18: 促聲 （入） | AB18: 乖促 | AC18: 8 | AF18: =IF(AND(MOD(B18,2)<>1, G18<>""), "", _xlfn.CONCAT("""", 十五音韻母對照表!$E18, """", " : [", """", 十五音韻母對照表!$G18, """", ", """, G19, """", "],")) -> "乖" : ["uai", "uaih"], | AH18: "皆" : ["ai", ""],
B19: 16 | C19: ◯ | D19: uai? | E19: 乖 | F19: ㄨㄞㆷ | G19: uaih | H19: uaih | I19: oaih | J19: uaih | K19: uaih | L19: 促聲 （入） | M19: =十五音韻母對照表!$E19&LEFT(十五音韻母對照表!$L19,1) -> 乖促 | N19: 8 | O19: =IF(十五音韻母對照表!$G19="", 0, LEN(十五音韻母對照表!$G19)) -> 4 | Q19: 17 | R19: 情 | S19: iŋ | T19: 經 | U19: ㄧㄥ | V19: ing | W19: ing | X19: eng | Y19: ing | Z19: ing | AA19: 舒聲 （平/上/去） | AB19: 經舒 | AC19: 9 | AF19: =IF(AND(MOD(B19,2)<>1, G19<>""), "", _xlfn.CONCAT("""", 十五音韻母對照表!$E19, """", " : [", """", 十五音韻母對照表!$G19, """", ", """, G20, """", "],")) | AH19: "巾" : ["in", "it"],
B20: 17 | C20: 情 | D20: iŋ | E20: 經 | F20: ㄧㄥ | G20: ing | H20: ing | I20: eng | J20: ing | K20: ing | L20: 舒聲 （平/上/去） | M20: =十五音韻母對照表!$E20&LEFT(十五音韻母對照表!$L20,1) -> 經舒 | N20: 9 | O20: =IF(十五音韻母對照表!$G20="", 0, LEN(十五音韻母對照表!$G20)) -> 3 | Q20: 18 | R20: 益 | S20: ik̚ | T20: 經 | U20: ㄧㆻ | V20: ik | W20: ik | X20: ek | Y20: ik | Z20: ik | AA20: 促聲 （入） | AB20: 經促 | AC20: 9 | AF20: =IF(AND(MOD(B20,2)<>1, G20<>""), "", _xlfn.CONCAT("""", 十五音韻母對照表!$E20, """", " : [", """", 十五音韻母對照表!$G20, """", ", """, G21, """", "],")) -> "經" : ["ing", "ik"], | AH20: "姜" : ["iang", "iak"],
B21: 18 | C21: 益 | D21: ik̚ | E21: 經 | F21: ㄧㆻ | G21: ik | H21: ik | I21: ek | J21: ik | K21: ik | L21: 促聲 （入） | M21: =十五音韻母對照表!$E21&LEFT(十五音韻母對照表!$L21,1) -> 經促 | N21: 9 | O21: =IF(十五音韻母對照表!$G21="", 0, LEN(十五音韻母對照表!$G21)) -> 2 | Q21: 19 | R21: 猿 | S21: uan | T21: 觀 | U21: ㄨㄢ | V21: uan | W21: uan | X21: oan | Y21: uan | Z21: uan | AA21: 舒聲 （平/上/去） | AB21: 觀舒 | AC21: 10 | AF21: =IF(AND(MOD(B21,2)<>1, G21<>""), "", _xlfn.CONCAT("""", 十五音韻母對照表!$E21, """", " : [", """", 十五音韻母對照表!$G21, """", ", """, G22, """", "],")) | AH21: "甘" : ["am", "ap"],
B22: 19 | C22: 猿 | D22: uan | E22: 觀 | F22: ㄨㄢ | G22: uan | H22: uan | I22: oan | J22: uan | K22: uan | L22: 舒聲 （平/上/去） | M22: =十五音韻母對照表!$E22&LEFT(十五音韻母對照表!$L22,1) -> 觀舒 | N22: 10 | O22: =IF(十五音韻母對照表!$G22="", 0, LEN(十五音韻母對照表!$G22)) -> 3 | Q22: 20 | R22: 說 | S22: uat̚ | T22: 觀 | U22: ㄨㄚㆵ | V22: uat | W22: uat | X22: oat | Y22: uat | Z22: uat | AA22: 促聲 （入） | AB22: 觀促 | AC22: 10 | AF22: =IF(AND(MOD(B22,2)<>1, G22<>""), "", _xlfn.CONCAT("""", 十五音韻母對照表!$E22, """", " : [", """", 十五音韻母對照表!$G22, """", ", """, G23, """", "],")) -> "觀" : ["uan", "uat"], | AH22: "瓜" : ["ua", "uah"],
B23: 20 | C23: 說 | D23: uat̚ | E23: 觀 | F23: ㄨㄚㆵ | G23: uat | H23: uat | I23: oat | J23: uat | K23: uat | L23: 促聲 （入） | M23: =十五音韻母對照表!$E23&LEFT(十五音韻母對照表!$L23,1) -> 觀促 | N23: 10 | O23: =IF(十五音韻母對照表!$G23="", 0, LEN(十五音韻母對照表!$G23)) -> 3 | Q23: 21 | R23: 捕 | S23: ou | T23: 沽 | U23: ㆦ | V23: oo | W23: oo | X23: o͘ | Y23: oo | Z23: oo | AA23: 舒聲 （平/上/去） | AB23: 沽舒 | AC23: 11 | AF23: =IF(AND(MOD(B23,2)<>1, G23<>""), "", _xlfn.CONCAT("""", 十五音韻母對照表!$E23, """", " : [", """", 十五音韻母對照表!$G23, """", ", """, G24, """", "],")) | AH23: "江" : ["ang", "ak"],
B24: 21 | C24: 捕 | D24: ou | E24: 沽 | F24: ㆦ | G24: oo | H24: oo | I24: o͘ | J24: oo | K24: oo | L24: 舒聲 （平/上/去） | M24: =十五音韻母對照表!$E24&LEFT(十五音韻母對照表!$L24,1) -> 沽舒 | N24: 11 | O24: =IF(十五音韻母對照表!$G24="", 0, LEN(十五音韻母對照表!$G24)) -> 2 | Q24: 23 | R24: 遙 | S24: iau | T24: 嬌 | U24: ㄧㄠ | V24: iau | W24: iau | X24: iau | Y24: iao | Z24: iau | AA24: 舒聲 （平/上/去） | AB24: 嬌舒 | AC24: 12 | AF24: =IF(AND(MOD(B24,2)<>1, G24<>""), "", _xlfn.CONCAT("""", 十五音韻母對照表!$E24, """", " : [", """", 十五音韻母對照表!$G24, """", ", """, G25, """", "],")) -> "沽" : ["oo", ""], | AH24: "兼" : ["iam", "iap"],
B25: 22 | O25: =IF(十五音韻母對照表!$G25="", 0, LEN(十五音韻母對照表!$G25)) -> 0 | Q25: 24 | R25: 噭 | S25: iau? | T25: 嬌 | U25: ㄧㄠㆷ | V25: iauh | W25: iauh | X25: iauh | Y25: iaoh | Z25: iauh | AA25: 促聲 （入） | AB25: 嬌促 | AC25: 12 | AH25: "交" : ["au", "auh"],
B26: 23 | C26: 遙 | D26: iau | E26: 嬌 | F26: ㄧㄠ | G26: iau | H26: iau | I26: iau | J26: iao | K26: iau | L26: 舒聲 （平/上/去） | M26: =十五音韻母對照表!$E26&LEFT(十五音韻母對照表!$L26,1) -> 嬌舒 | N26: 12 | O26: =IF(十五音韻母對照表!$G26="", 0, LEN(十五音韻母對照表!$G26)) -> 3 | Q26: 25 | R26: 遞 | S26: ei | T26: 稽 | U26: ㆤ | V26: ei | W26: e | X26: e | Y26: e | Z26: e | AA26: 舒聲 （平/上/去） | AB26: 稽舒 | AC26: 13 | AF26: =IF(AND(MOD(B26,2)<>1, G26<>""), "", _xlfn.CONCAT("""", 十五音韻母對照表!$E26, """", " : [", """", 十五音韻母對照表!$G26, """", ", """, G27, """", "],")) -> "嬌" : ["iau", "iauh"], | AH26: "迦" : ["ia", "iah"],
B27: 24 | C27: 噭 | D27: iau? | E27: 嬌 | F27: ㄧㄠㆷ | G27: iauh | H27: iauh | I27: iauh | J27: iaoh | K27: iauh | L27: 促聲 （入） | M27: =十五音韻母對照表!$E27&LEFT(十五音韻母對照表!$L27,1) -> 嬌促 | N27: 12 | O27: =IF(十五音韻母對照表!$G27="", 0, LEN(十五音韻母對照表!$G27)) -> 4 | Q27: 27 | R27: 中 | S27: iɔŋ | T27: 恭 | U27: ㄧㆲ | V27: iong | W27: iong | X27: iong | Y27: iong | Z27: iong | AA27: 舒聲 （平/上/去） | AB27: 恭舒 | AC27: 14 | AF27: =IF(AND(MOD(B27,2)<>1, G27<>""), "", _xlfn.CONCAT("""", 十五音韻母對照表!$E27, """", " : [", """", 十五音韻母對照表!$G27, """", ", """, G28, """", "],")) | AH27: "檜" : ["ue", "ueh"],
B28: 25 | C28: 遞 | D28: ei | E28: 稽 | F28: ㆤ | G28: ei | H28: e | I28: e | J28: e | K28: e | L28: 舒聲 （平/上/去） | M28: =十五音韻母對照表!$E28&LEFT(十五音韻母對照表!$L28,1) -> 稽舒 | N28: 13 | O28: =IF(十五音韻母對照表!$G28="", 0, LEN(十五音韻母對照表!$G28)) -> 2 | Q28: 28 | R28: 俗 | S28: iɔk̚ | T28: 恭 | U28: ㄧㆦㆻ | V28: iok | W28: iok | X28: iok | Y28: iok | Z28: iok | AA28: 促聲 （入） | AB28: 恭促 | AC28: 14 | AF28: =IF(AND(MOD(B28,2)<>1, G28<>""), "", _xlfn.CONCAT("""", 十五音韻母對照表!$E28, """", " : [", """", 十五音韻母對照表!$G28, """", ", """, G29, """", "],")) -> "稽" : ["ei", ""], | AH28: "監" : ["ann", "ahnn"],
B29: 26 | O29: =IF(十五音韻母對照表!$G29="", 0, LEN(十五音韻母對照表!$G29)) -> 0 | Q29: 29 | R29: 果 | S29: o | T29: 高 | U29: ㄜ | V29: o | W29: o | X29: o | Y29: o | Z29: or | AA29: 舒聲 （平/上/去） | AB29: 高舒 | AC29: 15 | AH29: "艍" : ["u", "uh"],
B30: 27 | C30: 中 | D30: iɔŋ | E30: 恭 | F30: ㄧㆲ | G30: iong | H30: iong | I30: iong | J30: iong | K30: iong | L30: 舒聲 （平/上/去） | M30: =十五音韻母對照表!$E30&LEFT(十五音韻母對照表!$L30,1) -> 恭舒 | N30: 14 | O30: =IF(十五音韻母對照表!$G30="", 0, LEN(十五音韻母對照表!$G30)) -> 4 | Q30: 30 | R30: 卜 | S30: o? | T30: 高 | U30: ㄜㆷ | V30: oh | W30: oh | X30: oh | Y30: oh | Z30: orh | AA30: 促聲 （入） | AB30: 高促 | AC30: 15 | AF30: =IF(AND(MOD(B30,2)<>1, G30<>""), "", _xlfn.CONCAT("""", 十五音韻母對照表!$E30, """", " : [", """", 十五音韻母對照表!$G30, """", ", """, G31, """", "],")) -> "恭" : ["iong", "iok"], | AH30: "膠" : ["a", "ah"],
B31: 28 | C31: 俗 | D31: iɔk̚ | E31: 恭 | F31: ㄧㆦㆻ | G31: iok | H31: iok | I31: iok | J31: iok | K31: iok | L31: 促聲 （入） | M31: =十五音韻母對照表!$E31&LEFT(十五音韻母對照表!$L31,1) -> 恭促 | N31: 14 | O31: =IF(十五音韻母對照表!$G31="", 0, LEN(十五音韻母對照表!$G31)) -> 3 | Q31: 31 | R31: 埃 | S31: ai | T31: 皆 | U31: ㄞ | V31: ai | W31: ai | X31: ai | Y31: ai | Z31: ai | AA31: 舒聲 （平/上/去） | AB31: 皆舒 | AC31: 16 | AF31: =IF(AND(MOD(B31,2)<>1, G31<>""), "", _xlfn.CONCAT("""", 十五音韻母對照表!$E31, """", " : [", """", 十五音韻母對照表!$G31, """", ", """, G32, """", "],")) | AH31: "居" : ["i", "ih"],
B32: 29 | C32: 果 | D32: o | E32: 高 | F32: ㄜ | G32: o | H32: o | I32: o | J32: o | K32: or | L32: 舒聲 （平/上/去） | M32: =十五音韻母對照表!$E32&LEFT(十五音韻母對照表!$L32,1) -> 高舒 | N32: 15 | O32: =IF(十五音韻母對照表!$G32="", 0, LEN(十五音韻母對照表!$G32)) -> 1 | Q32: 33 | R32: 恩 | S32: in | T32: 巾 | U32: ㄧㄣ | V32: in | W32: in | X32: in | Y32: in | Z32: in | AA32: 舒聲 （平/上/去） | AB32: 巾舒 | AC32: 17 | AF32: =IF(AND(MOD(B32,2)<>1, G32<>""), "", _xlfn.CONCAT("""", 十五音韻母對照表!$E32, """", " : [", """", 十五音韻母對照表!$G32, """", ", """, G33, """", "],")) -> "高" : ["o", "oh"], | AH32: "丩" : ["iu", ""],
B33: 30 | C33: 卜 | D33: o? | E33: 高 | F33: ㄜㆷ | G33: oh | H33: oh | I33: oh | J33: oh | K33: orh | L33: 促聲 （入） | M33: =十五音韻母對照表!$E33&LEFT(十五音韻母對照表!$L33,1) -> 高促 | N33: 15 | O33: =IF(十五音韻母對照表!$G33="", 0, LEN(十五音韻母對照表!$G33)) -> 2 | Q33: 34 | R33: 一 | S33: it̚ | T33: 巾 | U33: ㄧㆵ | V33: it | W33: it | X33: it | Y33: it | Z33: it | AA33: 促聲 （入） | AB33: 巾促 | AC33: 17 | AF33: =IF(AND(MOD(B33,2)<>1, G33<>""), "", _xlfn.CONCAT("""", 十五音韻母對照表!$E33, """", " : [", """", 十五音韻母對照表!$G33, """", ", """, G34, """", "],")) | AH33: "更" : ["enn", "ehnn"],
B34: 31 | C34: 埃 | D34: ai | E34: 皆 | F34: ㄞ | G34: ai | H34: ai | I34: ai | J34: ai | K34: ai | L34: 舒聲 （平/上/去） | M34: =十五音韻母對照表!$E34&LEFT(十五音韻母對照表!$L34,1) -> 皆舒 | N34: 16 | O34: =IF(十五音韻母對照表!$G34="", 0, LEN(十五音韻母對照表!$G34)) -> 2 | Q34: 35 | R34: 將 | S34: iaŋ | T34: 姜 | U34: ㄧㄤ | V34: iang | W34: iang | X34: iang | Y34: iang | Z34: iang | AA34: 舒聲 （平/上/去） | AB34: 姜舒 | AC34: 18 | AF34: =IF(AND(MOD(B34,2)<>1, G34<>""), "", _xlfn.CONCAT("""", 十五音韻母對照表!$E34, """", " : [", """", 十五音韻母對照表!$G34, """", ", """, G35, """", "],")) -> "皆" : ["ai", ""], | AH34: "褌" : ["uinn", ""],
B35: 32 | O35: =IF(十五音韻母對照表!$G35="", 0, LEN(十五音韻母對照表!$G35)) -> 0 | Q35: 36 | R35: 爆 | S35: iak̚ | T35: 姜 | U35: ㄧㄚㆻ | V35: iak | W35: iak | X35: iak | Y35: iak | Z35: iak | AA35: 促聲 （入） | AB35: 姜促 | AC35: 18 | AH35: "茄" : ["io", "ioh"],
B36: 33 | C36: 恩 | D36: in | E36: 巾 | F36: ㄧㄣ | G36: in | H36: in | I36: in | J36: in | K36: in | L36: 舒聲 （平/上/去） | M36: =十五音韻母對照表!$E36&LEFT(十五音韻母對照表!$L36,1) -> 巾舒 | N36: 17 | O36: =IF(十五音韻母對照表!$G36="", 0, LEN(十五音韻母對照表!$G36)) -> 2 | Q36: 37 | R36: 堪 | S36: am | T36: 甘 | U36: ㆰ | V36: am | W36: am | X36: am | Y36: am | Z36: am | AA36: 舒聲 （平/上/去） | AB36: 甘舒 | AC36: 19 | AF36: =IF(AND(MOD(B36,2)<>1, G36<>""), "", _xlfn.CONCAT("""", 十五音韻母對照表!$E36, """", " : [", """", 十五音韻母對照表!$G36, """", ", """, G37, """", "],")) -> "巾" : ["in", "it"], | AH36: "梔" : ["inn", "ihnn"],
B37: 34 | C37: 一 | D37: it̚ | E37: 巾 | F37: ㄧㆵ | G37: it | H37: it | I37: it | J37: it | K37: it | L37: 促聲 （入） | M37: =十五音韻母對照表!$E37&LEFT(十五音韻母對照表!$L37,1) -> 巾促 | N37: 17 | O37: =IF(十五音韻母對照表!$G37="", 0, LEN(十五音韻母對照表!$G37)) -> 2 | Q37: 38 | R37: 答 | S37: ap̚ | T37: 甘 | U37: ㄚㆴ | V37: ap | W37: ap | X37: ap | Y37: ap | Z37: ap | AA37: 促聲 （入） | AB37: 甘促 | AC37: 19 | AF37: =IF(AND(MOD(B37,2)<>1, G37<>""), "", _xlfn.CONCAT("""", 十五音韻母對照表!$E37, """", " : [", """", 十五音韻母對照表!$G37, """", ", """, G38, """", "],")) | AH37: "薑" : ["ionn", ""],
B38: 35 | C38: 將 | D38: iaŋ | E38: 姜 | F38: ㄧㄤ | G38: iang | H38: iang | I38: iang | J38: iang | K38: iang | L38: 舒聲 （平/上/去） | M38: =十五音韻母對照表!$E38&LEFT(十五音韻母對照表!$L38,1) -> 姜舒 | N38: 18 | O38: =IF(十五音韻母對照表!$G38="", 0, LEN(十五音韻母對照表!$G38)) -> 4 | Q38: 39 | R38: 花 | S38: ua | T38: 瓜 | U38: ㄨㄚ | V38: ua | W38: ua | X38: oa | Y38: ua | Z38: ua | AA38: 舒聲 （平/上/去） | AB38: 瓜舒 | AC38: 20 | AF38: =IF(AND(MOD(B38,2)<>1, G38<>""), "", _xlfn.CONCAT("""", 十五音韻母對照表!$E38, """", " : [", """", 十五音韻母對照表!$G38, """", ", """, G39, """", "],")) -> "姜" : ["iang", "iak"], | AH38: "驚" : ["iann", ""],
B39: 36 | C39: 爆 | D39: iak̚ | E39: 姜 | F39: ㄧㄚㆻ | G39: iak | H39: iak | I39: iak | J39: iak | K39: iak | L39: 促聲 （入） | M39: =十五音韻母對照表!$E39&LEFT(十五音韻母對照表!$L39,1) -> 姜促 | N39: 18 | O39: =IF(十五音韻母對照表!$G39="", 0, LEN(十五音韻母對照表!$G39)) -> 3 | Q39: 40 | R39: 缽 | S39: ua? | T39: 瓜 | U39: ㄨㄚㆷ | V39: uah | W39: uah | X39: oah | Y39: uah | Z39: uah | AA39: 促聲 （入） | AB39: 瓜促 | AC39: 20 | AF39: =IF(AND(MOD(B39,2)<>1, G39<>""), "", _xlfn.CONCAT("""", 十五音韻母對照表!$E39, """", " : [", """", 十五音韻母對照表!$G39, """", ", """, G40, """", "],")) | AH39: "官" : ["uann", ""],
B40: 37 | C40: 堪 | D40: am | E40: 甘 | F40: ㆰ | G40: am | H40: am | I40: am | J40: am | K40: am | L40: 舒聲 （平/上/去） | M40: =十五音韻母對照表!$E40&LEFT(十五音韻母對照表!$L40,1) -> 甘舒 | N40: 19 | O40: =IF(十五音韻母對照表!$G40="", 0, LEN(十五音韻母對照表!$G40)) -> 2 | Q40: 41 | R40: 邦 | S40: aŋ | T40: 江 | U40: ㄤ | V40: ang | W40: ang | X40: ang | Y40: ang | Z40: ang | AA40: 舒聲 （平/上/去） | AB40: 江舒 | AC40: 21 | AF40: =IF(AND(MOD(B40,2)<>1, G40<>""), "", _xlfn.CONCAT("""", 十五音韻母對照表!$E40, """", " : [", """", 十五音韻母對照表!$G40, """", ", """, G41, """", "],")) -> "甘" : ["am", "ap"], | AH40: "鋼" : ["ng", ""],
B41: 38 | C41: 答 | D41: ap̚ | E41: 甘 | F41: ㄚㆴ | G41: ap | H41: ap | I41: ap | J41: ap | K41: ap | L41: 促聲 （入） | M41: =十五音韻母對照表!$E41&LEFT(十五音韻母對照表!$L41,1) -> 甘促 | N41: 19 | O41: =IF(十五音韻母對照表!$G41="", 0, LEN(十五音韻母對照表!$G41)) -> 2 | Q41: 42 | R41: 角 | S41: ak̚ | T41: 江 | U41: ㄚㆻ | V41: ak | W41: ak | X41: ak | Y41: ak | Z41: ak | AA41: 促聲 （入） | AB41: 江促 | AC41: 21 | AF41: =IF(AND(MOD(B41,2)<>1, G41<>""), "", _xlfn.CONCAT("""", 十五音韻母對照表!$E41, """", " : [", """", 十五音韻母對照表!$G41, """", ", """, G42, """", "],")) | AH41: "伽" : ["e", "eh"],
B42: 39 | C42: 花 | D42: ua | E42: 瓜 | F42: ㄨㄚ | G42: ua | H42: ua | I42: oa | J42: ua | K42: ua | L42: 舒聲 （平/上/去） | M42: =十五音韻母對照表!$E42&LEFT(十五音韻母對照表!$L42,1) -> 瓜舒 | N42: 20 | O42: =IF(十五音韻母對照表!$G42="", 0, LEN(十五音韻母對照表!$G42)) -> 2 | Q42: 43 | R42: 尖 | S42: iam | T42: 兼 | U42: ㄧㆰ | V42: iam | W42: iam | X42: iam | Y42: iam | Z42: iam | AA42: 舒聲 （平/上/去） | AB42: 兼舒 | AC42: 22 | AF42: =IF(AND(MOD(B42,2)<>1, G42<>""), "", _xlfn.CONCAT("""", 十五音韻母對照表!$E42, """", " : [", """", 十五音韻母對照表!$G42, """", ", """, G43, """", "],")) -> "瓜" : ["ua", "uah"], | AH42: "閒" : ["ainn", ""],
B43: 40 | C43: 缽 | D43: ua? | E43: 瓜 | F43: ㄨㄚㆷ | G43: uah | H43: uah | I43: oah | J43: uah | K43: uah | L43: 促聲 （入） | M43: =十五音韻母對照表!$E43&LEFT(十五音韻母對照表!$L43,1) -> 瓜促 | N43: 20 | O43: =IF(十五音韻母對照表!$G43="", 0, LEN(十五音韻母對照表!$G43)) -> 3 | Q43: 44 | R43: 接 | S43: iap̚ | T43: 兼 | U43: ㄧㄚㆴ | V43: iap | W43: iap | X43: iap | Y43: iap | Z43: iap | AA43: 促聲 （入） | AB43: 兼促 | AC43: 22 | AF43: =IF(AND(MOD(B43,2)<>1, G43<>""), "", _xlfn.CONCAT("""", 十五音韻母對照表!$E43, """", " : [", """", 十五音韻母對照表!$G43, """", ", """, G44, """", "],")) | AH43: "姑" : ["oonn", ""],
B44: 41 | C44: 邦 | D44: aŋ | E44: 江 | F44: ㄤ | G44: ang | H44: ang | I44: ang | J44: ang | K44: ang | L44: 舒聲 （平/上/去） | M44: =十五音韻母對照表!$E44&LEFT(十五音韻母對照表!$L44,1) -> 江舒 | N44: 21 | O44: =IF(十五音韻母對照表!$G44="", 0, LEN(十五音韻母對照表!$G44)) -> 3 | Q44: 45 | R44: 鬧 | S44: au | T44: 交 | U44: ㄠ | V44: au | W44: au | X44: au | Y44: ao | Z44: au | AA44: 舒聲 （平/上/去） | AB44: 交舒 | AC44: 23 | AF44: =IF(AND(MOD(B44,2)<>1, G44<>""), "", _xlfn.CONCAT("""", 十五音韻母對照表!$E44, """", " : [", """", 十五音韻母對照表!$G44, """", ", """, G45, """", "],")) -> "江" : ["ang", "ak"], | AH44: "姆" : ["m", ""],
B45: 42 | C45: 角 | D45: ak̚ | E45: 江 | F45: ㄚㆻ | G45: ak | H45: ak | I45: ak | J45: ak | K45: ak | L45: 促聲 （入） | M45: =十五音韻母對照表!$E45&LEFT(十五音韻母對照表!$L45,1) -> 江促 | N45: 21 | O45: =IF(十五音韻母對照表!$G45="", 0, LEN(十五音韻母對照表!$G45)) -> 2 | Q45: 46 | R45: 暴 | S45: au? | T45: 交 | U45: ㄠㆷ | V45: auh | W45: auh | X45: auh | Y45: aoh | Z45: auh | AA45: 促聲 （入） | AB45: 交促 | AC45: 23 | AF45: =IF(AND(MOD(B45,2)<>1, G45<>""), "", _xlfn.CONCAT("""", 十五音韻母對照表!$E45, """", " : [", """", 十五音韻母對照表!$G45, """", ", """, G46, """", "],")) | AH45: "光" : ["uang", "uak"],
B46: 43 | C46: 尖 | D46: iam | E46: 兼 | F46: ㄧㆰ | G46: iam | H46: iam | I46: iam | J46: iam | K46: iam | L46: 舒聲 （平/上/去） | M46: =十五音韻母對照表!$E46&LEFT(十五音韻母對照表!$L46,1) -> 兼舒 | N46: 22 | O46: =IF(十五音韻母對照表!$G46="", 0, LEN(十五音韻母對照表!$G46)) -> 3 | Q46: 47 | R46: 名 | S46: ia | T46: 迦 | U46: ㄧㄚ | V46: ia | W46: ia | X46: ia | Y46: ia | Z46: ia | AA46: 舒聲 （平/上/去） | AB46: 迦舒 | AC46: 24 | AF46: =IF(AND(MOD(B46,2)<>1, G46<>""), "", _xlfn.CONCAT("""", 十五音韻母對照表!$E46, """", " : [", """", 十五音韻母對照表!$G46, """", ", """, G47, """", "],")) -> "兼" : ["iam", "iap"], | AH46: "閂" : ["uainn", "uaihnn"],
B47: 44 | C47: 接 | D47: iap̚ | E47: 兼 | F47: ㄧㄚㆴ | G47: iap | H47: iap | I47: iap | J47: iap | K47: iap | L47: 促聲 （入） | M47: =十五音韻母對照表!$E47&LEFT(十五音韻母對照表!$L47,1) -> 兼促 | N47: 22 | O47: =IF(十五音韻母對照表!$G47="", 0, LEN(十五音韻母對照表!$G47)) -> 3 | Q47: 48 | R47: 壁 | S47: ia? | T47: 迦 | U47: ㄧㄚㆷ | V47: iah | W47: iah | X47: iah | Y47: iah | Z47: iah | AA47: 促聲 （入） | AB47: 迦促 | AC47: 24 | AF47: =IF(AND(MOD(B47,2)<>1, G47<>""), "", _xlfn.CONCAT("""", 十五音韻母對照表!$E47, """", " : [", """", 十五音韻母對照表!$G47, """", ", """, G48, """", "],")) | AH47: "糜" : ["uenn", ""],
... B52: 49 | C52: 話 | D52: uei | E52: 檜 | F52: ㄨㆤ | G52: ue | H52: ue | I52: oe | J52: ue | K52: ue | L52: 舒聲 （平/上/去） | M52: =十五音韻母對照表!$E52&LEFT(十五音韻母對照表!$L52,1) -> 檜舒 | N52: 25 | O52: =IF(十五音韻母對照表!$G52="", 0, LEN(十五音韻母對照表!$G52)) -> 2 | Q52: 53 | R52: 夫 | S52: u | T52: 艍 | U52: ㄨ | V52: u | W52: u | X52: u | Y52: u | Z52: u | AA52: 舒聲 （平/上/去） | AB52: 艍舒 | AC52: 27 | AF52: =IF(AND(MOD(B52,2)<>1, G52<>""), "", _xlfn.CONCAT("""", 十五音韻母對照表!$E52, """", " : [", """", 十五音韻母對照表!$G52, """", ", """, G53, """", "],")) -> "檜" : ["ue", "ueh"], | AH52: "牛" : ["iunn", ""],
B53: 50 | C53: 拔 | D53: uei? | E53: 檜 | F53: ㄨㆤㆷ | G53: ueh | H53: ueh | I53: oeh | J53: ueh | K53: ueh | L53: 促聲 （入） | M53: =十五音韻母對照表!$E53&LEFT(十五音韻母對照表!$L53,1) -> 檜促 | N53: 25 | O53: =IF(十五音韻母對照表!$G53="", 0, LEN(十五音韻母對照表!$G53)) -> 3 | Q53: 54 | R53: 勃 | S53: u? | T53: 艍 | U53: ㄨㆷ | V53: uh | W53: uh | X53: uh | Y53: uh | Z53: uh | AA53: 促聲 （入） | AB53: 艍促 | AC53: 27 | AF53: =IF(AND(MOD(B53,2)<>1, G53<>""), "", _xlfn.CONCAT("""", 十五音韻母對照表!$E53, """", " : [", """", 十五音韻母對照表!$G53, """", ", """, G54, """", "],"))
B54: 51 | C54: 聽 | D54: ã | E54: 監 | F54: ㆩ | G54: ann | H54: ann | I54: aⁿ | J54: na | K54: ann | L54: 舒聲 （平/上/去） | M54: =十五音韻母對照表!$E54&LEFT(十五音韻母對照表!$L54,1) -> 監舒 | N54: 26 | O54: =IF(十五音韻母對照表!$G54="", 0, LEN(十五音韻母對照表!$G54)) -> 3 | Q54: 55 | R54: 些 | S54: a | T54: 膠 | U54: ㄚ | V54: a | W54: a | X54: a | Y54: a | Z54: a | AA54: 舒聲 （平/上/去） | AB54: 膠舒 | AC54: 28 | AF54: =IF(AND(MOD(B54,2)<>1, G54<>""), "", _xlfn.CONCAT("""", 十五音韻母對照表!$E54, """", " : [", """", 十五音韻母對照表!$G54, """", ", """, G55, """", "],")) -> "監" : ["ann", "ahnn"],
B55: 52 | C55: 含 | D55: ã? | E55: 監 | F55: ㆩㆷ | G55: ahnn | H55: annh | I55: aⁿh | J55: nah | K55: annh | L55: 促聲 （入） | M55: =十五音韻母對照表!$E55&LEFT(十五音韻母對照表!$L55,1) -> 監促 | N55: 26 | O55: =IF(十五音韻母對照表!$G55="", 0, LEN(十五音韻母對照表!$G55)) -> 4 | Q55: 56 | R55: 百 | S55: a? | T55: 膠 | U55: ㄚㆷ | V55: ah | W55: ah | X55: ah | Y55: ah | Z55: ah | AA55: 促聲 （入） | AB55: 膠促 | AC55: 28 | AF55: =IF(AND(MOD(B55,2)<>1, G55<>""), "", _xlfn.CONCAT("""", 十五音韻母對照表!$E55, """", " : [", """", 十五音韻母對照表!$G55, """", ", """, G56, """", "],"))
B56: 53 | C56: 夫 | D56: u | E56: 艍 | F56: ㄨ | G56: u | H56: u | I56: u | J56: u | K56: u | L56: 舒聲 （平/上/去） | M56: =十五音韻母對照表!$E56&LEFT(十五音韻母對照表!$L56,1) -> 艍舒 | N56: 27 | O56: =IF(十五音韻母對照表!$G56="", 0, LEN(十五音韻母對照表!$G56)) -> 1 | Q56: 57 | R56: 爾 | S56: i | T56: 居 | U56: ㄧ | V56: i | W56: i | X56: i | Y56: i | Z56: i | AA56: 舒聲 （平/上/去） | AB56: 居舒 | AC56: 29 | AF56: =IF(AND(MOD(B56,2)<>1, G56<>""), "", _xlfn.CONCAT("""", 十五音韻母對照表!$E56, """", " : [", """", 十五音韻母對照表!$G56, """", ", """, G57, """", "],")) -> "艍" : ["u", "uh"],
B57: 54 | C57: 勃 | D57: u? | E57: 艍 | F57: ㄨㆷ | G57: uh | H57: uh | I57: uh | J57: uh | K57: uh | L57: 促聲 （入） | M57: =十五音韻母對照表!$E57&LEFT(十五音韻母對照表!$L57,1) -> 艍促 | N57: 27 | O57: =IF(十五音韻母對照表!$G57="", 0, LEN(十五音韻母對照表!$G57)) -> 2 | Q57: 58 | R57: 逼 | S57: i? | T57: 居 | U57: ㄧㆷ | V57: ih | W57: ih | X57: ih | Y57: ih | Z57: ih | AA57: 促聲 （入） | AB57: 居促 | AC57: 29 | AF57: =IF(AND(MOD(B57,2)<>1, G57<>""), "", _xlfn.CONCAT("""", 十五音韻母對照表!$E57, """", " : [", """", 十五音韻母對照表!$G57, """", ", """, G58, """", "],"))
B58: 55 | C58: 些 | D58: a | E58: 膠 | F58: ㄚ | G58: a | H58: a | I58: a | J58: a | K58: a | L58: 舒聲 （平/上/去） | M58: =十五音韻母對照表!$E58&LEFT(十五音韻母對照表!$L58,1) -> 膠舒 | N58: 28 | O58: =IF(十五音韻母對照表!$G58="", 0, LEN(十五音韻母對照表!$G58)) -> 1 | Q58: 59 | R58: 油 | S58: iu | T58: 丩 | U58: ㄧㄨ | V58: iu | W58: iu | X58: iu | Y58: iu | Z58: iu | AA58: 舒聲 （平/上/去） | AB58: 丩舒 | AC58: 30 | AF58: =IF(AND(MOD(B58,2)<>1, G58<>""), "", _xlfn.CONCAT("""", 十五音韻母對照表!$E58, """", " : [", """", 十五音韻母對照表!$G58, """", ", """, G59, """", "],")) -> "膠" : ["a", "ah"],
B59: 56 | C59: 百 | D59: a? | E59: 膠 | F59: ㄚㆷ | G59: ah | H59: ah | I59: ah | J59: ah | K59: ah | L59: 促聲 （入） | M59: =十五音韻母對照表!$E59&LEFT(十五音韻母對照表!$L59,1) -> 膠促 | N59: 28 | O59: =IF(十五音韻母對照表!$G59="", 0, LEN(十五音韻母對照表!$G59)) -> 2 | Q59: 61 | R59: 爭 | S59: ɛ̃ | T59: 更 | U59: ㆥ | V59: enn | W59: enn | X59: eⁿ | Y59: ne | Z59: enn | AA59: 舒聲 （平/上/去） | AB59: 更舒 | AC59: 31 | AF59: =IF(AND(MOD(B59,2)<>1, G59<>""), "", _xlfn.CONCAT("""", 十五音韻母對照表!$E59, """", " : [", """", 十五音韻母對照表!$G59, """", ", """, G60, """", "],"))
B60: 57 | C60: 爾 | D60: i | E60: 居 | F60: ㄧ | G60: i | H60: i | I60: i | J60: i | K60: i | L60: 舒聲 （平/上/去） | M60: =十五音韻母對照表!$E60&LEFT(十五音韻母對照表!$L60,1) -> 居舒 | N60: 29 | O60: =IF(十五音韻母對照表!$G60="", 0, LEN(十五音韻母對照表!$G60)) -> 1 | Q60: 62 | R60: 挾 | S60: ɛ̃? | T60: 更 | U60: ㆥㆷ | V60: ehnn | W60: ennh | X60: eⁿh | Y60: neh | Z60: ennh | AA60: 促聲 （入） | AB60: 更促 | AC60: 31 | AF60: =IF(AND(MOD(B60,2)<>1, G60<>""), "", _xlfn.CONCAT("""", 十五音韻母對照表!$E60, """", " : [", """", 十五音韻母對照表!$G60, """", ", """, G61, """", "],")) -> "居" : ["i", "ih"],
B61: 58 | C61: 逼 | D61: i? | E61: 居 | F61: ㄧㆷ | G61: ih | H61: ih | I61: ih | J61: ih | K61: ih | L61: 促聲 （入） | M61: =十五音韻母對照表!$E61&LEFT(十五音韻母對照表!$L61,1) -> 居促 | N61: 29 | O61: =IF(十五音韻母對照表!$G61="", 0, LEN(十五音韻母對照表!$G61)) -> 2 | Q61: 63 | R61: 荒 | S61: uĩ | T61: 褌 | U61: ㄨㆪ | V61: uinn | W61: uinn | X61: uiⁿ | Y61: nui | Z61: uinn | AA61: 舒聲 （平/上/去） | AB61: 褌舒 | AC61: 32 | AF61: =IF(AND(MOD(B61,2)<>1, G61<>""), "", _xlfn.CONCAT("""", 十五音韻母對照表!$E61, """", " : [", """", 十五音韻母對照表!$G61, """", ", """, G62, """", "],"))
B62: 59 | C62: 油 | D62: iu | E62: 丩 | F62: ㄧㄨ | G62: iu | H62: iu | I62: iu | J62: iu | K62: iu | L62: 舒聲 （平/上/去） | M62: =十五音韻母對照表!$E62&LEFT(十五音韻母對照表!$L62,1) -> 丩舒 | N62: 30 | O62: =IF(十五音韻母對照表!$G62="", 0, LEN(十五音韻母對照表!$G62)) -> 2 | Q62: 65 | R62: 少 | S62: io | T62: 茄 | U62: ㄧㄜ | V62: io | W62: io | X62: io | Y62: io | Z62: ior | AA62: 舒聲 （平/上/去） | AB62: 茄舒 | AC62: 33 | AF62: =IF(AND(MOD(B62,2)<>1, G62<>""), "", _xlfn.CONCAT("""", 十五音韻母對照表!$E62, """", " : [", """", 十五音韻母對照表!$G62, """", ", """, G63, """", "],")) -> "丩" : ["iu", ""],
B63: 60 | O63: =IF(十五音韻母對照表!$G63="", 0, LEN(十五音韻母對照表!$G63)) -> 0 | Q63: 66 | R63: 著 | S63: io? | T63: 茄 | U63: ㄧㄜㆷ | V63: ioh | W63: ioh | X63: ioh | Y63: ioh | Z63: iorh | AA63: 促聲 （入） | AB63: 茄促 | AC63: 33
B64: 61 | C64: 爭 | D64: ɛ̃ | E64: 更 | F64: ㆥ | G64: enn | H64: enn | I64: eⁿ | J64: ne | K64: enn | L64: 舒聲 （平/上/去） | M64: =十五音韻母對照表!$E64&LEFT(十五音韻母對照表!$L64,1) -> 更舒 | N64: 31 | O64: =IF(十五音韻母對照表!$G64="", 0, LEN(十五音韻母對照表!$G64)) -> 3 | Q64: 67 | R64: 庚 | S64: ĩ | T64: 梔 | U64: ㆪ | V64: inn | W64: inn | X64: iⁿ | Y64: ni | Z64: inn | AA64: 舒聲 （平/上/去） | AB64: 梔舒 | AC64: 34 | AF64: =IF(AND(MOD(B64,2)<>1, G64<>""), "", _xlfn.CONCAT("""", 十五音韻母對照表!$E64, """", " : [", """", 十五音韻母對照表!$G64, """", ", """, G65, """", "],")) -> "更" : ["enn", "ehnn"],
B65: 62 | C65: 挾 | D65: ɛ̃? | E65: 更 | F65: ㆥㆷ | G65: ehnn | H65: ennh | I65: eⁿh | J65: neh | K65: ennh | L65: 促聲 （入） | M65: =十五音韻母對照表!$E65&LEFT(十五音韻母對照表!$L65,1) -> 更促 | N65: 31 | O65: =IF(十五音韻母對照表!$G65="", 0, LEN(十五音韻母對照表!$G65)) -> 4 | Q65: 68 | R65: 欷 | S65: ĩ? | T65: 梔 | U65: ㆪㆷ | V65: ihnn | W65: innh | X65: iⁿh | Y65: nih | Z65: innh | AA65: 促聲 （入） | AB65: 梔促 | AC65: 34 | AF65: =IF(AND(MOD(B65,2)<>1, G65<>""), "", _xlfn.CONCAT("""", 十五音韻母對照表!$E65, """", " : [", """", 十五音韻母對照表!$G65, """", ", """, G66, """", "],"))
B66: 63 | C66: 荒 | D66: uĩ | E66: 褌 | F66: ㄨㆪ | G66: uinn | H66: uinn | I66: uiⁿ | J66: nui | K66: uinn | L66: 舒聲 （平/上/去） | M66: =十五音韻母對照表!$E66&LEFT(十五音韻母對照表!$L66,1) -> 褌舒 | N66: 32 | O66: =IF(十五音韻母對照表!$G66="", 0, LEN(十五音韻母對照表!$G66)) -> 4 | Q66: 69 | R66: 腔 | S66: iɔ̃ | T66: 薑 | U66: ㄧㆧ | V66: ionn | W66: ionn | X66: ioⁿ | Y66: nioo | Z66: ioonn | AA66: 舒聲 （平/上/去） | AB66: 薑舒 | AC66: 35 | AF66: =IF(AND(MOD(B66,2)<>1, G66<>""), "", _xlfn.CONCAT("""", 十五音韻母對照表!$E66, """", " : [", """", 十五音韻母對照表!$G66, """", ", """, G67, """", "],")) -> "褌" : ["uinn", ""],
B67: 64 | O67: =IF(十五音韻母對照表!$G67="", 0, LEN(十五音韻母對照表!$G67)) -> 0 | Q67: 71 | R67: 且 | S67: iã | T67: 驚 | U67: ㄧㆩ | V67: iann | W67: iannh | X67: iaⁿ | Y67: nia | Z67: iann | AA67: 舒聲 （平/上/去） | AB67: 驚舒 | AC67: 36
B68: 65 | C68: 少 | D68: io | E68: 茄 | F68: ㄧㄜ | G68: io | H68: io | I68: io | J68: io | K68: ior | L68: 舒聲 （平/上/去） | M68: =十五音韻母對照表!$E68&LEFT(十五音韻母對照表!$L68,1) -> 茄舒 | N68: 33 | O68: =IF(十五音韻母對照表!$G68="", 0, LEN(十五音韻母對照表!$G68)) -> 2 | Q68: 73 | R68: 肝 | S68: uã | T68: 官 | U68: ㄨㆩ | V68: uann | W68: uann | X68: oaⁿ | Y68: nua | Z68: uann | AA68: 舒聲 （平/上/去） | AB68: 官舒 | AC68: 37 | AF68: =IF(AND(MOD(B68,2)<>1, G68<>""), "", _xlfn.CONCAT("""", 十五音韻母對照表!$E68, """", " : [", """", 十五音韻母對照表!$G68, """", ", """, G69, """", "],")) -> "茄" : ["io", "ioh"],
B69: 66 | C69: 著 | D69: io? | E69: 茄 | F69: ㄧㄜㆷ | G69: ioh | H69: ioh | I69: ioh | J69: ioh | K69: iorh | L69: 促聲 （入） | M69: =十五音韻母對照表!$E69&LEFT(十五音韻母對照表!$L69,1) -> 茄促 | N69: 33 | O69: =IF(十五音韻母對照表!$G69="", 0, LEN(十五音韻母對照表!$G69)) -> 3 | Q69: 75 | R69: 床 | S69: ŋ̍ | T69: 鋼 | U69: ㆭ | V69: ng | W69: ng | X69: ng | Y69: ng | Z69: ng | AA69: 舒聲 （平/上/去） | AB69: 鋼舒 | AC69: 38 | AF69: =IF(AND(MOD(B69,2)<>1, G69<>""), "", _xlfn.CONCAT("""", 十五音韻母對照表!$E69, """", " : [", """", 十五音韻母對照表!$G69, """", ", """, G70, """", "],"))
B70: 67 | C70: 庚 | D70: ĩ | E70: 梔 | F70: ㆪ | G70: inn | H70: inn | I70: iⁿ | J70: ni | K70: inn | L70: 舒聲 （平/上/去） | M70: =十五音韻母對照表!$E70&LEFT(十五音韻母對照表!$L70,1) -> 梔舒 | N70: 34 | O70: =IF(十五音韻母對照表!$G70="", 0, LEN(十五音韻母對照表!$G70)) -> 3 | Q70: 77 | R70: 會 | S70: e | T70: 伽 | U70: ㆤ | V70: e | W70: e | X70: e | Y70: e | Z70: e | AA70: 舒聲 （平/上/去） | AB70: 伽舒 | AC70: 39 | AF70: =IF(AND(MOD(B70,2)<>1, G70<>""), "", _xlfn.CONCAT("""", 十五音韻母對照表!$E70, """", " : [", """", 十五音韻母對照表!$G70, """", ", """, G71, """", "],")) -> "梔" : ["inn", "ihnn"],
B71: 68 | C71: 欷 | D71: ĩ? | E71: 梔 | F71: ㆪㆷ | G71: ihnn | H71: innh | I71: iⁿh | J71: nih | K71: innh | L71: 促聲 （入） | M71: =十五音韻母對照表!$E71&LEFT(十五音韻母對照表!$L71,1) -> 梔促 | N71: 34 | O71: =IF(十五音韻母對照表!$G71="", 0, LEN(十五音韻母對照表!$G71)) -> 4 | Q71: 78 | R71: 伯 | S71: e? | T71: 伽 | U71: ㆤㆷ | V71: eh | W71: eh | X71: eh | Y71: eh | Z71: eh | AA71: 促聲 （入） | AB71: 伽促 | AC71: 39 | AF71: =IF(AND(MOD(B71,2)<>1, G71<>""), "", _xlfn.CONCAT("""", 十五音韻母對照表!$E71, """", " : [", """", 十五音韻母對照表!$G71, """", ", """, G72, """", "],"))
B72: 69 | C72: 腔 | D72: iɔ̃ | E72: 薑 | F72: ㄧㆧ | G72: ionn | H72: ionn | I72: ioⁿ | J72: nioo | K72: ioonn | L72: 舒聲 （平/上/去） | M72: =十五音韻母對照表!$E72&LEFT(十五音韻母對照表!$L72,1) -> 薑舒 | N72: 35 | O72: =IF(十五音韻母對照表!$G72="", 0, LEN(十五音韻母對照表!$G72)) -> 4 | Q72: 79 | R72: 挨 | S72: ãi | T72: 閒 | U72: ㆮ | V72: ainn | W72: ainn | X72: aiⁿ | Y72: nai | Z72: ainn | AA72: 舒聲 （平/上/去） | AB72: 閒舒 | AC72: 40 | AF72: =IF(AND(MOD(B72,2)<>1, G72<>""), "", _xlfn.CONCAT("""", 十五音韻母對照表!$E72, """", " : [", """", 十五音韻母對照表!$G72, """", ", """, G73, """", "],")) -> "薑" : ["ionn", ""],
B73: 70 | C73: 0 | D73: 0 | E73: 0 | F73: 0 | H73: 0 | I73: 0 | J73: 0 | L73: 0 | M73: 0 | N73: 0 | O73: =IF(十五音韻母對照表!$G73="", 0, LEN(十五音韻母對照表!$G73)) -> 0 | Q73: 81 | R73: 張 | S73: õu | T73: 姑 | U73: ㆧ | V73: oonn | W73: onn | X73: oⁿ | Y73: noo | Z73: oonn | AA73: 舒聲 （平/上/去） | AB73: 姑舒 | AC73: 41
B74: 71 | C74: 且 | D74: iã | E74: 驚 | F74: ㄧㆩ | G74: iann | H74: iannh | I74: iaⁿ | J74: nia | K74: iann | L74: 舒聲 （平/上/去） | M74: =十五音韻母對照表!$E74&LEFT(十五音韻母對照表!$L74,1) -> 驚舒 | N74: 36 | O74: =IF(十五音韻母對照表!$G74="", 0, LEN(十五音韻母對照表!$G74)) -> 4 | Q74: 83 | R74: 姆 | S74: m̩ | T74: 姆 | U74: ㆬ | V74: m | W74: m | X74: m | Y74: m | Z74: m | AA74: 舒聲 （平/上/去） | AB74: 姆舒 | AC74: 42 | AF74: =IF(AND(MOD(B74,2)<>1, G74<>""), "", _xlfn.CONCAT("""", 十五音韻母對照表!$E74, """", " : [", """", 十五音韻母對照表!$G74, """", ", """, G75, """", "],")) -> "驚" : ["iann", ""],
B75: 72 | C75: 0 | D75: 0 | E75: 0 | F75: 0 | H75: 0 | I75: 0 | J75: 0 | L75: 0 | M75: 0 | N75: 0 | O75: =IF(十五音韻母對照表!$G75="", 0, LEN(十五音韻母對照表!$G75)) -> 0 | Q75: 85 | R75: 闖 | S75: uaŋ | T75: 光 | U75: ㄨㄤ | V75: uang | W75: uang | X75: oang | Y75: uang | Z75: uang | AA75: 舒聲 （平/上/去） | AB75: 光舒 | AC75: 43
B76: 73 | C76: 肝 | D76: uã | E76: 官 | F76: ㄨㆩ | G76: uann | H76: uann | I76: oaⁿ | J76: nua | K76: uann | L76: 舒聲 （平/上/去） | M76: =十五音韻母對照表!$E76&LEFT(十五音韻母對照表!$L76,1) -> 官舒 | N76: 37 | O76: =IF(十五音韻母對照表!$G76="", 0, LEN(十五音韻母對照表!$G76)) -> 4 | Q76: 86 | R76: 伏 | S76: uak̚ | T76: 光 | U76: ㄨㄚㆻ | V76: uak | W76: uak | X76: oak | Y76: uak | Z76: uak | AA76: 促聲 （入） | AB76: 光促 | AC76: 43 | AF76: =IF(AND(MOD(B76,2)<>1, G76<>""), "", _xlfn.CONCAT("""", 十五音韻母對照表!$E76, """", " : [", """", 十五音韻母對照表!$G76, """", ", """, G77, """", "],")) -> "官" : ["uann", ""],
B77: 74 | C77: 0 | D77: 0 | E77: 0 | F77: 0 | H77: 0 | I77: 0 | J77: 0 | L77: 0 | M77: 0 | N77: 0 | O77: =IF(十五音韻母對照表!$G77="", 0, LEN(十五音韻母對照表!$G77)) -> 0 | Q77: 87 | R77: 檨 | S77: uãi | T77: 閂 | U77: ㄨㆮ | V77: uainn | W77: uainn | X77: oaiⁿ | Y77: nuai | Z77: uainn | AA77: 舒聲 （平/上/去） | AB77: 閂舒 | AC77: 44
B78: 75 | C78: 床 | D78: ŋ̍ | E78: 鋼 | F78: ㆭ | G78: ng | H78: ng | I78: ng | J78: ng | K78: ng | L78: 舒聲 （平/上/去） | M78: =十五音韻母對照表!$E78&LEFT(十五音韻母對照表!$L78,1) -> 鋼舒 | N78: 38 | O78: =IF(十五音韻母對照表!$G78="", 0, LEN(十五音韻母對照表!$G78)) -> 2 | Q78: 88 | R78: 蹶 | S78: uãi? | T78: 閂 | U78: ㄨㆮㆷ | V78: uaihnn | W78: uainnh | X78: oaiⁿh | Y78: nuaih | Z78: uainnh | AA78: 促聲 （入） | AB78: 閂促 | AC78: 44 | AF78: =IF(AND(MOD(B78,2)<>1, G78<>""), "", _xlfn.CONCAT("""", 十五音韻母對照表!$E78, """", " : [", """", 十五音韻母對照表!$G78, """", ", """, G79, """", "],")) -> "鋼" : ["ng", ""],
B79: 76 | C79: 0 | D79: 0 | E79: 0 | F79: 0 | H79: 0 | I79: 0 | J79: 0 | L79: 0 | M79: 0 | N79: 0 | O79: =IF(十五音韻母對照表!$G79="", 0, LEN(十五音韻母對照表!$G79)) -> 0 | Q79: 89 | R79: ◯ | S79: uẽi | T79: 糜 | U79: ㄨㆥ | V79: uenn | W79: uenn | X79: oeⁿ | Y79: nue | Z79: uenn | AA79: 舒聲 （平/上/去） | AB79: 糜舒 | AC79: 45
B80: 77 | C80: 會 | D80: e | E80: 伽 | F80: ㆤ | G80: e | H80: e | I80: e | J80: e | K80: e | L80: 舒聲 （平/上/去） | M80: =十五音韻母對照表!$E80&LEFT(十五音韻母對照表!$L80,1) -> 伽舒 | N80: 39 | O80: =IF(十五音韻母對照表!$G80="", 0, LEN(十五音韻母對照表!$G80)) -> 1 | Q80: 91 | R80: 鳥 | S80: iãu | T80: 嘄 | U80: ㄧㆯ | V80: iaunn | W80: iaunn | X80: iauⁿ | Y80: niao | Z80: iaunn | AA80: 舒聲 （平/上/去） | AB80: 嘄舒 | AC80: 46 | AF80: =IF(AND(MOD(B80,2)<>1, G80<>""), "", _xlfn.CONCAT("""", 十五音韻母對照表!$E80, """", " : [", """", 十五音韻母對照表!$G80, """", ", """, G81, """", "],")) -> "伽" : ["e", "eh"],
B81: 78 | C81: 伯 | D81: e? | E81: 伽 | F81: ㆤㆷ | G81: eh | H81: eh | I81: eh | J81: eh | K81: eh | L81: 促聲 （入） | M81: =十五音韻母對照表!$E81&LEFT(十五音韻母對照表!$L81,1) -> 伽促 | N81: 39 | O81: =IF(十五音韻母對照表!$G81="", 0, LEN(十五音韻母對照表!$G81)) -> 2 | Q81: 92 | R81: ◯ | S81: iãu? | T81: 嘄 | U81: ㄧㆯㆷ | V81: iauhnn | W81: iaunnh | X81: iauⁿh | Y81: niaoh | Z81: iaunnh | AA81: 促聲 （入） | AB81: 嘄促 | AC81: 46 | AF81: =IF(AND(MOD(B81,2)<>1, G81<>""), "", _xlfn.CONCAT("""", 十五音韻母對照表!$E81, """", " : [", """", 十五音韻母對照表!$G81, """", ", """, G82, """", "],"))
B82: 79 | C82: 挨 | D82: ãi | E82: 閒 | F82: ㆮ | G82: ainn | H82: ainn | I82: aiⁿ | J82: nai | K82: ainn | L82: 舒聲 （平/上/去） | M82: =十五音韻母對照表!$E82&LEFT(十五音韻母對照表!$L82,1) -> 閒舒 | N82: 40 | O82: =IF(十五音韻母對照表!$G82="", 0, LEN(十五音韻母對照表!$G82)) -> 4 | Q82: 93 | R82: 丼 | S82: ɔm | T82: 箴 | U82: ㆱ | V82: om | W82: om | X82: om | Y82: om | Z82: oom | AA82: 舒聲 （平/上/去） | AB82: 箴舒 | AC82: 47 | AF82: =IF(AND(MOD(B82,2)<>1, G82<>""), "", _xlfn.CONCAT("""", 十五音韻母對照表!$E82, """", " : [", """", 十五音韻母對照表!$G82, """", ", """, G83, """", "],")) -> "閒" : ["ainn", ""],
B83: 80 | C83: 0 | D83: 0 | E83: 0 | F83: 0 | H83: 0 | I83: 0 | J83: 0 | L83: 0 | M83: 0 | N83: 0 | O83: =IF(十五音韻母對照表!$G83="", 0, LEN(十五音韻母對照表!$G83)) -> 0 | Q83: 94 | R83: 吷 | S83: ɔp̚ | T83: 箴 | U83: ㆦㆴ | V83: op | W83: op | X83: op | Y83: op | Z83: oop | AA83: 促聲 （入） | AB83: 箴促 | AC83: 47
B84: 81 | C84: 張 | D84: õu | E84: 姑 | F84: ㆧ | G84: oonn | H84: onn | I84: oⁿ | J84: noo | K84: oonn | L84: 舒聲 （平/上/去） | M84: =十五音韻母對照表!$E84&LEFT(十五音韻母對照表!$L84,1) -> 姑舒 | N84: 41 | O84: =IF(十五音韻母對照表!$G84="", 0, LEN(十五音韻母對照表!$G84)) -> 4 | Q84: 95 | R84: 懸 | S84: ãu | T84: 爻 | U84: ㆯ | V84: aunn | W84: aunn | X84: auⁿ | Y84: nao | Z84: aunn | AA84: 舒聲 （平/上/去） | AB84: 爻舒 | AC84: 48 | AF84: =IF(AND(MOD(B84,2)<>1, G84<>""), "", _xlfn.CONCAT("""", 十五音韻母對照表!$E84, """", " : [", """", 十五音韻母對照表!$G84, """", ", """, G85, """", "],")) -> "姑" : ["oonn", ""],
B85: 82 | C85: 0 | D85: 0 | E85: 0 | F85: 0 | H85: 0 | I85: 0 | J85: 0 | L85: 0 | M85: 0 | N85: 0 | O85: =IF(十五音韻母對照表!$G85="", 0, LEN(十五音韻母對照表!$G85)) -> 0 | Q85: 97 | R85: 呼 | S85: õ | T85: 扛 | U85: ㆧ | V85: onn | W85: onn | X85: on | Y85: noo | Z85: ornn | AA85: 舒聲 （平/上/去） | AB85: 扛舒 | AC85: 49
B86: 83 | C86: 姆 | D86: m̩ | E86: 姆 | F86: ㆬ | G86: m | H86: m | I86: m | J86: m | K86: m | L86: 舒聲 （平/上/去） | M86: =十五音韻母對照表!$E86&LEFT(十五音韻母對照表!$L86,1) -> 姆舒 | N86: 42 | O86: =IF(十五音韻母對照表!$G86="", 0, LEN(十五音韻母對照表!$G86)) -> 1 | Q86: 98 | R86: ◯ | S86: õʔ | T86: 扛 | U86: ㆧㆷ | V86: ohnn | W86: onnh | X86: onh | Y86: nooh | Z86: uenn | AA86: 促聲 （入） | AB86: 扛促 | AC86: 49 | AF86: =IF(AND(MOD(B86,2)<>1, G86<>""), "", _xlfn.CONCAT("""", 十五音韻母對照表!$E86, """", " : [", """", 十五音韻母對照表!$G86, """", ", """, G87, """", "],")) -> "姆" : ["m", ""],
B87: 84 | C87: 0 | D87: 0 | E87: 0 | F87: 0 | H87: 0 | I87: 0 | J87: 0 | L87: 0 | M87: 0 | N87: 0 | O87: =IF(十五音韻母對照表!$G87="", 0, LEN(十五音韻母對照表!$G87)) -> 0 | Q87: 99 | R87: 香 | S87: ĩu | T87: 牛 | U87: ㄧㆫ | V87: iunn | W87: iunn | X87: iuⁿ | Y87: niu | Z87: iunn | AA87: 舒聲 （平/上/去） | AB87: 牛舒 | AC87: 50
B88: 85 | C88: 闖 | D88: uaŋ | E88: 光 | F88: ㄨㄤ | G88: uang | H88: uang | I88: oang | J88: uang | K88: uang | L88: 舒聲 （平/上/去） | M88: =十五音韻母對照表!$E88&LEFT(十五音韻母對照表!$L88,1) -> 光舒 | N88: 43 | O88: =IF(十五音韻母對照表!$G88="", 0, LEN(十五音韻母對照表!$G88)) -> 4 | AF88: =IF(AND(MOD(B88,2)<>1, G88<>""), "", _xlfn.CONCAT("""", 十五音韻母對照表!$E88, """", " : [", """", 十五音韻母對照表!$G88, """", ", """, G89, """", "],")) -> "光" : ["uang", "uak"],
B89: 86 | C89: 伏 | D89: uak̚ | E89: 光 | F89: ㄨㄚㆻ | G89: uak | H89: uak | I89: oak | J89: uak | K89: uak | L89: 促聲 （入） | M89: =十五音韻母對照表!$E89&LEFT(十五音韻母對照表!$L89,1) -> 光促 | N89: 43 | O89: =IF(十五音韻母對照表!$G89="", 0, LEN(十五音韻母對照表!$G89)) -> 3 | AF89: =IF(AND(MOD(B89,2)<>1, G89<>""), "", _xlfn.CONCAT("""", 十五音韻母對照表!$E89, """", " : [", """", 十五音韻母對照表!$G89, """", ", """, G90, """", "],"))
B90: 87 | C90: 檨 | D90: uãi | E90: 閂 | F90: ㄨㆮ | G90: uainn | H90: uainn | I90: oaiⁿ | J90: nuai | K90: uainn | L90: 舒聲 （平/上/去） | M90: =十五音韻母對照表!$E90&LEFT(十五音韻母對照表!$L90,1) -> 閂舒 | N90: 44 | O90: =IF(十五音韻母對照表!$G90="", 0, LEN(十五音韻母對照表!$G90)) -> 5 | AF90: =IF(AND(MOD(B90,2)<>1, G90<>""), "", _xlfn.CONCAT("""", 十五音韻母對照表!$E90, """", " : [", """", 十五音韻母對照表!$G90, """", ", """, G91, """", "],")) -> "閂" : ["uainn", "uaihnn"],
B91: 88 | C91: 蹶 | D91: uãi? | E91: 閂 | F91: ㄨㆮㆷ | G91: uaihnn | H91: uainnh | I91: oaiⁿh | J91: nuaih | K91: uainnh | L91: 促聲 （入） | M91: =十五音韻母對照表!$E91&LEFT(十五音韻母對照表!$L91,1) -> 閂促 | N91: 44 | O91: =IF(十五音韻母對照表!$G91="", 0, LEN(十五音韻母對照表!$G91)) -> 6 | AF91: =IF(AND(MOD(B91,2)<>1, G91<>""), "", _xlfn.CONCAT("""", 十五音韻母對照表!$E91, """", " : [", """", 十五音韻母對照表!$G91, """", ", """, G92, """", "],"))
B92: 89 | C92: ◯ | D92: uẽi | E92: 糜 | F92: ㄨㆥ | G92: uenn | H92: uenn | I92: oeⁿ | J92: nue | K92: uenn | L92: 舒聲 （平/上/去） | M92: =十五音韻母對照表!$E92&LEFT(十五音韻母對照表!$L92,1) -> 糜舒 | N92: 45 | O92: =IF(十五音韻母對照表!$G92="", 0, LEN(十五音韻母對照表!$G92)) -> 4 | AF92: =IF(AND(MOD(B92,2)<>1, G92<>""), "", _xlfn.CONCAT("""", 十五音韻母對照表!$E92, """", " : [", """", 十五音韻母對照表!$G92, """", ", """, G93, """", "],")) -> "糜" : ["uenn", ""],
B93: 90 | C93: 0 | D93: uẽi? | E93: 0 | F93: 0 | H93: 0 | I93: 0 | J93: 0 | L93: 0 | M93: 0 | N93: 0 | O93: =IF(十五音韻母對照表!$G93="", 0, LEN(十五音韻母對照表!$G93)) -> 0
B94: 91 | C94: 鳥 | D94: iãu | E94: 嘄 | F94: ㄧㆯ | G94: iaunn | H94: iaunn | I94: iauⁿ | J94: niao | K94: iaunn | L94: 舒聲 （平/上/去） | M94: =十五音韻母對照表!$E94&LEFT(十五音韻母對照表!$L94,1) -> 嘄舒 | N94: 46 | O94: =IF(十五音韻母對照表!$G94="", 0, LEN(十五音韻母對照表!$G94)) -> 5 | AF94: =IF(AND(MOD(B94,2)<>1, G94<>""), "", _xlfn.CONCAT("""", 十五音韻母對照表!$E94, """", " : [", """", 十五音韻母對照表!$G94, """", ", """, G95, """", "],")) -> "嘄" : ["iaunn", "iauhnn"],
B95: 92 | C95: ◯ | D95: iãu? | E95: 嘄 | F95: ㄧㆯㆷ | G95: iauhnn | H95: iaunnh | I95: iauⁿh | J95: niaoh | K95: iaunnh | L95: 促聲 （入） | M95: =十五音韻母對照表!$E95&LEFT(十五音韻母對照表!$L95,1) -> 嘄促 | N95: 46 | O95: =IF(十五音韻母對照表!$G95="", 0, LEN(十五音韻母對照表!$G95)) -> 6 | AF95: =IF(AND(MOD(B95,2)<>1, G95<>""), "", _xlfn.CONCAT("""", 十五音韻母對照表!$E95, """", " : [", """", 十五音韻母對照表!$G95, """", ", """, G96, """", "],"))
B96: 93 | C96: 丼 | D96: ɔm | E96: 箴 | F96: ㆱ | G96: om | H96: om | I96: om | J96: om | K96: oom | L96: 舒聲 （平/上/去） | M96: =十五音韻母對照表!$E96&LEFT(十五音韻母對照表!$L96,1) -> 箴舒 | N96: 47 | O96: =IF(十五音韻母對照表!$G96="", 0, LEN(十五音韻母對照表!$G96)) -> 2 | AF96: =IF(AND(MOD(B96,2)<>1, G96<>""), "", _xlfn.CONCAT("""", 十五音韻母對照表!$E96, """", " : [", """", 十五音韻母對照表!$G96, """", ", """, G97, """", "],")) -> "箴" : ["om", "op"],
B97: 94 | C97: 吷 | D97: ɔp̚ | E97: 箴 | F97: ㆦㆴ | G97: op | H97: op | I97: op | J97: op | K97: oop | L97: 促聲 （入） | M97: =十五音韻母對照表!$E97&LEFT(十五音韻母對照表!$L97,1) -> 箴促 | N97: 47 | O97: =IF(十五音韻母對照表!$G97="", 0, LEN(十五音韻母對照表!$G97)) -> 2 | AF97: =IF(AND(MOD(B97,2)<>1, G97<>""), "", _xlfn.CONCAT("""", 十五音韻母對照表!$E97, """", " : [", """", 十五音韻母對照表!$G97, """", ", """, G98, """", "],"))
B98: 95 | C98: 懸 | D98: ãu | E98: 爻 | F98: ㆯ | G98: aunn | H98: aunn | I98: auⁿ | J98: nao | K98: aunn | L98: 舒聲 （平/上/去） | M98: =十五音韻母對照表!$E98&LEFT(十五音韻母對照表!$L98,1) -> 爻舒 | N98: 48 | O98: =IF(十五音韻母對照表!$G98="", 0, LEN(十五音韻母對照表!$G98)) -> 4 | AF98: =IF(AND(MOD(B98,2)<>1, G98<>""), "", _xlfn.CONCAT("""", 十五音韻母對照表!$E98, """", " : [", """", 十五音韻母對照表!$G98, """", ", """, G99, """", "],")) -> "爻" : ["aunn", ""],
B99: 96 | O99: =IF(十五音韻母對照表!$G99="", 0, LEN(十五音韻母對照表!$G99)) -> 0
B100: 97 | C100: 呼 | D100: õ | E100: 扛 | F100: ㆧ | G100: onn | H100: onn | I100: on | J100: noo | K100: ornn | L100: 舒聲 （平/上/去） | M100: =十五音韻母對照表!$E100&LEFT(十五音韻母對照表!$L100,1) -> 扛舒 | N100: 49 | O100: =IF(十五音韻母對照表!$G100="", 0, LEN(十五音韻母對照表!$G100)) -> 3 | AF100: =IF(AND(MOD(B100,2)<>1, G100<>""), "", _xlfn.CONCAT("""", 十五音韻母對照表!$E100, """", " : [", """", 十五音韻母對照表!$G100, """", ", """, G101, """", "],")) -> "扛" : ["onn", "ohnn"],
B101: 98 | C101: ◯ | D101: õʔ | E101: 扛 | F101: ㆧㆷ | G101: ohnn | H101: onnh | I101: onh | J101: nooh | K101: uenn | L101: 促聲 （入） | M101: =十五音韻母對照表!$E101&LEFT(十五音韻母對照表!$L101,1) -> 扛促 | N101: 49 | O101: =IF(十五音韻母對照表!$G101="", 0, LEN(十五音韻母對照表!$G101)) -> 4 | AF101: =IF(AND(MOD(B101,2)<>1, G101<>""), "", _xlfn.CONCAT("""", 十五音韻母對照表!$E101, """", " : [", """", 十五音韻母對照表!$G101, """", ", """, G102, """", "],"))
B102: 99 | C102: 香 | D102: ĩu | E102: 牛 | F102: ㄧㆫ | G102: iunn | H102: iunn | I102: iuⁿ | J102: niu | K102: iunn | L102: 舒聲 （平/上/去） | M102: =十五音韻母對照表!$E102&LEFT(十五音韻母對照表!$L102,1) -> 牛舒 | N102: 50 | O102: =IF(十五音韻母對照表!$G102="", 0, LEN(十五音韻母對照表!$G102)) -> 4 | AF102: =IF(AND(MOD(B102,2)<>1, G102<>""), "", _xlfn.CONCAT("""", 十五音韻母對照表!$E102, """", " : [", """", 十五音韻母對照表!$G102, """", ", """, G103, """", "],")) -> "牛" : ["iunn", ""],
B103: 100 | O103: =IF(十五音韻母對照表!$G103="", 0, LEN(十五音韻母對照表!$G103)) -> 0

Sheet 聲調對照表
B2: 十五音調號 | C2: 傳統八聲調 | D2: 閩拼八聲調 | E2: 雅俗通調名 | F2: 台羅調名 | G2: 調名 | H2: 方音符號調符 | I2: 白話字調符編碼 | J2: 白話字調符
B3: =TEXT(C3, "[DBNum1][$-zh-TW]G/通用格式") -> 一 | C3: 1 | D3: 1 | E3: =_xlfn.CONCAT( LEFT(G3), RIGHT(G3)) -> 上平 | F3: =_xlfn.CONCAT( MID(G3,3,1), RIGHT(G3)) -> 陰平 | G3: 上（陰）平 | H3: =_xlfn.UNICHAR(HEX2DEC("02C9")) -> ˉ | J3: =_xlfn.CONCAT("◌", [2]!聲調表[[#This Row],[白話字調符編碼]]) -> ◌
B4: =TEXT(C4, "[DBNum1][$-zh-TW]G/通用格式") -> 二 | C4: 2 | D4: 3 | E4: =_xlfn.CONCAT( LEFT(G4), RIGHT(G4)) -> 上上 | F4: =_xlfn.CONCAT( MID(G4,3,1), RIGHT(G4)) -> 陰上 | G4: 上（陰）上 | H4: =_xlfn.UNICHAR(HEX2DEC("02CB")) -> ˋ | I4: =_xlfn.UNICHAR(HEX2DEC("0301")) -> ́ | J4: =_xlfn.CONCAT("◌", [2]!聲調表[[#This Row],[白話字調符編碼]]) -> ◌́
B5: =TEXT(C5, "[DBNum1][$-zh-TW]G/通用格式") -> 三 | C5: 3 | D5: 5 | E5: =_xlfn.CONCAT( LEFT(G5), RIGHT(G5)) -> 上去 | F5: =_xlfn.CONCAT( MID(G5,3,1), RIGHT(G5)) -> 陰去 | G5: 上（陰）去 | H5: =_xlfn.UNICHAR(HEX2DEC("02EA")) -> ˪ | I5: =_xlfn.UNICHAR(HEX2DEC("0300")) -> ̀ | J5: =_xlfn.CONCAT("◌", [2]!聲調表[[#This Row],[白話字調符編碼]]) -> ◌̀
B6: =TEXT(C6, "[DBNum1][$-zh-TW]G/通用格式") -> 四 | C6: 4 | D6: 7 | E6: =_xlfn.CONCAT( LEFT(G6), RIGHT(G6)) -> 上入 | F6: =_xlfn.CONCAT( MID(G6,3,1), RIGHT(G6)) -> 陰入 | G6: 上（陰）入 | H6: =_xlfn.UNICHAR(HEX2DEC("02C9")) -> ˉ | J6: =_xlfn.CONCAT("◌", [2]!聲調表[[#This Row],[白話字調符編碼]]) -> ◌
B7: =TEXT(C7, "[DBNum1][$-zh-TW]G/通用格式") -> 五 | C7: 5 | D7: 2 | E7: =_xlfn.CONCAT( LEFT(G7), RIGHT(G7)) -> 下平 | F7: =_xlfn.CONCAT( MID(G7,3,1), RIGHT(G7)) -> 陽平 | G7: 下（陽）平 | H7: =_xlfn.UNICHAR(HEX2DEC("02CA")) -> ˊ | I7: =_xlfn.UNICHAR(HEX2DEC("0302")) -> ̂ | J7: =_xlfn.CONCAT("◌", [2]!聲調表[[#This Row],[白話字調符編碼]]) -> ◌̂
B8: =TEXT(C8, "[DBNum1][$-zh-TW]G/通用格式") -> 六 | C8: 6 | D8: 4 | E8: =_xlfn.CONCAT( LEFT(G8), RIGHT(G8)) -> 下上 | F8: =_xlfn.CONCAT( MID(G8,3,1), RIGHT(G8)) -> 陽上 | G8: 下（陽）上 | H8: =_xlfn.UNICHAR(HEX2DEC("02CB")) -> ˋ | I8: =_xlfn.UNICHAR(HEX2DEC("030C")) -> ̌ | J8: =_xlfn.CONCAT("◌", [2]!聲調表[[#This Row],[白話字調符編碼]]) -> ◌̌
B9: =TEXT(C9, "[DBNum1][$-zh-TW]G/通用格式") -> 七 | C9: 7 | D9: 6 | E9: =_xlfn.CONCAT( LEFT(G9), RIGHT(G9)) -> 下去 | F9: =_xlfn.CONCAT( MID(G9,3,1), RIGHT(G9)) -> 陽去 | G9: 下（陽）去 | H9: =_xlfn.UNICHAR(HEX2DEC("02EB")) -> ˫ | I9: =_xlfn.UNICHAR(HEX2DEC("0304")) -> ̄ | J9: =_xlfn.CONCAT("◌", [2]!聲調表[[#This Row],[白話字調符編碼]]) -> ◌̄
B10: =TEXT(C10, "[DBNum1][$-zh-TW]G/通用格式") -> 八 | C10: 8 | D10: 8 | E10: =_xlfn.CONCAT( LEFT(G10), RIGHT(G10)) -> 下入 | F10: =_xlfn.CONCAT( MID(G10,3,1), RIGHT(G10)) -> 陽入 | G10: 下（陽）入 | H10: =_xlfn.UNICHAR(HEX2DEC("02D9")) -> ˙ | I10: =_xlfn.UNICHAR(HEX2DEC("030D")) -> ̍ | J10: =_xlfn.CONCAT("◌", [2]!聲調表[[#This Row],[白話字調符編碼]]) -> ◌̍
