Workbook
Name FILE_NAME: env!$C$2
Name IMAGE_URL: env!$C$4
Name OUTPUT_PATH: env!$C$5
Name TITLE: env!$C$3
Name 漢字庫: env!$C$7
Name 漢字標音: env!$C$8
Name 語音類型: env!$C$6

Sheet env
B1: Key | C1: Value
B2: FILE_NAME | C2: 【字幕】《帛書版道德經。第十一章》.xlsx
B3: TITLE | C3: 海海人生
B4: IMAGE_URL | C4: Liok-Kok-Lun.png
B5: OUTPUT_PATH | C5: output9
B6: 語音類型 | C6: 白話音
B7: 漢字庫 | C7: 河洛話
B8: 漢字標音 | C8: 注音二式

Sheet 01_漢字標音
F1: 下一個編號的 Show 時刻 | N1: 計算此編號的 Hide 時刻 ==》 Hide Value = Show Value + Duration
A3: 編號 | B3: 顯示時刻 | C3: 隱藏時刻 | D3: 持續時間 （秒） | E3: 到下個顯示時刻時長 （秒） | F3: 顯示時刻值（毫秒） | G3: 次顯示時刻值 （毫秒） | H3: 時 | I3: 分 | J3: 秒 | K3: 毫秒 | L3: 隱藏時刻值 （毫秒） | M3: 時 | N3: 分 | O3: 秒 | P3: 毫秒 | Q3: Text | R3: Translation
A4: 1 | B4: 00:00:00,000 | C4: =M4 & ":" & N4 & ":" & O4 & "," & P4 -> 00:00:20,000 | D4: 20 | E4: 25 | F4: =(LEFT($B4,2)*3600 + MID($B4,4,2)*60 + MID($B4,7,2))*1000 + RIGHT($B4,3) -> 0 | G4: =F4+(E4*1000) -> 25000 | H4: =TEXT(QUOTIENT(G4,3600000),"00") -> 00 | I4: =TEXT(QUOTIENT(MOD(G4,3600000),60000),"00") -> 00 | J4: =TEXT(QUOTIENT(MOD(G4,60000),1000),"00") -> 25 | K4: =TEXT(MOD(G4,1000),"000") -> 000 | L4: =F4+(D4*1000) -> 20000 | M4: =TEXT(QUOTIENT(L4,3600000),"00") -> 00 | N4: =TEXT(QUOTIENT(MOD(L4,3600000),60000),"00") -> 00 | O4: =TEXT(QUOTIENT(MOD(L4,60000),1000),"00") -> 20 | P4: =TEXT(MOD(L4,1000),"000") -> 000 | Q4: 《海海人生》 | R4: Hai2 hai2 chin1 shinn1
A5: 2 | B5: =H4 & ":" & I4 & ":" & J4 & "," & K4 -> 00:00:25,000 | C5: =M5 & ":" & N5 & ":" & O5 & "," & P5 -> 00:00:27,000 | D5: 2 | E5: 5 | F5: =(LEFT($B5,2)*3600 + MID($B5,4,2)*60 + MID($B5,7,2))*1000 + RIGHT($B5,3) -> 25000 | G5: =F5+(E5*1000) -> 30000 | H5: =TEXT(QUOTIENT(G5,3600000),"00") -> 00 | I5: =TEXT(QUOTIENT(MOD(G5,3600000),60000),"00") -> 00 | J5: =TEXT(QUOTIENT(MOD(G5,60000),1000),"00") -> 30 | K5: =TEXT(MOD(G5,1000),"000") -> 000 | L5: =F5+(D5*1000) -> 27000 | M5: =TEXT(QUOTIENT(L5,3600000),"00") -> 00 | N5: =TEXT(QUOTIENT(MOD(L5,3600000),60000),"00") -> 00 | O5: =TEXT(QUOTIENT(MOD(L5,60000),1000),"00") -> 27 | P5: =TEXT(MOD(L5,1000),"000") -> 000 | Q5: 人說這心情 | R5: Chin1 seh4 ji2 shim1 jing5
A6: 3 | B6: =H5 & ":" & I5 & ":" & J5 & "," & K5 -> 00:00:30,000 | C6: =M6 & ":" & N6 & ":" & O6 & "," & P6 -> 00:00:32,000 | D6: 2 | E6: 5 | F6: =(LEFT($B6,2)*3600 + MID($B6,4,2)*60 + MID($B6,7,2))*1000 + RIGHT($B6,3) -> 30000 | G6: =F6+(E6*1000) -> 35000 | H6: =TEXT(QUOTIENT(G6,3600000),"00") -> 00 | I6: =TEXT(QUOTIENT(MOD(G6,3600000),60000),"00") -> 00 | J6: =TEXT(QUOTIENT(MOD(G6,60000),1000),"00") -> 35 | K6: =TEXT(MOD(G6,1000),"000") -> 000 | L6: =F6+(D6*1000) -> 32000 | M6: =TEXT(QUOTIENT(L6,3600000),"00") -> 00 | N6: =TEXT(QUOTIENT(MOD(L6,3600000),60000),"00") -> 00 | O6: =TEXT(QUOTIENT(MOD(L6,60000),1000),"00") -> 32 | P6: =TEXT(MOD(L6,1000),"000") -> 000 | Q6: 罕罕罕罕卡快活 | R6: Han2 han2 han2 han2 zah8 kuainn3 uah8
A7: 4 | B7: =H6 & ":" & I6 & ":" & J6 & "," & K6 -> 00:00:35,000 | C7: =M7 & ":" & N7 & ":" & O7 & "," & P7 -> 00:00:37,000 | D7: 2 | E7: 5 | F7: =(LEFT($B7,2)*3600 + MID($B7,4,2)*60 + MID($B7,7,2))*1000 + RIGHT($B7,3) -> 35000 | G7: =F7+(E7*1000) -> 40000 | H7: =TEXT(QUOTIENT(G7,3600000),"00") -> 00 | I7: =TEXT(QUOTIENT(MOD(G7,3600000),60000),"00") -> 00 | J7: =TEXT(QUOTIENT(MOD(G7,60000),1000),"00") -> 40 | K7: =TEXT(MOD(G7,1000),"000") -> 000 | L7: =F7+(D7*1000) -> 37000 | M7: =TEXT(QUOTIENT(L7,3600000),"00") -> 00 | N7: =TEXT(QUOTIENT(MOD(L7,3600000),60000),"00") -> 00 | O7: =TEXT(QUOTIENT(MOD(L7,60000),1000),"00") -> 37 | P7: =TEXT(MOD(L7,1000),"000") -> 000 | Q7: 毋通太陰鴆 | R7: M7 tang3 tai3 im1 dim1
A8: 5 | B8: =H7 & ":" & I7 & ":" & J7 & "," & K7 -> 00:00:40,000 | C8: =M8 & ":" & N8 & ":" & O8 & "," & P8 -> 00:00:42,000 | D8: 2 | E8: 5 | F8: =(LEFT($B8,2)*3600 + MID($B8,4,2)*60 + MID($B8,7,2))*1000 + RIGHT($B8,3) -> 40000 | G8: =F8+(E8*1000) -> 45000 | H8: =TEXT(QUOTIENT(G8,3600000),"00") -> 00 | I8: =TEXT(QUOTIENT(MOD(G8,3600000),60000),"00") -> 00 | J8: =TEXT(QUOTIENT(MOD(G8,60000),1000),"00") -> 45 | K8: =TEXT(MOD(G8,1000),"000") -> 000 | L8: =F8+(D8*1000) -> 42000 | M8: =TEXT(QUOTIENT(L8,3600000),"00") -> 00 | N8: =TEXT(QUOTIENT(MOD(L8,3600000),60000),"00") -> 00 | O8: =TEXT(QUOTIENT(MOD(L8,60000),1000),"00") -> 42 | P8: =TEXT(MOD(L8,1000),"000") -> 000 | Q8: 想著會驚 | R8: Shiunn7 diorh8 he7 giann1
A9: 6 | B9: =H8 & ":" & I8 & ":" & J8 & "," & K8 -> 00:00:45,000 | C9: =M9 & ":" & N9 & ":" & O9 & "," & P9 -> 00:00:47,000 | D9: 2 | E9: 5 | F9: =(LEFT($B9,2)*3600 + MID($B9,4,2)*60 + MID($B9,7,2))*1000 + RIGHT($B9,3) -> 45000 | G9: =F9+(E9*1000) -> 50000 | H9: =TEXT(QUOTIENT(G9,3600000),"00") -> 00 | I9: =TEXT(QUOTIENT(MOD(G9,3600000),60000),"00") -> 00 | J9: =TEXT(QUOTIENT(MOD(G9,60000),1000),"00") -> 50 | K9: =TEXT(MOD(G9,1000),"000") -> 000 | L9: =F9+(D9*1000) -> 47000 | M9: =TEXT(QUOTIENT(L9,3600000),"00") -> 00 | N9: =TEXT(QUOTIENT(MOD(L9,3600000),60000),"00") -> 00 | O9: =TEXT(QUOTIENT(MOD(L9,60000),1000),"00") -> 47 | P9: =TEXT(MOD(L9,1000),"000") -> 000 | Q9: 有人真古意 | R9: U7 chin1 jin1 goo2 i3
A10: 7 | B10: =H9 & ":" & I9 & ":" & J9 & "," & K9 -> 00:00:50,000 | C10: =M10 & ":" & N10 & ":" & O10 & "," & P10 -> 00:00:52,000 | D10: 2 | E10: 5 | F10: =(LEFT($B10,2)*3600 + MID($B10,4,2)*60 + MID($B10,7,2))*1000 + RIGHT($B10,3) -> 50000 | G10: =F10+(E10*1000) -> 55000 | H10: =TEXT(QUOTIENT(G10,3600000),"00") -> 00 | I10: =TEXT(QUOTIENT(MOD(G10,3600000),60000),"00") -> 00 | J10: =TEXT(QUOTIENT(MOD(G10,60000),1000),"00") -> 55 | K10: =TEXT(MOD(G10,1000),"000") -> 000 | L10: =F10+(D10*1000) -> 52000 | M10: =TEXT(QUOTIENT(L10,3600000),"00") -> 00 | N10: =TEXT(QUOTIENT(MOD(L10,3600000),60000),"00") -> 00 | O10: =TEXT(QUOTIENT(MOD(L10,60000),1000),"00") -> 52 | P10: =TEXT(MOD(L10,1000),"000") -> 000 | Q10: 常常嘛是有人變卦 | R10: Shiunn5 shiunn5 ma01 shi2 u7 chin1 bian3 gua3
A11: 8 | B11: =H10 & ":" & I10 & ":" & J10 & "," & K10 -> 00:00:55,000 | C11: =M11 & ":" & N11 & ":" & O11 & "," & P11 -> 00:00:57,000 | D11: 2 | E11: 5 | F11: =(LEFT($B11,2)*3600 + MID($B11,4,2)*60 + MID($B11,7,2))*1000 + RIGHT($B11,3) -> 55000 | G11: =F11+(E11*1000) -> 60000 | H11: =TEXT(QUOTIENT(G11,3600000),"00") -> 00 | I11: =TEXT(QUOTIENT(MOD(G11,3600000),60000),"00") -> 01 | J11: =TEXT(QUOTIENT(MOD(G11,60000),1000),"00") -> 00 | K11: =TEXT(MOD(G11,1000),"000") -> 000 | L11: =F11+(D11*1000) -> 57000 | M11: =TEXT(QUOTIENT(L11,3600000),"00") -> 00 | N11: =TEXT(QUOTIENT(MOD(L11,3600000),60000),"00") -> 00 | O11: =TEXT(QUOTIENT(MOD(L11,60000),1000),"00") -> 57 | P11: =TEXT(MOD(L11,1000),"000") -> 000 | Q11: 這人情怎樣 | R11: Ji2 chin1 jing5 zainn2 inn2
A12: 9 | B12: =H11 & ":" & I11 & ":" & J11 & "," & K11 -> 00:01:00,000 | C12: =M12 & ":" & N12 & ":" & O12 & "," & P12 -> 00:01:02,000 | D12: 2 | E12: 5 | F12: =(LEFT($B12,2)*3600 + MID($B12,4,2)*60 + MID($B12,7,2))*1000 + RIGHT($B12,3) -> 60000 | G12: =F12+(E12*1000) -> 65000 | H12: =TEXT(QUOTIENT(G12,3600000),"00") -> 00 | I12: =TEXT(QUOTIENT(MOD(G12,3600000),60000),"00") -> 01 | J12: =TEXT(QUOTIENT(MOD(G12,60000),1000),"00") -> 05 | K12: =TEXT(MOD(G12,1000),"000") -> 000 | L12: =F12+(D12*1000) -> 62000 | M12: =TEXT(QUOTIENT(L12,3600000),"00") -> 00 | N12: =TEXT(QUOTIENT(MOD(L12,3600000),60000),"00") -> 01 | O12: =TEXT(QUOTIENT(MOD(L12,60000),1000),"00") -> 02 | P12: =TEXT(MOD(L12,1000),"000") -> 000 | Q12: 才看會破 | R12: Zai5 kuann3 he7 por3
A13: 10 | B13: =H12 & ":" & I12 & ":" & J12 & "," & K12 -> 00:01:05,000 | C13: =M13 & ":" & N13 & ":" & O13 & "," & P13 -> 00:01:07,000 | D13: 2 | E13: 5 | F13: =(LEFT($B13,2)*3600 + MID($B13,4,2)*60 + MID($B13,7,2))*1000 + RIGHT($B13,3) -> 65000 | G13: =F13+(E13*1000) -> 70000 | H13: =TEXT(QUOTIENT(G13,3600000),"00") -> 00 | I13: =TEXT(QUOTIENT(MOD(G13,3600000),60000),"00") -> 01 | J13: =TEXT(QUOTIENT(MOD(G13,60000),1000),"00") -> 10 | K13: =TEXT(MOD(G13,1000),"000") -> 000 | L13: =F13+(D13*1000) -> 67000 | M13: =TEXT(QUOTIENT(L13,3600000),"00") -> 00 | N13: =TEXT(QUOTIENT(MOD(L13,3600000),60000),"00") -> 01 | O13: =TEXT(QUOTIENT(MOD(L13,60000),1000),"00") -> 07 | P13: =TEXT(MOD(L13,1000),"000") -> 000 | Q13: 人說這人生 | R13: Chin1 seh4 ji2 chin1 shinn1
A14: 11 | B14: =H13 & ":" & I13 & ":" & J13 & "," & K13 -> 00:01:10,000 | C14: =M14 & ":" & N14 & ":" & O14 & "," & P14 -> 00:01:12,000 | D14: 2 | E14: 5 | F14: =(LEFT($B14,2)*3600 + MID($B14,4,2)*60 + MID($B14,7,2))*1000 + RIGHT($B14,3) -> 70000 | G14: =F14+(E14*1000) -> 75000 | H14: =TEXT(QUOTIENT(G14,3600000),"00") -> 00 | I14: =TEXT(QUOTIENT(MOD(G14,3600000),60000),"00") -> 01 | J14: =TEXT(QUOTIENT(MOD(G14,60000),1000),"00") -> 15 | K14: =TEXT(MOD(G14,1000),"000") -> 000 | L14: =F14+(D14*1000) -> 72000 | M14: =TEXT(QUOTIENT(L14,3600000),"00") -> 00 | N14: =TEXT(QUOTIENT(MOD(L14,3600000),60000),"00") -> 01 | O14: =TEXT(QUOTIENT(MOD(L14,60000),1000),"00") -> 12 | P14: =TEXT(MOD(L14,1000),"000") -> 000 | Q14: 海海海海路好行 | R14: Hai2 hai2 hai2 hai2 loo7 haunn3 hang5
A15: 12 | B15: =H14 & ":" & I14 & ":" & J14 & "," & K14 -> 00:01:15,000 | C15: =M15 & ":" & N15 & ":" & O15 & "," & P15 -> 00:01:17,000 | D15: 2 | E15: 5 | F15: =(LEFT($B15,2)*3600 + MID($B15,4,2)*60 + MID($B15,7,2))*1000 + RIGHT($B15,3) -> 75000 | G15: =F15+(E15*1000) -> 80000 | H15: =TEXT(QUOTIENT(G15,3600000),"00") -> 00 | I15: =TEXT(QUOTIENT(MOD(G15,3600000),60000),"00") -> 01 | J15: =TEXT(QUOTIENT(MOD(G15,60000),1000),"00") -> 20 | K15: =TEXT(MOD(G15,1000),"000") -> 000 | L15: =F15+(D15*1000) -> 77000 | M15: =TEXT(QUOTIENT(L15,3600000),"00") -> 00 | N15: =TEXT(QUOTIENT(MOD(L15,3600000),60000),"00") -> 01 | O15: =TEXT(QUOTIENT(MOD(L15,60000),1000),"00") -> 17 | P15: =TEXT(MOD(L15,1000),"000") -> 000 | Q15: 毋通越頭望 | R15: M7 tang3 uat8 tau5 bbang7
A16: 13 | B16: =H15 & ":" & I15 & ":" & J15 & "," & K15 -> 00:01:20,000 | C16: =M16 & ":" & N16 & ":" & O16 & "," & P16 -> 00:01:22,000 | D16: 2 | E16: 5 | F16: =(LEFT($B16,2)*3600 + MID($B16,4,2)*60 + MID($B16,7,2))*1000 + RIGHT($B16,3) -> 80000 | G16: =F16+(E16*1000) -> 85000 | H16: =TEXT(QUOTIENT(G16,3600000),"00") -> 00 | I16: =TEXT(QUOTIENT(MOD(G16,3600000),60000),"00") -> 01 | J16: =TEXT(QUOTIENT(MOD(G16,60000),1000),"00") -> 25 | K16: =TEXT(MOD(G16,1000),"000") -> 000 | L16: =F16+(D16*1000) -> 82000 | M16: =TEXT(QUOTIENT(L16,3600000),"00") -> 00 | N16: =TEXT(QUOTIENT(MOD(L16,3600000),60000),"00") -> 01 | O16: =TEXT(QUOTIENT(MOD(L16,60000),1000),"00") -> 22 | P16: =TEXT(MOD(L16,1000),"000") -> 000 | Q16: 望著會茫 | R16: Bbang7 diorh8 he7 bbong5
... A64: 61 | B64: =H63 & ":" & I63 & ":" & J63 & "," & K63 -> 00:05:20,000 | C64: =M64 & ":" & N64 & ":" & O64 & "," & P64 -> 00:05:22,000 | D64: 2 | E64: 5 | F64: =(LEFT($B64,2)*3600 + MID($B64,4,2)*60 + MID($B64,7,2))*1000 + RIGHT($B64,3) -> 320000 | G64: =F64+(E64*1000) -> 325000 | H64: =TEXT(QUOTIENT(G64,3600000),"00") -> 00 | I64: =TEXT(QUOTIENT(MOD(G64,3600000),60000),"00") -> 05 | J64: =TEXT(QUOTIENT(MOD(G64,60000),1000),"00") -> 25 | K64: =TEXT(MOD(G64,1000),"000") -> 000 | L64: =F64+(D64*1000) -> 322000 | M64: =TEXT(QUOTIENT(L64,3600000),"00") -> 00 | N64: =TEXT(QUOTIENT(MOD(L64,3600000),60000),"00") -> 05 | O64: =TEXT(QUOTIENT(MOD(L64,60000),1000),"00") -> 22 | P64: =TEXT(MOD(L64,1000),"000") -> 000 | Q64: 怎樣計較輸贏 | R64: Zainn2 inn2 ge3 gau3 su1 iann5
A65: End | B65: =H64 & ":" & I64 & ":" & J64 & "," & K64 -> 00:05:25,000 | C65: =M65 & ":" & N65 & ":" & O65 & "," & P65 -> 00:05:27,000 | D65: 2 | E65: 5 | F65: =(LEFT($B65,2)*3600 + MID($B65,4,2)*60 + MID($B65,7,2))*1000 + RIGHT($B65,3) -> 325000 | G65: =F65+(E65*1000) -> 330000 | H65: =TEXT(QUOTIENT(G65,3600000),"00") -> 00 | I65: =TEXT(QUOTIENT(MOD(G65,3600000),60000),"00") -> 05 | J65: =TEXT(QUOTIENT(MOD(G65,60000),1000),"00") -> 30 | K65: =TEXT(MOD(G65,1000),"000") -> 000 | L65: =F65+(D65*1000) -> 327000 | M65: =TEXT(QUOTIENT(L65,3600000),"00") -> 00 | N65: =TEXT(QUOTIENT(MOD(L65,3600000),60000),"00") -> 05 | O65: =TEXT(QUOTIENT(MOD(L65,60000),1000),"00") -> 27 | P65: =TEXT(MOD(L65,1000),"000") -> 000

Sheet 02_計算時長
A1: 編號 | B1: 顯示 | C1: 隱藏 | D1: 持續時間 （毫秒） | E1: 顯示值 （毫秒） | F1: 隱藏值 （毫秒） | G1: Text | H1: Translation | I1: 可匯出SRT
A2: 1 | B2: 00:00:00,000 | C2: =B3 -> 00:00:48,000 | D2: =F2-E2 -> 48000 | E2: =(LEFT($B2,2)*3600 + MID($B2,4,2)*60 + MID($B2,7,2))*1000 + RIGHT($B2,3) -> 0 | F2: =(LEFT($C2,2)*3600 + MID($C2,4,2)*60 + MID($C2,7,2))*1000 + RIGHT($C2,3) -> 48000 | G2: ='01_漢字標音'!Q4 -> 《海海人生》 | H2: ='01_漢字標音'!R4 -> Hai2 hai2 chin1 shinn1 | I2: =A2&CHAR(10)&B2&" --> "&C2&CHAR(10)&G2&CHAR(10)&H2 -> 1 00:00:00,000 --> 00:00:48,000 《海海人生》 Hai2 hai2 chin1 shinn1
A3: 2 | B3: 00:00:48,000 | C3: =B4 -> 00:00:50,324 | D3: =F3-E3 -> 2324 | E3: =(LEFT($B3,2)*3600 + MID($B3,4,2)*60 + MID($B3,7,2))*1000 + RIGHT($B3,3) -> 48000 | F3: =(LEFT($C3,2)*3600 + MID($C3,4,2)*60 + MID($C3,7,2))*1000 + RIGHT($C3,3) -> 50324 | G3: ='01_漢字標音'!Q5 -> 人說這心情 | H3: ='01_漢字標音'!R5 -> Chin1 seh4 ji2 shim1 jing5 | I3: =A3&CHAR(10)&B3&" --> "&C3&CHAR(10)&G3&CHAR(10)&H3 -> 2 00:00:48,000 --> 00:00:50,324 人說這心情 Chin1 seh4 ji2 shim1 jing5
A4: 3 | B4: 00:00:50,324 | C4: =B5 -> 00:00:53,920 | D4: =F4-E4 -> 3596 | E4: =(LEFT($B4,2)*3600 + MID($B4,4,2)*60 + MID($B4,7,2))*1000 + RIGHT($B4,3) -> 50324 | F4: =(LEFT($C4,2)*3600 + MID($C4,4,2)*60 + MID($C4,7,2))*1000 + RIGHT($C4,3) -> 53920 | G4: ='01_漢字標音'!Q6 -> 罕罕罕罕卡快活 | H4: ='01_漢字標音'!R6 -> Han2 han2 han2 han2 zah8 kuainn3 uah8 | I4: =A4&CHAR(10)&B4&" --> "&C4&CHAR(10)&G4&CHAR(10)&H4 -> 3 00:00:50,324 --> 00:00:53,920 罕罕罕罕卡快活 Han2 han2 han2 han2 zah8 kuainn3 uah8
A5: 4 | B5: 00:00:53,920 | C5: =B6 -> 00:00:55,000 | D5: =F5-E5 -> 1080 | E5: =(LEFT($B5,2)*3600 + MID($B5,4,2)*60 + MID($B5,7,2))*1000 + RIGHT($B5,3) -> 53920 | F5: =(LEFT($C5,2)*3600 + MID($C5,4,2)*60 + MID($C5,7,2))*1000 + RIGHT($C5,3) -> 55000 | G5: ='01_漢字標音'!Q7 -> 毋通太陰鴆 | H5: ='01_漢字標音'!R7 -> M7 tang3 tai3 im1 dim1 | I5: =A5&CHAR(10)&B5&" --> "&C5&CHAR(10)&G5&CHAR(10)&H5 -> 4 00:00:53,920 --> 00:00:55,000 毋通太陰鴆 M7 tang3 tai3 im1 dim1
A6: 5 | B6: 00:00:55,000 | C6: =B7 -> 00:00:59,000 | D6: =F6-E6 -> 4000 | E6: =(LEFT($B6,2)*3600 + MID($B6,4,2)*60 + MID($B6,7,2))*1000 + RIGHT($B6,3) -> 55000 | F6: =(LEFT($C6,2)*3600 + MID($C6,4,2)*60 + MID($C6,7,2))*1000 + RIGHT($C6,3) -> 59000 | G6: ='01_漢字標音'!Q8 -> 想著會驚 | H6: ='01_漢字標音'!R8 -> Shiunn7 diorh8 he7 giann1 | I6: =A6&CHAR(10)&B6&" --> "&C6&CHAR(10)&G6&CHAR(10)&H6 -> 5 00:00:55,000 --> 00:00:59,000 想著會驚 Shiunn7 diorh8 he7 giann1
A7: 6 | B7: 00:00:59,000 | C7: =B8 -> 00:01:01,917 | D7: =F7-E7 -> 2917 | E7: =(LEFT($B7,2)*3600 + MID($B7,4,2)*60 + MID($B7,7,2))*1000 + RIGHT($B7,3) -> 59000 | F7: =(LEFT($C7,2)*3600 + MID($C7,4,2)*60 + MID($C7,7,2))*1000 + RIGHT($C7,3) -> 61917 | G7: ='01_漢字標音'!Q9 -> 有人真古意 | H7: ='01_漢字標音'!R9 -> U7 chin1 jin1 goo2 i3 | I7: =A7&CHAR(10)&B7&" --> "&C7&CHAR(10)&G7&CHAR(10)&H7 -> 6 00:00:59,000 --> 00:01:01,917 有人真古意 U7 chin1 jin1 goo2 i3
A8: 7 | B8: 00:01:01,917 | C8: =B9 -> 00:01:04,001 | D8: =F8-E8 -> 2084 | E8: =(LEFT($B8,2)*3600 + MID($B8,4,2)*60 + MID($B8,7,2))*1000 + RIGHT($B8,3) -> 61917 | F8: =(LEFT($C8,2)*3600 + MID($C8,4,2)*60 + MID($C8,7,2))*1000 + RIGHT($C8,3) -> 64001 | G8: ='01_漢字標音'!Q10 -> 常常嘛是有人變卦 | H8: ='01_漢字標音'!R10 -> Shiunn5 shiunn5 ma01 shi2 u7 chin1 bian3 gua3 | I8: =A8&CHAR(10)&B8&" --> "&C8&CHAR(10)&G8&CHAR(10)&H8 -> 7 00:01:01,917 --> 00:01:04,001 常常嘛是有人變卦 Shiunn5 shiunn5 ma01 shi2 u7 chin1 bian3 gua3
A9: 8 | B9: 00:01:04,001 | C9: =B10 -> 00:01:07,003 | D9: =F9-E9 -> 3002 | E9: =(LEFT($B9,2)*3600 + MID($B9,4,2)*60 + MID($B9,7,2))*1000 + RIGHT($B9,3) -> 64001 | F9: =(LEFT($C9,2)*3600 + MID($C9,4,2)*60 + MID($C9,7,2))*1000 + RIGHT($C9,3) -> 67003 | G9: ='01_漢字標音'!Q11 -> 這人情怎樣 | H9: ='01_漢字標音'!R11 -> Ji2 chin1 jing5 zainn2 inn2 | I9: =A9&CHAR(10)&B9&" --> "&C9&CHAR(10)&G9&CHAR(10)&H9 -> 8 00:01:04,001 --> 00:01:07,003 這人情怎樣 Ji2 chin1 jing5 zainn2 inn2
A10: 9 | B10: 00:01:07,003 | C10: =B11 -> 00:01:11,006 | D10: =F10-E10 -> 4003 | E10: =(LEFT($B10,2)*3600 + MID($B10,4,2)*60 + MID($B10,7,2))*1000 + RIGHT($B10,3) -> 67003 | F10: =(LEFT($C10,2)*3600 + MID($C10,4,2)*60 + MID($C10,7,2))*1000 + RIGHT($C10,3) -> 71006 | G10: ='01_漢字標音'!Q12 -> 才看會破 | H10: ='01_漢字標音'!R12 -> Zai5 kuann3 he7 por3 | I10: =A10&CHAR(10)&B10&" --> "&C10&CHAR(10)&G10&CHAR(10)&H10 -> 9 00:01:07,003 --> 00:01:11,006 才看會破 Zai5 kuann3 he7 por3
A11: 10 | B11: 00:01:11,006 | C11: =B12 -> 00:01:13,010 | D11: =F11-E11 -> 2004 | E11: =(LEFT($B11,2)*3600 + MID($B11,4,2)*60 + MID($B11,7,2))*1000 + RIGHT($B11,3) -> 71006 | F11: =(LEFT($C11,2)*3600 + MID($C11,4,2)*60 + MID($C11,7,2))*1000 + RIGHT($C11,3) -> 73010 | G11: ='01_漢字標音'!Q13 -> 人說這人生 | H11: ='01_漢字標音'!R13 -> Chin1 seh4 ji2 chin1 shinn1 | I11: =A11&CHAR(10)&B11&" --> "&C11&CHAR(10)&G11&CHAR(10)&H11 -> 10 00:01:11,006 --> 00:01:13,010 人說這人生 Chin1 seh4 ji2 chin1 shinn1
A12: 11 | B12: 00:01:13,010 | C12: =B13 -> 00:01:16,015 | D12: =F12-E12 -> 3005 | E12: =(LEFT($B12,2)*3600 + MID($B12,4,2)*60 + MID($B12,7,2))*1000 + RIGHT($B12,3) -> 73010 | F12: =(LEFT($C12,2)*3600 + MID($C12,4,2)*60 + MID($C12,7,2))*1000 + RIGHT($C12,3) -> 76015 | G12: ='01_漢字標音'!Q14 -> 海海海海路好行 | H12: ='01_漢字標音'!R14 -> Hai2 hai2 hai2 hai2 loo7 haunn3 hang5 | I12: =A12&CHAR(10)&B12&" --> "&C12&CHAR(10)&G12&CHAR(10)&H12 -> 11 00:01:13,010 --> 00:01:16,015 海海海海路好行 Hai2 hai2 hai2 hai2 loo7 haunn3 hang5
A13: 12 | B13: 00:01:16,015 | C13: =B14 -> 00:01:18,021 | D13: =F13-E13 -> 2006 | E13: =(LEFT($B13,2)*3600 + MID($B13,4,2)*60 + MID($B13,7,2))*1000 + RIGHT($B13,3) -> 76015 | F13: =(LEFT($C13,2)*3600 + MID($C13,4,2)*60 + MID($C13,7,2))*1000 + RIGHT($C13,3) -> 78021 | G13: ='01_漢字標音'!Q15 -> 毋通越頭望 | H13: ='01_漢字標音'!R15 -> M7 tang3 uat8 tau5 bbang7 | I13: =A13&CHAR(10)&B13&" --> "&C13&CHAR(10)&G13&CHAR(10)&H13 -> 12 00:01:16,015 --> 00:01:18,021 毋通越頭望 M7 tang3 uat8 tau5 bbang7
... A33: 32 | B33: 00:02:13,325 | C33: =B34 -> 00:02:14,351 | D33: =F33-E33 -> 1026 | E33: =(LEFT($B33,2)*3600 + MID($B33,4,2)*60 + MID($B33,7,2))*1000 + RIGHT($B33,3) -> 133325 | F33: =(LEFT($C33,2)*3600 + MID($C33,4,2)*60 + MID($C33,7,2))*1000 + RIGHT($C33,3) -> 134351 | G33: ='01_漢字標音'!Q35 -> 這情債 | H33: ='01_漢字標音'!R35 -> Ji2 jing5 ze3 | I33: =A33&CHAR(10)&B33&" --> "&C33&CHAR(10)&G33&CHAR(10)&H33 -> 32 00:02:13,325 --> 00:02:14,351 這情債 Ji2 jing5 ze3
A34: 33 | B34: 00:02:14,351 | C34: 00:02:22,000 | D34: =F34-E34 -> 7649 | E34: =(LEFT($B34,2)*3600 + MID($B34,4,2)*60 + MID($B34,7,2))*1000 + RIGHT($B34,3) -> 134351 | F34: =(LEFT($C34,2)*3600 + MID($C34,4,2)*60 + MID($C34,7,2))*1000 + RIGHT($C34,3) -> 142000 | G34: ='01_漢字標音'!Q36 -> 怎樣計較輸贏 | H34: ='01_漢字標音'!R36 -> Zainn2 inn2 ge3 gau3 su1 iann5 | I34: =A34&CHAR(10)&B34&" --> "&C34&CHAR(10)&G34&CHAR(10)&H34 -> 33 00:02:14,351 --> 00:02:22,000 怎樣計較輸贏 Zainn2 inn2 ge3 gau3 su1 iann5
A35: 34 | B35: 00:02:48,000 | C35: =B36 -> 00:02:50,406 | D35: =F35-E35 -> 2406 | E35: =(LEFT($B35,2)*3600 + MID($B35,4,2)*60 + MID($B35,7,2))*1000 + RIGHT($B35,3) -> 168000 | F35: =(LEFT($C35,2)*3600 + MID($C35,4,2)*60 + MID($C35,7,2))*1000 + RIGHT($C35,3) -> 170406 | G35: ='01_漢字標音'!Q37 -> 人說這人生 | H35: ='01_漢字標音'!R37 -> Chin1 seh4 ji2 chin1 shinn1 | I35: =A35&CHAR(10)&B35&" --> "&C35&CHAR(10)&G35&CHAR(10)&H35 -> 34 00:02:48,000 --> 00:02:50,406 人說這人生 Chin1 seh4 ji2 chin1 shinn1
A36: 35 | B36: 00:02:50,406 | C36: =B37 -> 00:02:53,435 | D36: =F36-E36 -> 3029 | E36: =(LEFT($B36,2)*3600 + MID($B36,4,2)*60 + MID($B36,7,2))*1000 + RIGHT($B36,3) -> 170406 | F36: =(LEFT($C36,2)*3600 + MID($C36,4,2)*60 + MID($C36,7,2))*1000 + RIGHT($C36,3) -> 173435 | G36: ='01_漢字標音'!Q38 -> 海海海海路好行 | H36: ='01_漢字標音'!R38 -> Hai2 hai2 hai2 hai2 loo7 haunn3 hang5 | I36: =A36&CHAR(10)&B36&" --> "&C36&CHAR(10)&G36&CHAR(10)&H36 -> 35 00:02:50,406 --> 00:02:53,435 海海海海路好行 Hai2 hai2 hai2 hai2 loo7 haunn3 hang5
A37: 36 | B37: 00:02:53,435 | C37: =B38 -> 00:02:56,000 | D37: =F37-E37 -> 2565 | E37: =(LEFT($B37,2)*3600 + MID($B37,4,2)*60 + MID($B37,7,2))*1000 + RIGHT($B37,3) -> 173435 | F37: =(LEFT($C37,2)*3600 + MID($C37,4,2)*60 + MID($C37,7,2))*1000 + RIGHT($C37,3) -> 176000 | G37: ='01_漢字標音'!Q39 -> 毋通越頭望 | H37: ='01_漢字標音'!R39 -> M7 tang3 uat8 tau5 bbang7 | I37: =A37&CHAR(10)&B37&" --> "&C37&CHAR(10)&G37&CHAR(10)&H37 -> 36 00:02:53,435 --> 00:02:56,000 毋通越頭望 M7 tang3 uat8 tau5 bbang7
A38: 37 | B38: 00:02:56,000 | C38: =B39 -> 00:02:59,000 | D38: =F38-E38 -> 3000 | E38: =(LEFT($B38,2)*3600 + MID($B38,4,2)*60 + MID($B38,7,2))*1000 + RIGHT($B38,3) -> 176000 | F38: =(LEFT($C38,2)*3600 + MID($C38,4,2)*60 + MID($C38,7,2))*1000 + RIGHT($C38,3) -> 179000 | G38: ='01_漢字標音'!Q40 -> 望著會茫 | H38: ='01_漢字標音'!R40 -> Bbang7 diorh8 he7 bbong5 | I38: =A38&CHAR(10)&B38&" --> "&C38&CHAR(10)&G38&CHAR(10)&H38 -> 37 00:02:56,000 --> 00:02:59,000 望著會茫 Bbang7 diorh8 he7 bbong5
A39: 38 | B39: 00:02:59,000 | C39: =B40 -> 00:03:01,000 | D39: =F39-E39 -> 2000 | E39: =(LEFT($B39,2)*3600 + MID($B39,4,2)*60 + MID($B39,7,2))*1000 + RIGHT($B39,3) -> 179000 | F39: =(LEFT($C39,2)*3600 + MID($C39,4,2)*60 + MID($C39,7,2))*1000 + RIGHT($C39,3) -> 181000 | G39: ='01_漢字標音'!Q41 -> 有人愛著阮 | H39: ='01_漢字標音'!R41 -> U7 chin1 ai3 diorh8 ng2 | I39: =A39&CHAR(10)&B39&" --> "&C39&CHAR(10)&G39&CHAR(10)&H39 -> 38 00:02:59,000 --> 00:03:01,000 有人愛著阮 U7 chin1 ai3 diorh8 ng2
A40: 39 | B40: 00:03:01,000 | C40: =B41 -> 00:03:04,000 | D40: =F40-E40 -> 3000 | E40: =(LEFT($B40,2)*3600 + MID($B40,4,2)*60 + MID($B40,7,2))*1000 + RIGHT($B40,3) -> 181000 | F40: =(LEFT($C40,2)*3600 + MID($C40,4,2)*60 + MID($C40,7,2))*1000 + RIGHT($C40,3) -> 184000 | G40: ='01_漢字標音'!Q42 -> 偏偏阮愛的是別人 | H40: ='01_漢字標音'!R42 -> Tian1 tian1 ng2 ai3 e5 shi2 bat8 chin1 | I40: =A40&CHAR(10)&B40&" --> "&C40&CHAR(10)&G40&CHAR(10)&H40 -> 39 00:03:01,000 --> 00:03:04,000 偏偏阮愛的是別人 Tian1 tian1 ng2 ai3 e5 shi2 bat8 chin1
A41: 40 | B41: 00:03:04,000 | C41: =B42 -> 00:03:06,000 | D41: =F41-E41 -> 2000 | E41: =(LEFT($B41,2)*3600 + MID($B41,4,2)*60 + MID($B41,7,2))*1000 + RIGHT($B41,3) -> 184000 | F41: =(LEFT($C41,2)*3600 + MID($C41,4,2)*60 + MID($C41,7,2))*1000 + RIGHT($C41,3) -> 186000 | G41: ='01_漢字標音'!Q43 -> 這情債 | H41: ='01_漢字標音'!R43 -> Ji2 jing5 ze3 | I41: =A41&CHAR(10)&B41&" --> "&C41&CHAR(10)&G41&CHAR(10)&H41 -> 40 00:03:04,000 --> 00:03:06,000 這情債 Ji2 jing5 ze3
A42: 41 | B42: 00:03:06,000 | C42: =B43 -> 00:03:10,000 | D42: =F42-E42 -> 4000 | E42: =(LEFT($B42,2)*3600 + MID($B42,4,2)*60 + MID($B42,7,2))*1000 + RIGHT($B42,3) -> 186000 | F42: =(LEFT($C42,2)*3600 + MID($C42,4,2)*60 + MID($C42,7,2))*1000 + RIGHT($C42,3) -> 190000 | G42: ='01_漢字標音'!Q44 -> 怎樣計較輸贏 | H42: ='01_漢字標音'!R44 -> Zainn2 inn2 ge3 gau3 su1 iann5 | I42: =A42&CHAR(10)&B42&" --> "&C42&CHAR(10)&G42&CHAR(10)&H42 -> 41 00:03:06,000 --> 00:03:10,000 怎樣計較輸贏 Zainn2 inn2 ge3 gau3 su1 iann5
A43: 42 | B43: 00:03:10,000 | C43: =B44 -> 00:03:13,000 | D43: =F43-E43 -> 3000 | E43: =(LEFT($B43,2)*3600 + MID($B43,4,2)*60 + MID($B43,7,2))*1000 + RIGHT($B43,3) -> 190000 | F43: =(LEFT($C43,2)*3600 + MID($C43,4,2)*60 + MID($C43,7,2))*1000 + RIGHT($C43,3) -> 193000 | G43: ='01_漢字標音'!Q45 -> 輕輕鬆鬆 | H43: ='01_漢字標音'!R45 -> Kin1 kin1 sang1 sang1 | I43: =A43&CHAR(10)&B43&" --> "&C43&CHAR(10)&G43&CHAR(10)&H43 -> 42 00:03:10,000 --> 00:03:13,000 輕輕鬆鬆 Kin1 kin1 sang1 sang1
A44: 43 | B44: 00:03:13,000 | C44: =B45 -> 00:03:16,000 | D44: =F44-E44 -> 3000 | E44: =(LEFT($B44,2)*3600 + MID($B44,4,2)*60 + MID($B44,7,2))*1000 + RIGHT($B44,3) -> 193000 | F44: =(LEFT($C44,2)*3600 + MID($C44,4,2)*60 + MID($C44,7,2))*1000 + RIGHT($C44,3) -> 196000 | G44: ='01_漢字標音'!Q46 -> 人生路途阮來行 | H44: ='01_漢字標音'!R46 -> Chin1 shinn1 loo7 doo5 ng2 lai5 hang5 | I44: =A44&CHAR(10)&B44&" --> "&C44&CHAR(10)&G44&CHAR(10)&H44 -> 43 00:03:13,000 --> 00:03:16,000 人生路途阮來行 Chin1 shinn1 loo7 doo5 ng2 lai5 hang5
A45: 44 | B45: 00:03:16,000 | C45: =B46 -> 00:03:18,000 | D45: =F45-E45 -> 2000 | E45: =(LEFT($B45,2)*3600 + MID($B45,4,2)*60 + MID($B45,7,2))*1000 + RIGHT($B45,3) -> 196000 | F45: =(LEFT($C45,2)*3600 + MID($C45,4,2)*60 + MID($C45,7,2))*1000 + RIGHT($C45,3) -> 198000 | G45: ='01_漢字標音'!Q47 -> 無人是應該 | H45: ='01_漢字標音'!R47 -> Bbu5 chin1 shi2 in3 gai1 | I45: =A45&CHAR(10)&B45&" --> "&C45&CHAR(10)&G45&CHAR(10)&H45 -> 44 00:03:16,000 --> 00:03:18,000 無人是應該 Bbu5 chin1 shi2 in3 gai1
A46: 45 | B46: 00:03:18,000 | C46: =B47 -> 00:03:22,000 | D46: =F46-E46 -> 4000 | E46: =(LEFT($B46,2)*3600 + MID($B46,4,2)*60 + MID($B46,7,2))*1000 + RIGHT($B46,3) -> 198000 | F46: =(LEFT($C46,2)*3600 + MID($C46,4,2)*60 + MID($C46,7,2))*1000 + RIGHT($C46,3) -> 202000 | G46: ='01_漢字標音'!Q48 -> 永遠孤單 | H46: ='01_漢字標音'!R48 -> Ing2 uan7 goo1 kia1 | I46: =A46&CHAR(10)&B46&" --> "&C46&CHAR(10)&G46&CHAR(10)&H46 -> 45 00:03:18,000 --> 00:03:22,000 永遠孤單 Ing2 uan7 goo1 kia1
... A62: 61 | B62: 00:04:03,000 | C62: =B63 -> 00:04:14,000 | D62: =F62-E62 -> 11000 | E62: =(LEFT($B62,2)*3600 + MID($B62,4,2)*60 + MID($B62,7,2))*1000 + RIGHT($B62,3) -> 243000 | F62: =(LEFT($C62,2)*3600 + MID($C62,4,2)*60 + MID($C62,7,2))*1000 + RIGHT($C62,3) -> 254000 | G62: ='01_漢字標音'!Q64 -> 怎樣計較輸贏 | H62: ='01_漢字標音'!R64 -> Zainn2 inn2 ge3 gau3 su1 iann5 | I62: =A62&CHAR(10)&B62&" --> "&C62&CHAR(10)&G62&CHAR(10)&H62 -> 61 00:04:03,000 --> 00:04:14,000 怎樣計較輸贏 Zainn2 inn2 ge3 gau3 su1 iann5
A63: End | B63: 00:04:14,000

Sheet 腳本
A1: 複製這裡的 Python，貼進 Excel 的 PY 編輯器
A2: 步驟：選 D5 或 K2 → 輸入 =PY → Tab → 貼上右欄腳本 → Ctrl+Enter → 改為 Excel 值。D5:E9 與 K2 右側／下方必須全空。
A3: 貼到哪裡 | B3: Python 腳本（整格複製） | D3: Nvim 代換 | E3: Nvim 代換
A4: SRT!D2:D62 | B4: def to_ms(v): if v is None or v == "": return 0 if hasattr(v, "hour"): return ( (v.hour * 3600 + v.minute * 60 + v.second) * 1000 + int(getattr(v, "microsecond", 0) / 1000) ) if isinstance(v, (int, float)) and not isinstance(v, bool): return float(v) text = str(v).strip() if ":" in text: h, m, rest = text.split(":") sec, ms = rest.replace(".", ",").split(",") return (int(h) * 3600 + int(m) * 60 + int(sec)) * 1000 + int(ms) return float(text.replace(",", "")) def ms_to_srt(ms): ms = int(round(float(ms))) sign = "-" if ms < 0 else "" ms = abs(ms) h, rem = divmod(ms, 3600000) mi, rem = divmod(rem, 60000) sec, milli = divmod(rem, 1000) return f"{sign}{h:02d}:{mi:02d}:{sec:02d},{milli:03d}" ms_to_srt(to_ms(xl("C2")) - to_ms(xl("B2"))) | C4: 計算 Duration 時間長度： Duration = Hide - Show | D4: :%s/\v^"(\d\+)/\1/g :%s/"$//g | E4: :%s/^"\(\d\+\)/\1/g :%s/"$//g
B5: def to_ms(v): if v is None or v == "": return 0 if hasattr(v, "hour"): return ( (v.hour * 3600 + v.minute * 60 + v.second) * 1000 + int(getattr(v, "microsecond", 0) / 1000) ) if isinstance(v, (int, float)) and not isinstance(v, bool): return float(v) text = str(v).strip() if ":" in text: h, m, rest = text.split(":") sec, ms = rest.replace(".", ",").split(",") return (int(h) * 3600 + int(m) * 60 + int(sec)) * 1000 + int(ms) return float(text.replace(",", "")) def ms_to_srt(ms): ms = int(round(float(ms))) sign = "-" if ms < 0 else "" ms = abs(ms) h, rem = divmod(ms, 3600000) mi, rem = divmod(rem, 60000) sec, milli = divmod(rem, 1000) return f"{sign}{h:02d}:{mi:02d}:{sec:02d},{milli:03d}" ms_to_srt(to_ms(xl("B2")) + to_ms(xl("D2"))) | C5: 計算 Hide 時刻 = Show + Duration

Sheet TL
A1: 編號 | B1: 顯示 | C1: 隱藏 | D1: 持續時間 （毫秒） | E1: 顯示值 （毫秒） | F1: 隱藏值 （毫秒） | G1: Text | H1: Translation | I1: 可匯出SRT
A2: 1 | B2: 00:00:00,000 | C2: =B3 -> 00:00:48,000 | D2: =F2-E2 -> 48000 | E2: =(LEFT($B2,2)*3600 + MID($B2,4,2)*60 + MID($B2,7,2))*1000 + RIGHT($B2,3) -> 0 | F2: =(LEFT($C2,2)*3600 + MID($C2,4,2)*60 + MID($C2,7,2))*1000 + RIGHT($C2,3) -> 48000 | G2: ='01_漢字標音'!Q4 -> 《海海人生》 | H2: ='01_漢字標音'!R4 -> Hai2 hai2 chin1 shinn1 | I2: =A2&CHAR(10)&B2&" --> "&C2&CHAR(10)&G2&CHAR(10)&H2 -> 1 00:00:00,000 --> 00:00:48,000 《海海人生》 Hai2 hai2 chin1 shinn1
A3: 2 | B3: 00:00:48,000 | C3: =B4 -> 00:00:50,324 | D3: =F3-E3 -> 2324 | E3: =(LEFT($B3,2)*3600 + MID($B3,4,2)*60 + MID($B3,7,2))*1000 + RIGHT($B3,3) -> 48000 | F3: =(LEFT($C3,2)*3600 + MID($C3,4,2)*60 + MID($C3,7,2))*1000 + RIGHT($C3,3) -> 50324 | G3: ='01_漢字標音'!Q5 -> 人說這心情 | H3: ='01_漢字標音'!R5 -> Chin1 seh4 ji2 shim1 jing5 | I3: =A3&CHAR(10)&B3&" --> "&C3&CHAR(10)&G3&CHAR(10)&H3 -> 2 00:00:48,000 --> 00:00:50,324 人說這心情 Chin1 seh4 ji2 shim1 jing5
A4: 3 | B4: 00:00:50,324 | C4: =B5 -> 00:00:53,920 | D4: =F4-E4 -> 3596 | E4: =(LEFT($B4,2)*3600 + MID($B4,4,2)*60 + MID($B4,7,2))*1000 + RIGHT($B4,3) -> 50324 | F4: =(LEFT($C4,2)*3600 + MID($C4,4,2)*60 + MID($C4,7,2))*1000 + RIGHT($C4,3) -> 53920 | G4: ='01_漢字標音'!Q6 -> 罕罕罕罕卡快活 | H4: ='01_漢字標音'!R6 -> Han2 han2 han2 han2 zah8 kuainn3 uah8 | I4: =A4&CHAR(10)&B4&" --> "&C4&CHAR(10)&G4&CHAR(10)&H4 -> 3 00:00:50,324 --> 00:00:53,920 罕罕罕罕卡快活 Han2 han2 han2 han2 zah8 kuainn3 uah8
A5: 4 | B5: 00:00:53,920 | C5: =B6 -> 00:00:55,000 | D5: =F5-E5 -> 1080 | E5: =(LEFT($B5,2)*3600 + MID($B5,4,2)*60 + MID($B5,7,2))*1000 + RIGHT($B5,3) -> 53920 | F5: =(LEFT($C5,2)*3600 + MID($C5,4,2)*60 + MID($C5,7,2))*1000 + RIGHT($C5,3) -> 55000 | G5: ='01_漢字標音'!Q7 -> 毋通太陰鴆 | H5: ='01_漢字標音'!R7 -> M7 tang3 tai3 im1 dim1 | I5: =A5&CHAR(10)&B5&" --> "&C5&CHAR(10)&G5&CHAR(10)&H5 -> 4 00:00:53,920 --> 00:00:55,000 毋通太陰鴆 M7 tang3 tai3 im1 dim1
A6: 5 | B6: 00:00:55,000 | C6: =B7 -> 00:00:59,000 | D6: =F6-E6 -> 4000 | E6: =(LEFT($B6,2)*3600 + MID($B6,4,2)*60 + MID($B6,7,2))*1000 + RIGHT($B6,3) -> 55000 | F6: =(LEFT($C6,2)*3600 + MID($C6,4,2)*60 + MID($C6,7,2))*1000 + RIGHT($C6,3) -> 59000 | G6: ='01_漢字標音'!Q8 -> 想著會驚 | H6: ='01_漢字標音'!R8 -> Shiunn7 diorh8 he7 giann1 | I6: =A6&CHAR(10)&B6&" --> "&C6&CHAR(10)&G6&CHAR(10)&H6 -> 5 00:00:55,000 --> 00:00:59,000 想著會驚 Shiunn7 diorh8 he7 giann1
A7: 6 | B7: 00:00:59,000 | C7: =B8 -> 00:01:01,917 | D7: =F7-E7 -> 2917 | E7: =(LEFT($B7,2)*3600 + MID($B7,4,2)*60 + MID($B7,7,2))*1000 + RIGHT($B7,3) -> 59000 | F7: =(LEFT($C7,2)*3600 + MID($C7,4,2)*60 + MID($C7,7,2))*1000 + RIGHT($C7,3) -> 61917 | G7: ='01_漢字標音'!Q9 -> 有人真古意 | H7: ='01_漢字標音'!R9 -> U7 chin1 jin1 goo2 i3 | I7: =A7&CHAR(10)&B7&" --> "&C7&CHAR(10)&G7&CHAR(10)&H7 -> 6 00:00:59,000 --> 00:01:01,917 有人真古意 U7 chin1 jin1 goo2 i3
A8: 7 | B8: 00:01:01,917 | C8: =B9 -> 00:01:04,001 | D8: =F8-E8 -> 2084 | E8: =(LEFT($B8,2)*3600 + MID($B8,4,2)*60 + MID($B8,7,2))*1000 + RIGHT($B8,3) -> 61917 | F8: =(LEFT($C8,2)*3600 + MID($C8,4,2)*60 + MID($C8,7,2))*1000 + RIGHT($C8,3) -> 64001 | G8: ='01_漢字標音'!Q10 -> 常常嘛是有人變卦 | H8: ='01_漢字標音'!R10 -> Shiunn5 shiunn5 ma01 shi2 u7 chin1 bian3 gua3 | I8: =A8&CHAR(10)&B8&" --> "&C8&CHAR(10)&G8&CHAR(10)&H8 -> 7 00:01:01,917 --> 00:01:04,001 常常嘛是有人變卦 Shiunn5 shiunn5 ma01 shi2 u7 chin1 bian3 gua3
A9: 8 | B9: 00:01:04,001 | C9: =B10 -> 00:01:07,003 | D9: =F9-E9 -> 3002 | E9: =(LEFT($B9,2)*3600 + MID($B9,4,2)*60 + MID($B9,7,2))*1000 + RIGHT($B9,3) -> 64001 | F9: =(LEFT($C9,2)*3600 + MID($C9,4,2)*60 + MID($C9,7,2))*1000 + RIGHT($C9,3) -> 67003 | G9: ='01_漢字標音'!Q11 -> 這人情怎樣 | H9: ='01_漢字標音'!R11 -> Ji2 chin1 jing5 zainn2 inn2 | I9: =A9&CHAR(10)&B9&" --> "&C9&CHAR(10)&G9&CHAR(10)&H9 -> 8 00:01:04,001 --> 00:01:07,003 這人情怎樣 Ji2 chin1 jing5 zainn2 inn2
A10: 9 | B10: 00:01:07,003 | C10: =B11 -> 00:01:11,006 | D10: =F10-E10 -> 4003 | E10: =(LEFT($B10,2)*3600 + MID($B10,4,2)*60 + MID($B10,7,2))*1000 + RIGHT($B10,3) -> 67003 | F10: =(LEFT($C10,2)*3600 + MID($C10,4,2)*60 + MID($C10,7,2))*1000 + RIGHT($C10,3) -> 71006 | G10: ='01_漢字標音'!Q12 -> 才看會破 | H10: ='01_漢字標音'!R12 -> Zai5 kuann3 he7 por3 | I10: =A10&CHAR(10)&B10&" --> "&C10&CHAR(10)&G10&CHAR(10)&H10 -> 9 00:01:07,003 --> 00:01:11,006 才看會破 Zai5 kuann3 he7 por3
A11: 10 | B11: 00:01:11,006 | C11: =B12 -> 00:01:13,010 | D11: =F11-E11 -> 2004 | E11: =(LEFT($B11,2)*3600 + MID($B11,4,2)*60 + MID($B11,7,2))*1000 + RIGHT($B11,3) -> 71006 | F11: =(LEFT($C11,2)*3600 + MID($C11,4,2)*60 + MID($C11,7,2))*1000 + RIGHT($C11,3) -> 73010 | G11: ='01_漢字標音'!Q13 -> 人說這人生 | H11: ='01_漢字標音'!R13 -> Chin1 seh4 ji2 chin1 shinn1 | I11: =A11&CHAR(10)&B11&" --> "&C11&CHAR(10)&G11&CHAR(10)&H11 -> 10 00:01:11,006 --> 00:01:13,010 人說這人生 Chin1 seh4 ji2 chin1 shinn1
A12: 11 | B12: 00:01:13,010 | C12: =B13 -> 00:01:16,015 | D12: =F12-E12 -> 3005 | E12: =(LEFT($B12,2)*3600 + MID($B12,4,2)*60 + MID($B12,7,2))*1000 + RIGHT($B12,3) -> 73010 | F12: =(LEFT($C12,2)*3600 + MID($C12,4,2)*60 + MID($C12,7,2))*1000 + RIGHT($C12,3) -> 76015 | G12: ='01_漢字標音'!Q14 -> 海海海海路好行 | H12: ='01_漢字標音'!R14 -> Hai2 hai2 hai2 hai2 loo7 haunn3 hang5 | I12: =A12&CHAR(10)&B12&" --> "&C12&CHAR(10)&G12&CHAR(10)&H12 -> 11 00:01:13,010 --> 00:01:16,015 海海海海路好行 Hai2 hai2 hai2 hai2 loo7 haunn3 hang5
A13: 12 | B13: 00:01:16,015 | C13: =B14 -> 00:01:18,021 | D13: =F13-E13 -> 2006 | E13: =(LEFT($B13,2)*3600 + MID($B13,4,2)*60 + MID($B13,7,2))*1000 + RIGHT($B13,3) -> 76015 | F13: =(LEFT($C13,2)*3600 + MID($C13,4,2)*60 + MID($C13,7,2))*1000 + RIGHT($C13,3) -> 78021 | G13: ='01_漢字標音'!Q15 -> 毋通越頭望 | H13: ='01_漢字標音'!R15 -> M7 tang3 uat8 tau5 bbang7 | I13: =A13&CHAR(10)&B13&" --> "&C13&CHAR(10)&G13&CHAR(10)&H13 -> 12 00:01:16,015 --> 00:01:18,021 毋通越頭望 M7 tang3 uat8 tau5 bbang7
... A28: 27 | B28: 00:01:58,210 | C28: =B29 -> 00:02:02,231 | D28: =F28-E28 -> 4021 | E28: =(LEFT($B28,2)*3600 + MID($B28,4,2)*60 + MID($B28,7,2))*1000 + RIGHT($B28,3) -> 118210 | F28: =(LEFT($C28,2)*3600 + MID($C28,4,2)*60 + MID($C28,7,2))*1000 + RIGHT($C28,3) -> 122231 | G28: ='01_漢字標音'!Q30 -> 海海海海路好行 | H28: ='01_漢字標音'!R30 -> Hai2 hai2 hai2 hai2 loo7 haunn3 hang5 | I28: =A28&CHAR(10)&B28&" --> "&C28&CHAR(10)&G28&CHAR(10)&H28 -> 27 00:01:58,210 --> 00:02:02,231 海海海海路好行 Hai2 hai2 hai2 hai2 loo7 haunn3 hang5
A29: 28 | B29: 00:02:02,231 | C29: =B30 -> 00:02:04,253 | D29: =F29-E29 -> 2022 | E29: =(LEFT($B29,2)*3600 + MID($B29,4,2)*60 + MID($B29,7,2))*1000 + RIGHT($B29,3) -> 122231 | F29: =(LEFT($C29,2)*3600 + MID($C29,4,2)*60 + MID($C29,7,2))*1000 + RIGHT($C29,3) -> 124253 | G29: 毋通越頭望 | H29: M̄-thang ua̍t-thâu bāng | I29: =A29&CHAR(10)&B29&" --> "&C29&CHAR(10)&G29&CHAR(10)&H29 -> 28 00:02:02,231 --> 00:02:04,253 毋通越頭望 M̄-thang ua̍t-thâu bāng
A30: 29 | B30: 00:02:04,253 | C30: =B31 -> 00:02:08,276 | D30: =F30-E30 -> 4023 | E30: =(LEFT($B30,2)*3600 + MID($B30,4,2)*60 + MID($B30,7,2))*1000 + RIGHT($B30,3) -> 124253 | F30: =(LEFT($C30,2)*3600 + MID($C30,4,2)*60 + MID($C30,7,2))*1000 + RIGHT($C30,3) -> 128276 | G30: 望著會茫 | H30: Bāng-tio̍h ē bâng | I30: =A30&CHAR(10)&B30&" --> "&C30&CHAR(10)&G30&CHAR(10)&H30 -> 29 00:02:04,253 --> 00:02:08,276 望著會茫 Bāng-tio̍h ē bâng
A31: 30 | B31: 00:02:08,276 | C31: =B32 -> 00:02:10,300 | D31: =F31-E31 -> 2024 | E31: =(LEFT($B31,2)*3600 + MID($B31,4,2)*60 + MID($B31,7,2))*1000 + RIGHT($B31,3) -> 128276 | F31: =(LEFT($C31,2)*3600 + MID($C31,4,2)*60 + MID($C31,7,2))*1000 + RIGHT($C31,3) -> 130300 | G31: 有人愛著阮 | H31: Ū lâng ài-tio̍h gún | I31: =A31&CHAR(10)&B31&" --> "&C31&CHAR(10)&G31&CHAR(10)&H31 -> 30 00:02:08,276 --> 00:02:10,300 有人愛著阮 Ū lâng ài-tio̍h gún
A32: 31 | B32: 00:02:10,300 | C32: =B33 -> 00:02:13,325 | D32: =F32-E32 -> 3025 | E32: =(LEFT($B32,2)*3600 + MID($B32,4,2)*60 + MID($B32,7,2))*1000 + RIGHT($B32,3) -> 130300 | F32: =(LEFT($C32,2)*3600 + MID($C32,4,2)*60 + MID($C32,7,2))*1000 + RIGHT($C32,3) -> 133325 | G32: 偏偏阮愛的是別人 | H32: Phian-phian gún ài--ê sī pa̍t-lâng | I32: =A32&CHAR(10)&B32&" --> "&C32&CHAR(10)&G32&CHAR(10)&H32 -> 31 00:02:10,300 --> 00:02:13,325 偏偏阮愛的是別人 Phian-phian gún ài--ê sī pa̍t-lâng
A33: 32 | B33: 00:02:13,325 | C33: =B34 -> 00:02:14,351 | D33: =F33-E33 -> 1026 | E33: =(LEFT($B33,2)*3600 + MID($B33,4,2)*60 + MID($B33,7,2))*1000 + RIGHT($B33,3) -> 133325 | F33: =(LEFT($C33,2)*3600 + MID($C33,4,2)*60 + MID($C33,7,2))*1000 + RIGHT($C33,3) -> 134351 | G33: 這情債 | H33: Tsé tsîng-tsè | I33: =A33&CHAR(10)&B33&" --> "&C33&CHAR(10)&G33&CHAR(10)&H33 -> 32 00:02:13,325 --> 00:02:14,351 這情債 Tsé tsîng-tsè
A34: 33 | B34: 00:02:14,351 | C34: 00:02:22,000 | D34: =F34-E34 -> 7649 | E34: =(LEFT($B34,2)*3600 + MID($B34,4,2)*60 + MID($B34,7,2))*1000 + RIGHT($B34,3) -> 134351 | F34: =(LEFT($C34,2)*3600 + MID($C34,4,2)*60 + MID($C34,7,2))*1000 + RIGHT($C34,3) -> 142000 | G34: 怎樣計較輸贏 | H34: Tsuánn-iūnn kè-kàu su-iânn | I34: =A34&CHAR(10)&B34&" --> "&C34&CHAR(10)&G34&CHAR(10)&H34 -> 33 00:02:14,351 --> 00:02:22,000 怎樣計較輸贏 Tsuánn-iūnn kè-kàu su-iânn
A35: 34 | B35: 00:02:48,000 | C35: =B36 -> 00:02:50,406 | D35: =F35-E35 -> 2406 | E35: =(LEFT($B35,2)*3600 + MID($B35,4,2)*60 + MID($B35,7,2))*1000 + RIGHT($B35,3) -> 168000 | F35: =(LEFT($C35,2)*3600 + MID($C35,4,2)*60 + MID($C35,7,2))*1000 + RIGHT($C35,3) -> 170406 | G35: 人說這人生 | H35: Lâng kóng tsé jîn-sing | I35: =A35&CHAR(10)&B35&" --> "&C35&CHAR(10)&G35&CHAR(10)&H35 -> 34 00:02:48,000 --> 00:02:50,406 人說這人生 Lâng kóng tsé jîn-sing
A36: 35 | B36: 00:02:50,406 | C36: =B37 -> 00:02:53,435 | D36: =F36-E36 -> 3029 | E36: =(LEFT($B36,2)*3600 + MID($B36,4,2)*60 + MID($B36,7,2))*1000 + RIGHT($B36,3) -> 170406 | F36: =(LEFT($C36,2)*3600 + MID($C36,4,2)*60 + MID($C36,7,2))*1000 + RIGHT($C36,3) -> 173435 | G36: 海海海海路好行 | H36: Hái-hái hái-hái lōo hó-kiânn | I36: =A36&CHAR(10)&B36&" --> "&C36&CHAR(10)&G36&CHAR(10)&H36 -> 35 00:02:50,406 --> 00:02:53,435 海海海海路好行 Hái-hái hái-hái lōo hó-kiânn
A37: 36 | B37: 00:02:53,435 | C37: =B38 -> 00:02:56,000 | D37: =F37-E37 -> 2565 | E37: =(LEFT($B37,2)*3600 + MID($B37,4,2)*60 + MID($B37,7,2))*1000 + RIGHT($B37,3) -> 173435 | F37: =(LEFT($C37,2)*3600 + MID($C37,4,2)*60 + MID($C37,7,2))*1000 + RIGHT($C37,3) -> 176000 | G37: 毋通越頭望 | H37: M̄-thang ua̍t-thâu bāng | I37: =A37&CHAR(10)&B37&" --> "&C37&CHAR(10)&G37&CHAR(10)&H37 -> 36 00:02:53,435 --> 00:02:56,000 毋通越頭望 M̄-thang ua̍t-thâu bāng
A38: 37 | B38: 00:02:56,000 | C38: =B39 -> 00:02:59,000 | D38: =F38-E38 -> 3000 | E38: =(LEFT($B38,2)*3600 + MID($B38,4,2)*60 + MID($B38,7,2))*1000 + RIGHT($B38,3) -> 176000 | F38: =(LEFT($C38,2)*3600 + MID($C38,4,2)*60 + MID($C38,7,2))*1000 + RIGHT($C38,3) -> 179000 | G38: 望著會茫 | H38: Bāng-tio̍h ē bâng | I38: =A38&CHAR(10)&B38&" --> "&C38&CHAR(10)&G38&CHAR(10)&H38 -> 37 00:02:56,000 --> 00:02:59,000 望著會茫 Bāng-tio̍h ē bâng
A39: 38 | B39: 00:02:59,000 | C39: =B40 -> 00:03:01,000 | D39: =F39-E39 -> 2000 | E39: =(LEFT($B39,2)*3600 + MID($B39,4,2)*60 + MID($B39,7,2))*1000 + RIGHT($B39,3) -> 179000 | F39: =(LEFT($C39,2)*3600 + MID($C39,4,2)*60 + MID($C39,7,2))*1000 + RIGHT($C39,3) -> 181000 | G39: 有人愛著阮 | H39: Ū lâng ài-tio̍h gún | I39: =A39&CHAR(10)&B39&" --> "&C39&CHAR(10)&G39&CHAR(10)&H39 -> 38 00:02:59,000 --> 00:03:01,000 有人愛著阮 Ū lâng ài-tio̍h gún
A40: 39 | B40: 00:03:01,000 | C40: =B41 -> 00:03:04,000 | D40: =F40-E40 -> 3000 | E40: =(LEFT($B40,2)*3600 + MID($B40,4,2)*60 + MID($B40,7,2))*1000 + RIGHT($B40,3) -> 181000 | F40: =(LEFT($C40,2)*3600 + MID($C40,4,2)*60 + MID($C40,7,2))*1000 + RIGHT($C40,3) -> 184000 | G40: 偏偏阮愛的是別人 | H40: Phian-phian gún ài--ê sī pa̍t-lâng | I40: =A40&CHAR(10)&B40&" --> "&C40&CHAR(10)&G40&CHAR(10)&H40 -> 39 00:03:01,000 --> 00:03:04,000 偏偏阮愛的是別人 Phian-phian gún ài--ê sī pa̍t-lâng
A41: 40 | B41: 00:03:04,000 | C41: =B42 -> 00:03:06,000 | D41: =F41-E41 -> 2000 | E41: =(LEFT($B41,2)*3600 + MID($B41,4,2)*60 + MID($B41,7,2))*1000 + RIGHT($B41,3) -> 184000 | F41: =(LEFT($C41,2)*3600 + MID($C41,4,2)*60 + MID($C41,7,2))*1000 + RIGHT($C41,3) -> 186000 | G41: 這情債 | H41: Tsé tsîng-tsè | I41: =A41&CHAR(10)&B41&" --> "&C41&CHAR(10)&G41&CHAR(10)&H41 -> 40 00:03:04,000 --> 00:03:06,000 這情債 Tsé tsîng-tsè
A42: 41 | B42: 00:03:06,000 | C42: =B43 -> 00:03:10,000 | D42: =F42-E42 -> 4000 | E42: =(LEFT($B42,2)*3600 + MID($B42,4,2)*60 + MID($B42,7,2))*1000 + RIGHT($B42,3) -> 186000 | F42: =(LEFT($C42,2)*3600 + MID($C42,4,2)*60 + MID($C42,7,2))*1000 + RIGHT($C42,3) -> 190000 | G42: 怎樣計較輸贏 | H42: Tsuánn-iūnn kè-kàu su-iânn | I42: =A42&CHAR(10)&B42&" --> "&C42&CHAR(10)&G42&CHAR(10)&H42 -> 41 00:03:06,000 --> 00:03:10,000 怎樣計較輸贏 Tsuánn-iūnn kè-kàu su-iânn
A43: 42 | B43: 00:03:10,000 | C43: =B44 -> 00:03:13,000 | D43: =F43-E43 -> 3000 | E43: =(LEFT($B43,2)*3600 + MID($B43,4,2)*60 + MID($B43,7,2))*1000 + RIGHT($B43,3) -> 190000 | F43: =(LEFT($C43,2)*3600 + MID($C43,4,2)*60 + MID($C43,7,2))*1000 + RIGHT($C43,3) -> 193000 | G43: 輕輕鬆鬆 | H43: Khin-khin sang-sang | I43: =A43&CHAR(10)&B43&" --> "&C43&CHAR(10)&G43&CHAR(10)&H43 -> 42 00:03:10,000 --> 00:03:13,000 輕輕鬆鬆 Khin-khin sang-sang
A44: 43 | B44: 00:03:13,000 | C44: =B45 -> 00:03:16,000 | D44: =F44-E44 -> 3000 | E44: =(LEFT($B44,2)*3600 + MID($B44,4,2)*60 + MID($B44,7,2))*1000 + RIGHT($B44,3) -> 193000 | F44: =(LEFT($C44,2)*3600 + MID($C44,4,2)*60 + MID($C44,7,2))*1000 + RIGHT($C44,3) -> 196000 | G44: 人生路途阮來行 | H44: Jîn-sing lōo-tôo gún lâi kiânn | I44: =A44&CHAR(10)&B44&" --> "&C44&CHAR(10)&G44&CHAR(10)&H44 -> 43 00:03:13,000 --> 00:03:16,000 人生路途阮來行 Jîn-sing lōo-tôo gún lâi kiânn
A45: 44 | B45: 00:03:16,000 | C45: =B46 -> 00:03:18,000 | D45: =F45-E45 -> 2000 | E45: =(LEFT($B45,2)*3600 + MID($B45,4,2)*60 + MID($B45,7,2))*1000 + RIGHT($B45,3) -> 196000 | F45: =(LEFT($C45,2)*3600 + MID($C45,4,2)*60 + MID($C45,7,2))*1000 + RIGHT($C45,3) -> 198000 | G45: 無人是應該 | H45: Bô lâng sī ing-kai | I45: =A45&CHAR(10)&B45&" --> "&C45&CHAR(10)&G45&CHAR(10)&H45 -> 44 00:03:16,000 --> 00:03:18,000 無人是應該 Bô lâng sī ing-kai
A46: 45 | B46: 00:03:18,000 | C46: =B47 -> 00:03:22,000 | D46: =F46-E46 -> 4000 | E46: =(LEFT($B46,2)*3600 + MID($B46,4,2)*60 + MID($B46,7,2))*1000 + RIGHT($B46,3) -> 198000 | F46: =(LEFT($C46,2)*3600 + MID($C46,4,2)*60 + MID($C46,7,2))*1000 + RIGHT($C46,3) -> 202000 | G46: 永遠孤單 | H46: Íng-uán koo-tuann | I46: =A46&CHAR(10)&B46&" --> "&C46&CHAR(10)&G46&CHAR(10)&H46 -> 45 00:03:18,000 --> 00:03:22,000 永遠孤單 Íng-uán koo-tuann
... A62: 61 | B62: 00:04:03,000 | C62: =B63 -> 00:04:14,000 | D62: =F62-E62 -> 11000 | E62: =(LEFT($B62,2)*3600 + MID($B62,4,2)*60 + MID($B62,7,2))*1000 + RIGHT($B62,3) -> 243000 | F62: =(LEFT($C62,2)*3600 + MID($C62,4,2)*60 + MID($C62,7,2))*1000 + RIGHT($C62,3) -> 254000 | G62: 怎樣計較輸贏 | H62: Tsuánn-iūnn kè-kàu su-iânn | I62: =A62&CHAR(10)&B62&" --> "&C62&CHAR(10)&G62&CHAR(10)&H62 -> 61 00:04:03,000 --> 00:04:14,000 怎樣計較輸贏 Tsuánn-iūnn kè-kàu su-iânn
A63: End | B63: 00:04:14,000

Sheet BPM2
F1: 下一個編號的 Show 時刻 | N1: 計算此編號的 Hide 時刻 ==》 Hide Value = Show Value + Duration
A3: 編號 | B3: 顯示時刻 | C3: 隱藏時刻 | D3: 持續時間 （秒） | E3: 到下個顯示時刻時長 （秒） | F3: 顯示時刻值（毫秒） | G3: 次顯示時刻值 （毫秒） | H3: 時 | I3: 分 | J3: 秒 | K3: 毫秒 | L3: 隱藏時刻值 （毫秒） | M3: 時 | N3: 分 | O3: 秒 | P3: 毫秒 | Q3: Text | R3: Translation
A4: 1 | B4: 00:00:00,000 | C4: =M4 & ":" & N4 & ":" & O4 & "," & P4 -> 00:00:20,000 | D4: 20 | E4: 25 | F4: =(LEFT($B4,2)*3600 + MID($B4,4,2)*60 + MID($B4,7,2))*1000 + RIGHT($B4,3) -> 0 | G4: =F4+(E4*1000) -> 25000 | H4: =TEXT(QUOTIENT(G4,3600000),"00") -> 00 | I4: =TEXT(QUOTIENT(MOD(G4,3600000),60000),"00") -> 00 | J4: =TEXT(QUOTIENT(MOD(G4,60000),1000),"00") -> 25 | K4: =TEXT(MOD(G4,1000),"000") -> 000 | L4: =F4+(D4*1000) -> 20000 | M4: =TEXT(QUOTIENT(L4,3600000),"00") -> 00 | N4: =TEXT(QUOTIENT(MOD(L4,3600000),60000),"00") -> 00 | O4: =TEXT(QUOTIENT(MOD(L4,60000),1000),"00") -> 20 | P4: =TEXT(MOD(L4,1000),"000") -> 000 | Q4: 《海海人生》 | R4: Hai2 hai2 chin1 shinn1
A5: 2 | B5: =H4 & ":" & I4 & ":" & J4 & "," & K4 -> 00:00:25,000 | C5: =M5 & ":" & N5 & ":" & O5 & "," & P5 -> 00:00:27,000 | D5: 2 | E5: 5 | F5: =(LEFT($B5,2)*3600 + MID($B5,4,2)*60 + MID($B5,7,2))*1000 + RIGHT($B5,3) -> 25000 | G5: =F5+(E5*1000) -> 30000 | H5: =TEXT(QUOTIENT(G5,3600000),"00") -> 00 | I5: =TEXT(QUOTIENT(MOD(G5,3600000),60000),"00") -> 00 | J5: =TEXT(QUOTIENT(MOD(G5,60000),1000),"00") -> 30 | K5: =TEXT(MOD(G5,1000),"000") -> 000 | L5: =F5+(D5*1000) -> 27000 | M5: =TEXT(QUOTIENT(L5,3600000),"00") -> 00 | N5: =TEXT(QUOTIENT(MOD(L5,3600000),60000),"00") -> 00 | O5: =TEXT(QUOTIENT(MOD(L5,60000),1000),"00") -> 27 | P5: =TEXT(MOD(L5,1000),"000") -> 000 | Q5: 人說這心情 | R5: Chin1 seh4 ji2 shim1 jing5
A6: 3 | B6: =H5 & ":" & I5 & ":" & J5 & "," & K5 -> 00:00:30,000 | C6: =M6 & ":" & N6 & ":" & O6 & "," & P6 -> 00:00:32,000 | D6: 2 | E6: 5 | F6: =(LEFT($B6,2)*3600 + MID($B6,4,2)*60 + MID($B6,7,2))*1000 + RIGHT($B6,3) -> 30000 | G6: =F6+(E6*1000) -> 35000 | H6: =TEXT(QUOTIENT(G6,3600000),"00") -> 00 | I6: =TEXT(QUOTIENT(MOD(G6,3600000),60000),"00") -> 00 | J6: =TEXT(QUOTIENT(MOD(G6,60000),1000),"00") -> 35 | K6: =TEXT(MOD(G6,1000),"000") -> 000 | L6: =F6+(D6*1000) -> 32000 | M6: =TEXT(QUOTIENT(L6,3600000),"00") -> 00 | N6: =TEXT(QUOTIENT(MOD(L6,3600000),60000),"00") -> 00 | O6: =TEXT(QUOTIENT(MOD(L6,60000),1000),"00") -> 32 | P6: =TEXT(MOD(L6,1000),"000") -> 000 | Q6: 罕罕罕罕卡快活 | R6: Han2 han2 han2 han2 zah8 kuainn3 uah8
A7: 4 | B7: =H6 & ":" & I6 & ":" & J6 & "," & K6 -> 00:00:35,000 | C7: =M7 & ":" & N7 & ":" & O7 & "," & P7 -> 00:00:37,000 | D7: 2 | E7: 5 | F7: =(LEFT($B7,2)*3600 + MID($B7,4,2)*60 + MID($B7,7,2))*1000 + RIGHT($B7,3) -> 35000 | G7: =F7+(E7*1000) -> 40000 | H7: =TEXT(QUOTIENT(G7,3600000),"00") -> 00 | I7: =TEXT(QUOTIENT(MOD(G7,3600000),60000),"00") -> 00 | J7: =TEXT(QUOTIENT(MOD(G7,60000),1000),"00") -> 40 | K7: =TEXT(MOD(G7,1000),"000") -> 000 | L7: =F7+(D7*1000) -> 37000 | M7: =TEXT(QUOTIENT(L7,3600000),"00") -> 00 | N7: =TEXT(QUOTIENT(MOD(L7,3600000),60000),"00") -> 00 | O7: =TEXT(QUOTIENT(MOD(L7,60000),1000),"00") -> 37 | P7: =TEXT(MOD(L7,1000),"000") -> 000 | Q7: 毋通太陰鴆 | R7: M7 tang3 tai3 im1 dim1
A8: 5 | B8: =H7 & ":" & I7 & ":" & J7 & "," & K7 -> 00:00:40,000 | C8: =M8 & ":" & N8 & ":" & O8 & "," & P8 -> 00:00:42,000 | D8: 2 | E8: 5 | F8: =(LEFT($B8,2)*3600 + MID($B8,4,2)*60 + MID($B8,7,2))*1000 + RIGHT($B8,3) -> 40000 | G8: =F8+(E8*1000) -> 45000 | H8: =TEXT(QUOTIENT(G8,3600000),"00") -> 00 | I8: =TEXT(QUOTIENT(MOD(G8,3600000),60000),"00") -> 00 | J8: =TEXT(QUOTIENT(MOD(G8,60000),1000),"00") -> 45 | K8: =TEXT(MOD(G8,1000),"000") -> 000 | L8: =F8+(D8*1000) -> 42000 | M8: =TEXT(QUOTIENT(L8,3600000),"00") -> 00 | N8: =TEXT(QUOTIENT(MOD(L8,3600000),60000),"00") -> 00 | O8: =TEXT(QUOTIENT(MOD(L8,60000),1000),"00") -> 42 | P8: =TEXT(MOD(L8,1000),"000") -> 000 | Q8: 想著會驚 | R8: Shiunn7 diorh8 he7 giann1
A9: 6 | B9: =H8 & ":" & I8 & ":" & J8 & "," & K8 -> 00:00:45,000 | C9: =M9 & ":" & N9 & ":" & O9 & "," & P9 -> 00:00:47,000 | D9: 2 | E9: 5 | F9: =(LEFT($B9,2)*3600 + MID($B9,4,2)*60 + MID($B9,7,2))*1000 + RIGHT($B9,3) -> 45000 | G9: =F9+(E9*1000) -> 50000 | H9: =TEXT(QUOTIENT(G9,3600000),"00") -> 00 | I9: =TEXT(QUOTIENT(MOD(G9,3600000),60000),"00") -> 00 | J9: =TEXT(QUOTIENT(MOD(G9,60000),1000),"00") -> 50 | K9: =TEXT(MOD(G9,1000),"000") -> 000 | L9: =F9+(D9*1000) -> 47000 | M9: =TEXT(QUOTIENT(L9,3600000),"00") -> 00 | N9: =TEXT(QUOTIENT(MOD(L9,3600000),60000),"00") -> 00 | O9: =TEXT(QUOTIENT(MOD(L9,60000),1000),"00") -> 47 | P9: =TEXT(MOD(L9,1000),"000") -> 000 | Q9: 有人真古意 | R9: U7 chin1 jin1 goo2 i3
A10: 7 | B10: =H9 & ":" & I9 & ":" & J9 & "," & K9 -> 00:00:50,000 | C10: =M10 & ":" & N10 & ":" & O10 & "," & P10 -> 00:00:52,000 | D10: 2 | E10: 5 | F10: =(LEFT($B10,2)*3600 + MID($B10,4,2)*60 + MID($B10,7,2))*1000 + RIGHT($B10,3) -> 50000 | G10: =F10+(E10*1000) -> 55000 | H10: =TEXT(QUOTIENT(G10,3600000),"00") -> 00 | I10: =TEXT(QUOTIENT(MOD(G10,3600000),60000),"00") -> 00 | J10: =TEXT(QUOTIENT(MOD(G10,60000),1000),"00") -> 55 | K10: =TEXT(MOD(G10,1000),"000") -> 000 | L10: =F10+(D10*1000) -> 52000 | M10: =TEXT(QUOTIENT(L10,3600000),"00") -> 00 | N10: =TEXT(QUOTIENT(MOD(L10,3600000),60000),"00") -> 00 | O10: =TEXT(QUOTIENT(MOD(L10,60000),1000),"00") -> 52 | P10: =TEXT(MOD(L10,1000),"000") -> 000 | Q10: 常常嘛是有人變卦 | R10: Shiunn5 shiunn5 ma01 shi2 u7 chin1 bian3 gua3
A11: 8 | B11: =H10 & ":" & I10 & ":" & J10 & "," & K10 -> 00:00:55,000 | C11: =M11 & ":" & N11 & ":" & O11 & "," & P11 -> 00:00:57,000 | D11: 2 | E11: 5 | F11: =(LEFT($B11,2)*3600 + MID($B11,4,2)*60 + MID($B11,7,2))*1000 + RIGHT($B11,3) -> 55000 | G11: =F11+(E11*1000) -> 60000 | H11: =TEXT(QUOTIENT(G11,3600000),"00") -> 00 | I11: =TEXT(QUOTIENT(MOD(G11,3600000),60000),"00") -> 01 | J11: =TEXT(QUOTIENT(MOD(G11,60000),1000),"00") -> 00 | K11: =TEXT(MOD(G11,1000),"000") -> 000 | L11: =F11+(D11*1000) -> 57000 | M11: =TEXT(QUOTIENT(L11,3600000),"00") -> 00 | N11: =TEXT(QUOTIENT(MOD(L11,3600000),60000),"00") -> 00 | O11: =TEXT(QUOTIENT(MOD(L11,60000),1000),"00") -> 57 | P11: =TEXT(MOD(L11,1000),"000") -> 000 | Q11: 這人情怎樣 | R11: Ji2 chin1 jing5 zainn2 inn2
A12: 9 | B12: =H11 & ":" & I11 & ":" & J11 & "," & K11 -> 00:01:00,000 | C12: =M12 & ":" & N12 & ":" & O12 & "," & P12 -> 00:01:02,000 | D12: 2 | E12: 5 | F12: =(LEFT($B12,2)*3600 + MID($B12,4,2)*60 + MID($B12,7,2))*1000 + RIGHT($B12,3) -> 60000 | G12: =F12+(E12*1000) -> 65000 | H12: =TEXT(QUOTIENT(G12,3600000),"00") -> 00 | I12: =TEXT(QUOTIENT(MOD(G12,3600000),60000),"00") -> 01 | J12: =TEXT(QUOTIENT(MOD(G12,60000),1000),"00") -> 05 | K12: =TEXT(MOD(G12,1000),"000") -> 000 | L12: =F12+(D12*1000) -> 62000 | M12: =TEXT(QUOTIENT(L12,3600000),"00") -> 00 | N12: =TEXT(QUOTIENT(MOD(L12,3600000),60000),"00") -> 01 | O12: =TEXT(QUOTIENT(MOD(L12,60000),1000),"00") -> 02 | P12: =TEXT(MOD(L12,1000),"000") -> 000 | Q12: 才看會破 | R12: Zai5 kuann3 he7 por3
A13: 10 | B13: =H12 & ":" & I12 & ":" & J12 & "," & K12 -> 00:01:05,000 | C13: =M13 & ":" & N13 & ":" & O13 & "," & P13 -> 00:01:07,000 | D13: 2 | E13: 5 | F13: =(LEFT($B13,2)*3600 + MID($B13,4,2)*60 + MID($B13,7,2))*1000 + RIGHT($B13,3) -> 65000 | G13: =F13+(E13*1000) -> 70000 | H13: =TEXT(QUOTIENT(G13,3600000),"00") -> 00 | I13: =TEXT(QUOTIENT(MOD(G13,3600000),60000),"00") -> 01 | J13: =TEXT(QUOTIENT(MOD(G13,60000),1000),"00") -> 10 | K13: =TEXT(MOD(G13,1000),"000") -> 000 | L13: =F13+(D13*1000) -> 67000 | M13: =TEXT(QUOTIENT(L13,3600000),"00") -> 00 | N13: =TEXT(QUOTIENT(MOD(L13,3600000),60000),"00") -> 01 | O13: =TEXT(QUOTIENT(MOD(L13,60000),1000),"00") -> 07 | P13: =TEXT(MOD(L13,1000),"000") -> 000 | Q13: 人說這人生 | R13: Chin1 seh4 ji2 chin1 shinn1
A14: 11 | B14: =H13 & ":" & I13 & ":" & J13 & "," & K13 -> 00:01:10,000 | C14: =M14 & ":" & N14 & ":" & O14 & "," & P14 -> 00:01:12,000 | D14: 2 | E14: 5 | F14: =(LEFT($B14,2)*3600 + MID($B14,4,2)*60 + MID($B14,7,2))*1000 + RIGHT($B14,3) -> 70000 | G14: =F14+(E14*1000) -> 75000 | H14: =TEXT(QUOTIENT(G14,3600000),"00") -> 00 | I14: =TEXT(QUOTIENT(MOD(G14,3600000),60000),"00") -> 01 | J14: =TEXT(QUOTIENT(MOD(G14,60000),1000),"00") -> 15 | K14: =TEXT(MOD(G14,1000),"000") -> 000 | L14: =F14+(D14*1000) -> 72000 | M14: =TEXT(QUOTIENT(L14,3600000),"00") -> 00 | N14: =TEXT(QUOTIENT(MOD(L14,3600000),60000),"00") -> 01 | O14: =TEXT(QUOTIENT(MOD(L14,60000),1000),"00") -> 12 | P14: =TEXT(MOD(L14,1000),"000") -> 000 | Q14: 海海海海路好行 | R14: Hai2 hai2 hai2 hai2 loo7 haunn3 hang5
A15: 12 | B15: =H14 & ":" & I14 & ":" & J14 & "," & K14 -> 00:01:15,000 | C15: =M15 & ":" & N15 & ":" & O15 & "," & P15 -> 00:01:17,000 | D15: 2 | E15: 5 | F15: =(LEFT($B15,2)*3600 + MID($B15,4,2)*60 + MID($B15,7,2))*1000 + RIGHT($B15,3) -> 75000 | G15: =F15+(E15*1000) -> 80000 | H15: =TEXT(QUOTIENT(G15,3600000),"00") -> 00 | I15: =TEXT(QUOTIENT(MOD(G15,3600000),60000),"00") -> 01 | J15: =TEXT(QUOTIENT(MOD(G15,60000),1000),"00") -> 20 | K15: =TEXT(MOD(G15,1000),"000") -> 000 | L15: =F15+(D15*1000) -> 77000 | M15: =TEXT(QUOTIENT(L15,3600000),"00") -> 00 | N15: =TEXT(QUOTIENT(MOD(L15,3600000),60000),"00") -> 01 | O15: =TEXT(QUOTIENT(MOD(L15,60000),1000),"00") -> 17 | P15: =TEXT(MOD(L15,1000),"000") -> 000 | Q15: 毋通越頭望 | R15: M7 tang3 uat8 tau5 bbang7
A16: 13 | B16: =H15 & ":" & I15 & ":" & J15 & "," & K15 -> 00:01:20,000 | C16: =M16 & ":" & N16 & ":" & O16 & "," & P16 -> 00:01:22,000 | D16: 2 | E16: 5 | F16: =(LEFT($B16,2)*3600 + MID($B16,4,2)*60 + MID($B16,7,2))*1000 + RIGHT($B16,3) -> 80000 | G16: =F16+(E16*1000) -> 85000 | H16: =TEXT(QUOTIENT(G16,3600000),"00") -> 00 | I16: =TEXT(QUOTIENT(MOD(G16,3600000),60000),"00") -> 01 | J16: =TEXT(QUOTIENT(MOD(G16,60000),1000),"00") -> 25 | K16: =TEXT(MOD(G16,1000),"000") -> 000 | L16: =F16+(D16*1000) -> 82000 | M16: =TEXT(QUOTIENT(L16,3600000),"00") -> 00 | N16: =TEXT(QUOTIENT(MOD(L16,3600000),60000),"00") -> 01 | O16: =TEXT(QUOTIENT(MOD(L16,60000),1000),"00") -> 22 | P16: =TEXT(MOD(L16,1000),"000") -> 000 | Q16: 望著會茫 | R16: Bbang7 diorh8 he7 bbong5
... A64: 61 | B64: =H63 & ":" & I63 & ":" & J63 & "," & K63 -> 00:05:20,000 | C64: =M64 & ":" & N64 & ":" & O64 & "," & P64 -> 00:05:22,000 | D64: 2 | E64: 5 | F64: =(LEFT($B64,2)*3600 + MID($B64,4,2)*60 + MID($B64,7,2))*1000 + RIGHT($B64,3) -> 320000 | G64: =F64+(E64*1000) -> 325000 | H64: =TEXT(QUOTIENT(G64,3600000),"00") -> 00 | I64: =TEXT(QUOTIENT(MOD(G64,3600000),60000),"00") -> 05 | J64: =TEXT(QUOTIENT(MOD(G64,60000),1000),"00") -> 25 | K64: =TEXT(MOD(G64,1000),"000") -> 000 | L64: =F64+(D64*1000) -> 322000 | M64: =TEXT(QUOTIENT(L64,3600000),"00") -> 00 | N64: =TEXT(QUOTIENT(MOD(L64,3600000),60000),"00") -> 05 | O64: =TEXT(QUOTIENT(MOD(L64,60000),1000),"00") -> 22 | P64: =TEXT(MOD(L64,1000),"000") -> 000 | Q64: 怎樣計較輸贏 | R64: Zainn2 inn2 ge3 gau3 su1 iann5
A65: End | B65: =H64 & ":" & I64 & ":" & J64 & "," & K64 -> 00:05:25,000 | C65: =M65 & ":" & N65 & ":" & O65 & "," & P65 -> 00:05:27,000 | D65: 2 | E65: 5 | F65: =(LEFT($B65,2)*3600 + MID($B65,4,2)*60 + MID($B65,7,2))*1000 + RIGHT($B65,3) -> 325000 | G65: =F65+(E65*1000) -> 330000 | H65: =TEXT(QUOTIENT(G65,3600000),"00") -> 00 | I65: =TEXT(QUOTIENT(MOD(G65,3600000),60000),"00") -> 05 | J65: =TEXT(QUOTIENT(MOD(G65,60000),1000),"00") -> 30 | K65: =TEXT(MOD(G65,1000),"000") -> 000 | L65: =F65+(D65*1000) -> 327000 | M65: =TEXT(QUOTIENT(L65,3600000),"00") -> 00 | N65: =TEXT(QUOTIENT(MOD(L65,3600000),60000),"00") -> 05 | O65: =TEXT(QUOTIENT(MOD(L65,60000),1000),"00") -> 27 | P65: =TEXT(MOD(L65,1000),"000") -> 000
