Workbook
Name 元音及韻化輔音: 聲調表!$C$5:$C$13
Name 方音符號聲調: ' 閩拼八聲調'!$Q$3:$Q$10
Name 方音符號聲調: 設定!$K$3:$K$10
Name 方音聲調符號表: 聲調表!$Z$5:$AG$5
Name 閩拚聲調符號表: 聲調表!$P$5:$W$13
Name 閩拼八聲調: ' 閩拼八聲調'!$L$3:$L$10
Name 閩拼八聲調: 設定!$I$3:$I$10
Name 聲母碼: 聲母對照表!$B$4:$B$21
Name 聲調對照表: 聲調表!$F$5:$M$13
Name 韻母碼: 彙集雅俗通十五音原書索引!$E$4:$E$103
Name 韻母碼: 韻母對照表!$B$4:$B$103

Sheet 彙集雅俗通十五音原書索引
A1: =COLUMN() -> 1 | B1: =COLUMN() -> 2 | C1: =COLUMN() -> 3 | D1: =COLUMN() -> 4 | E1: =COLUMN() -> 5 | F1: =COLUMN() -> 6 | G1: =COLUMN() -> 7 | H1: =COLUMN() -> 8 | J1: =COLUMN() -> 10 | K1: =COLUMN() -> 11 | L1: =COLUMN() -> 12 | N1: =COLUMN() -> 14 | P1: =COLUMN() -> 16 | Q1: =COLUMN() -> 17 | R1: =COLUMN() -> 18 | S1: =COLUMN() -> 19
A3: 識別號 | B3: 十五音 | C3: 方音 | D3: 國際音標 | E3: 韻母碼 | F3: 白話字 | G3: 台羅 | H3: 閩拼 | I3: 注音二式 | J3: 十五音序 | K3: 舒促聲 | L3: 十五音識別碼 | N3: 識別號 | O3: 卷號 | P3: 十五音 | Q3: 方音 | R3: 國際音標 | S3: 台語音標
A4: 1 | B4: 君 | C4: ㄨㄣ | D4: un | E4: un | F4: un | G4: un | H4: un | J4: 1 | K4: 舒聲 | L4: 君舒 | N4: 1 | O4: 一 | P4: 君 | Q4: ㄨㄣ | R4: un | S4: un
A5: 2 | B5: 君 | C5: ㄨㆵ | D5: ut̚ | E5: ut | F5: ut | G5: ut | H5: ut | J5: 1 | K5: 促聲 | L5: 君促 | Q5: ㄨㆵ | R5: ut̚ | S5: ut
A6: 3 | B6: 堅 | C6: ㄧㄢ | D6: ian | E6: ian | F6: ian | G6: ian | H6: ian | J6: 2 | K6: 舒聲 | L6: 堅舒 | N6: 2 | P6: 堅 | Q6: ㄧㄢ | R6: ian | S6: ian
A7: 4 | B7: 堅 | C7: ㄧㄚㆵ | D7: iat̚ | E7: iat | F7: iat | G7: iat | H7: iat | J7: 2 | K7: 促聲 | L7: 堅促 | Q7: ㄧㄚㆵ | R7: iat̚ | S7: iat
A8: 5 | B8: 金 | C8: ㄧㆬ | D8: im | E8: im | F8: im | G8: im | H8: im | J8: 3 | K8: 舒聲 | L8: 金舒 | N8: 3 | P8: 金 | Q8: ㄧㆬ | R8: im | S8: im
A9: 6 | B9: 金 | C9: 一ㆴ | D9: ip̚ | E9: ip | F9: ip | G9: ip | H9: ip | J9: 3 | K9: 促聲 | L9: 金促 | Q9: 一ㆴ | R9: ip̚ | S9: ip
A10: 7 | B10: 規 | C10: ㄨㄧ | D10: ui | E10: ui | F10: ui | G10: ui | H10: ui | J10: 4 | K10: 舒聲 | L10: 規舒 | N10: 4 | P10: 規 | Q10: ㄨㄧ | R10: ui | S10: ui
A11: 8 | B11: 規 | C11: 0 | D11: 0 | E11: 0 | F11: 0 | G11: 0 | H11: 0 | J11: 4 | K11: 促聲 | L11: 規促 | Q11: 0 | R11: 0 | S11: 0
A12: 9 | B12: 嘉 | C12: ㄝ | D12: ɛ | E12: ee | F12: e | G12: ee | H12: e | J12: 5 | K12: 舒聲 | L12: 嘉舒 | N12: 5 | P12: 嘉 | Q12: ㄝ | R12: ɛ | S12: ee
A13: 10 | B13: 嘉 | C13: ㄝㆷ | D13: ɛ? | E13: eeh | F13: eeh | G13: eeh | H13: 0 | J13: 5 | K13: 促聲 | L13: 嘉促 | Q13: ㄝㆷ | R13: ɛ? | S13: eeh
A14: 11 | B14: 干 | C14: ㄢ | D14: an | E14: an | F14: an | G14: an | H14: an | J14: 6 | K14: 舒聲 | L14: 干舒 | N14: 6 | O14: 二 | P14: 干 | Q14: ㄢ | R14: an | S14: an
A15: 12 | B15: 干 | C15: ㄚㆵ | D15: at̚ | E15: at | F15: at | G15: at | H15: at | J15: 6 | K15: 促聲 | L15: 干促 | Q15: ㄚㆵ | R15: at̚ | S15: at
A16: 13 | B16: 公 | C16: ㆲ | D16: ɔŋ | E16: ong | F16: ong | G16: ong | H16: ong | J16: 7 | K16: 舒聲 | L16: 公舒 | N16: 7 | P16: 公 | Q16: ㆲ | R16: ɔŋ | S16: ong
A17: 14 | B17: 公 | C17: ㆦㆻ | D17: ɔk̚ | E17: ok | F17: ok | G17: ok | H17: ok | J17: 7 | K17: 促聲 | L17: 公促 | Q17: ㆦㆻ | R17: ɔk̚ | S17: ok
A18: 15 | B18: 乖 | C18: ㄨㄞ | D18: uai | E18: uai | F18: oai | G18: uai | H18: uai | J18: 8 | K18: 舒聲 | L18: 乖舒 | N18: 8 | P18: 乖 | Q18: ㄨㄞ | R18: uai | S18: uai
A19: 16 | B19: 乖 | C19: ㄨㄞㆷ | D19: uai? | E19: uaih | F19: oaih | G19: uaih | H19: uaih | J19: 8 | K19: 促聲 | L19: 乖促 | Q19: ㄨㄞㆷ | R19: uai? | S19: uaih
A20: 17 | B20: 經 | C20: ㄧㄥ | D20: iŋ | E20: ing | F20: eng | G20: ing | H20: ing | J20: 9 | K20: 舒聲 | L20: 經舒 | N20: 9 | P20: 經 | Q20: ㄧㄥ | R20: iŋ | S20: ing
A21: 18 | B21: 經 | C21: ㄧㆻ | D21: ik̚ | E21: ik | F21: ek | G21: ik | H21: ik | J21: 9 | K21: 促聲 | L21: 經促 | Q21: ㄧㆻ | R21: ik̚ | S21: ik
A22: 19 | B22: 觀 | C22: ㄨㄢ | D22: uan | E22: uan | F22: oan | G22: uan | H22: uan | J22: 10 | K22: 舒聲 | L22: 觀舒 | N22: 10 | P22: 觀 | Q22: ㄨㄢ | R22: uan | S22: uan
A23: 20 | B23: 觀 | C23: ㄨㄚㆵ | D23: uat̚ | E23: uat | F23: oat | G23: uat | H23: uat | J23: 10 | K23: 促聲 | L23: 觀促 | Q23: ㄨㄚㆵ | R23: uat̚ | S23: uat
A24: 21 | B24: 沽 | C24: ㆦ | D24: ɔu | E24: oo | F24: o͘ | G24: oo | H24: oo | J24: 11 | K24: 舒聲 | L24: 沽舒 | N24: 11 | O24: 三 | P24: 沽 | Q24: ㆦ | R24: ɔu | S24: oo
A25: 22 | B25: 沽 | C25: 0 | D25: 0 | E25: 0 | F25: 0 | G25: 0 | H25: 0 | J25: 11 | K25: 促聲 | L25: 沽促 | Q25: 0 | R25: 0 | S25: 0
A26: 23 | B26: 嬌 | C26: ㄧㄠ | D26: iau | E26: iau | F26: iau | G26: iau | H26: iao | J26: 12 | K26: 舒聲 | L26: 嬌舒 | N26: 12 | P26: 嬌 | Q26: ㄧㄠ | R26: iau | S26: iau
A27: 24 | B27: 嬌 | C27: ㄧㄠㆷ | D27: iau? | E27: iauh | F27: iauh | G27: iauh | H27: iaoh | J27: 12 | K27: 促聲 | L27: 嬌促 | Q27: ㄧㄠㆷ | R27: iau? | S27: iauh
A28: 25 | B28: 稽 | C28: ㆤ | D28: ei | E28: ei | F28: e | G28: e | H28: e | J28: 13 | K28: 舒聲 | L28: 稽舒 | N28: 13 | P28: 稽 | Q28: ㆤ | R28: ei | S28: ei
A29: 26 | B29: 稽 | C29: 0 | D29: 0 | E29: 0 | F29: 0 | G29: 0 | H29: 0 | J29: 13 | K29: 促聲 | L29: 稽促 | Q29: 0 | R29: 0 | S29: 0
A30: 27 | B30: 恭 | C30: ㄧㆲ | D30: iɔŋ | E30: iong | F30: iong | G30: iong | H30: iong | J30: 14 | K30: 舒聲 | L30: 恭舒 | N30: 14 | P30: 恭 | Q30: ㄧㆲ | R30: iɔŋ | S30: iong
A31: 28 | B31: 恭 | C31: ㄧㆦㆻ | D31: iɔk̚ | E31: iok | F31: iok | G31: iok | H31: iok | J31: 14 | K31: 促聲 | L31: 恭促 | Q31: ㄧㆦㆻ | R31: iɔk̚ | S31: iok
A32: 29 | B32: 高 | C32: ㄜ | D32: ə | E32: o | F32: o | G32: o | H32: o | J32: 15 | K32: 舒聲 | L32: 高舒 | N32: 15 | P32: 高 | Q32: ㄜ | R32: ə | S32: o
A33: 30 | B33: 高 | C33: ㄜㆷ | D33: ə? | E33: oh | F33: oh | G33: oh | H33: oh | J33: 15 | K33: 促聲 | L33: 高促 | Q33: ㄜㆷ | R33: ə? | S33: oh
A34: 31 | B34: 皆 | C34: ㄞ | D34: ai | E34: ai | F34: ai | G34: ai | H34: ai | J34: 16 | K34: 舒聲 | L34: 皆舒 | N34: 16 | O34: 四 | P34: 皆 | Q34: ㄞ | R34: ai | S34: ai
A35: 32 | B35: 皆 | C35: 0 | D35: 0 | E35: 0 | F35: 0 | G35: 0 | H35: 0 | J35: 16 | K35: 促聲 | L35: 皆促 | Q35: 0 | R35: 0 | S35: 0
A36: 33 | B36: 巾 | C36: ㄧㄣ | D36: in | E36: in | F36: in | G36: in | H36: in | J36: 17 | K36: 舒聲 | L36: 巾舒 | N36: 17 | P36: 巾 | Q36: ㄧㄣ | R36: in | S36: in
A37: 34 | B37: 巾 | C37: ㄧㆵ | D37: it̚ | E37: it | F37: it | G37: it | H37: it | J37: 17 | K37: 促聲 | L37: 巾促 | Q37: ㄧㆵ | R37: it̚ | S37: it
A38: 35 | B38: 姜 | C38: ㄧㄤ | D38: iaŋ | E38: iang | F38: iang | G38: iang | H38: iang | J38: 18 | K38: 舒聲 | L38: 姜舒 | N38: 18 | P38: 姜 | Q38: ㄧㄤ | R38: iaŋ | S38: iang
A39: 36 | B39: 姜 | C39: ㄧㄚㆻ | D39: iak̚ | E39: iak | F39: iak | G39: iak | H39: iak | J39: 18 | K39: 促聲 | L39: 姜促 | Q39: ㄧㄚㆻ | R39: iak̚ | S39: iak
A40: 37 | B40: 甘 | C40: ㆰ | D40: am | E40: am | F40: am | G40: am | H40: am | J40: 19 | K40: 舒聲 | L40: 甘舒 | N40: 19 | P40: 甘 | Q40: ㆰ | R40: am | S40: am
A41: 38 | B41: 甘 | C41: ㄚㆴ | D41: ap̚ | E41: ap | F41: ap | G41: ap | H41: ap | J41: 19 | K41: 促聲 | L41: 甘促 | Q41: ㄚㆴ | R41: ap̚ | S41: ap
A42: 39 | B42: 瓜 | C42: ㄨㄚ | D42: ua | E42: ua | F42: oa | G42: ua | H42: ua | J42: 20 | K42: 舒聲 | L42: 瓜舒 | N42: 20 | P42: 瓜 | Q42: ㄨㄚ | R42: ua | S42: ua
A43: 40 | B43: 瓜 | C43: ㄨㄚㆷ | D43: ua? | E43: uah | F43: oah | G43: uah | H43: uah | J43: 20 | K43: 促聲 | L43: 瓜促 | Q43: ㄨㄚㆷ | R43: ua? | S43: uah
A44: 41 | B44: 江 | C44: ㄤ | D44: aŋ | E44: ang | F44: ang | G44: ang | H44: ang | J44: 21 | K44: 舒聲 | L44: 江舒 | N44: 21 | O44: 五 | P44: 江 | Q44: ㄤ | R44: aŋ | S44: ang
A45: 42 | B45: 江 | C45: ㄚㆻ | D45: ak̚ | E45: ak | F45: ak | G45: ak | H45: ak | J45: 21 | K45: 促聲 | L45: 江促 | Q45: ㄚㆻ | R45: ak̚ | S45: ak
A46: 43 | B46: 兼 | C46: ㄧㆰ | D46: iam | E46: iam | F46: iam | G46: iam | H46: iam | J46: 22 | K46: 舒聲 | L46: 兼舒 | N46: 22 | P46: 兼 | Q46: ㄧㆰ | R46: iam | S46: iam
A47: 44 | B47: 兼 | C47: ㄧㄚㆴ | D47: iap̚ | E47: iap | F47: iap | G47: iap | H47: iap | J47: 22 | K47: 促聲 | L47: 兼促 | Q47: ㄧㄚㆴ | R47: iap̚ | S47: iap
A48: 45 | B48: 交 | C48: ㄠ | D48: au | E48: au | F48: au | G48: au | H48: ao | J48: 23 | K48: 舒聲 | L48: 交舒 | N48: 23 | P48: 交 | Q48: ㄠ | R48: au | S48: au
A49: 46 | B49: 交 | C49: ㄠㆷ | D49: au? | E49: auh | F49: auh | G49: auh | H49: aoh | J49: 23 | K49: 促聲 | L49: 交促 | Q49: ㄠㆷ | R49: au? | S49: auh
A50: 47 | B50: 迦 | C50: ㄧㄚ | D50: ia | E50: ia | F50: ia | G50: ia | H50: ia | J50: 24 | K50: 舒聲 | L50: 迦舒 | N50: 24 | P50: 迦 | Q50: ㄧㄚ | R50: ia | S50: ia
A51: 48 | B51: 迦 | C51: ㄧㄚㆷ | D51: ia? | E51: iah | F51: iah | G51: iah | H51: iah | J51: 24 | K51: 促聲 | L51: 迦促 | Q51: ㄧㄚㆷ | R51: ia? | S51: iah
A52: 49 | B52: 檜 | C52: ㄨㆤ | D52: ue | E52: ue | F52: oe | G52: ue | H52: ue | J52: 25 | K52: 舒聲 | L52: 檜舒 | N52: 25 | P52: 檜 | Q52: ㄨㆤ | R52: ue | S52: ue
A53: 50 | B53: 檜 | C53: ㄨㆤㆷ | D53: ue? | E53: ueh | F53: oeh | G53: ueh | H53: ueh | J53: 25 | K53: 促聲 | L53: 檜促 | Q53: ㄨㆤㆷ | R53: ue? | S53: ueh
A54: 51 | B54: 監 | C54: ㆩ | D54: ã | E54: ann | F54: aⁿ | G54: ann | H54: na | J54: 26 | K54: 舒聲 | L54: 監舒 | N54: 26 | O54: 六 | P54: 監 | Q54: ㆩ | R54: ã | S54: ann
A55: 52 | B55: 監 | C55: ㆩㆷ | D55: ã? | E55: ahnn | F55: aⁿh | G55: annh | H55: nah | J55: 26 | K55: 促聲 | L55: 監促 | Q55: ㆩㆷ | R55: ã? | S55: ahnn
A56: 53 | B56: 艍 | C56: ㄨ | D56: u | E56: u | F56: u | G56: u | H56: u | J56: 27 | K56: 舒聲 | L56: 艍舒 | N56: 27 | P56: 艍 | Q56: ㄨ | R56: u | S56: u
A57: 54 | B57: 艍 | C57: ㄨㆷ | D57: u? | E57: uh | F57: uh | G57: uh | H57: uh | J57: 27 | K57: 促聲 | L57: 艍促 | Q57: ㄨㆷ | R57: u? | S57: uh
A58: 55 | B58: 膠 | C58: ㄚ | D58: a | E58: a | F58: a | G58: a | H58: a | J58: 28 | K58: 舒聲 | L58: 膠舒 | N58: 28 | P58: 膠 | Q58: ㄚ | R58: a | S58: a
A59: 56 | B59: 膠 | C59: ㄚㆷ | D59: a? | E59: ah | F59: ah | G59: ah | H59: ah | J59: 28 | K59: 促聲 | L59: 膠促 | Q59: ㄚㆷ | R59: a? | S59: ah
A60: 57 | B60: 居 | C60: ㄧ | D60: i | E60: i | F60: i | G60: i | H60: i | J60: 29 | K60: 舒聲 | L60: 居舒 | N60: 29 | P60: 居 | Q60: ㄧ | R60: i | S60: i
A61: 58 | B61: 居 | C61: ㄧㆷ | D61: i? | E61: ih | F61: ih | G61: ih | H61: ih | J61: 29 | K61: 促聲 | L61: 居促 | Q61: ㄧㆷ | R61: i? | S61: ih
A62: 59 | B62: 丩 | C62: ㄧㄨ | D62: iu | E62: iu | F62: iu | G62: iu | H62: iu | J62: 30 | K62: 舒聲 | L62: 丩舒 | N62: 30 | P62: 丩 | Q62: ㄧㄨ | R62: iu | S62: iu
A63: 60 | B63: 丩 | C63: 0 | D63: 0 | E63: 0 | F63: 0 | G63: 0 | H63: 0 | J63: 30 | K63: 促聲 | L63: 丩促 | Q63: 0 | R63: 0 | S63: 0
A64: 61 | B64: 更 | C64: ㆥ | D64: ẽ | E64: enn | F64: eⁿ | G64: enn | H64: ne | J64: 31 | K64: 舒聲 | L64: 更舒 | N64: 31 | O64: 七 | P64: 更 | Q64: ㆥ | R64: ẽ | S64: enn
A65: 62 | B65: 更 | C65: ㆥㆷ | D65: ẽ? | E65: ehnn | F65: eⁿh | G65: ennh | H65: neh | J65: 31 | K65: 促聲 | L65: 更促 | Q65: ㆥㆷ | R65: ẽ? | S65: ehnn
A66: 63 | B66: 褌 | C66: ㄨㆪ | D66: uĩ | E66: uinn | F66: uiⁿ | G66: uinn | H66: nui | J66: 32 | K66: 舒聲 | L66: 褌舒 | N66: 32 | P66: 褌 | Q66: ㄨㆪ | R66: uĩ | S66: uinn
A67: 64 | B67: 褌 | C67: 0 | D67: 0 | E67: 0 | F67: 0 | G67: 0 | H67: 0 | J67: 32 | K67: 促聲 | L67: 褌促 | Q67: 0 | R67: 0 | S67: 0
A68: 65 | B68: 茄 | C68: ㄧㄜ | D68: iə | E68: io | F68: io | G68: io | H68: io | J68: 33 | K68: 舒聲 | L68: 茄舒 | N68: 33 | P68: 茄 | Q68: ㄧㄜ | R68: iə | S68: io
A69: 66 | B69: 茄 | C69: ㄧㄜㆷ | D69: iə? | E69: ioh | F69: ioh | G69: ioh | H69: ioh | J69: 33 | K69: 促聲 | L69: 茄促 | Q69: ㄧㄜㆷ | R69: iə? | S69: ioh
A70: 67 | B70: 梔 | C70: ㆪ | D70: ĩ | E70: inn | F70: iⁿ | G70: inn | H70: ni | J70: 34 | K70: 舒聲 | L70: 梔舒 | N70: 34 | P70: 梔 | Q70: ㆪ | R70: ĩ | S70: inn
A71: 68 | B71: 梔 | C71: ㆪㆷ | D71: ĩ? | E71: ihnn | F71: iⁿh | G71: innh | H71: nih | J71: 34 | K71: 促聲 | L71: 梔促 | Q71: ㆪㆷ | R71: ĩ? | S71: ihnn
A72: 69 | B72: 薑 | C72: ㄧㆧ | D72: ĩɔ̃ | E72: ionn | F72: ioⁿ | G72: ionn | H72: nioo | J72: 35 | K72: 舒聲 | L72: 薑舒 | N72: 35 | P72: 薑 | Q72: ㄧㆧ | R72: ĩɔ̃ | S72: ionn
A73: 70 | B73: 薑 | C73: 0 | D73: 0 | E73: 0 | F73: 0 | G73: 0 | H73: 0 | J73: 35 | K73: 促聲 | L73: 薑促 | Q73: 0 | R73: 0 | S73: 0
A74: 71 | B74: 驚 | C74: ㄧㆩ | D74: iã | E74: iann | F74: iaⁿ | G74: iannh | H74: nia | J74: 36 | K74: 舒聲 | L74: 驚舒 | N74: 36 | P74: 驚 | Q74: ㄧㆩ | R74: iã | S74: iann
A75: 72 | B75: 驚 | C75: 0 | D75: 0 | E75: 0 | F75: 0 | G75: 0 | H75: 0 | J75: 36 | K75: 促聲 | L75: 驚促 | Q75: 0 | R75: 0 | S75: 0
A76: 73 | B76: 官 | C76: ㄨㆩ | D76: ũã | E76: uann | F76: oaⁿ | G76: uann | H76: nua | J76: 37 | K76: 舒聲 | L76: 官舒 | N76: 37 | P76: 官 | Q76: ㄨㆩ | R76: ũã | S76: uann
A77: 74 | B77: 官 | C77: 0 | D77: 0 | E77: 0 | F77: 0 | G77: 0 | H77: 0 | J77: 37 | K77: 促聲 | L77: 官促 | Q77: 0 | R77: 0 | S77: 0
A78: 75 | B78: 鋼 | C78: ㆭ | D78: ŋ̍ | E78: ng | F78: ng | G78: ng | H78: ng | J78: 38 | K78: 舒聲 | L78: 鋼舒 | N78: 38 | P78: 鋼 | Q78: ㆭ | R78: ŋ̍ | S78: ng
A79: 76 | B79: 鋼 | C79: 0 | D79: 0 | E79: 0 | F79: 0 | G79: 0 | H79: 0 | J79: 38 | K79: 促聲 | L79: 鋼促 | Q79: 0 | R79: 0 | S79: 0
A80: 77 | B80: 伽 | C80: ㆤ | D80: e | E80: e | F80: e | G80: e | H80: e | J80: 39 | K80: 舒聲 | L80: 伽舒 | N80: 39 | P80: 伽 | Q80: ㆤ | R80: e | S80: e
A81: 78 | B81: 伽 | C81: ㆤㆷ | D81: e? | E81: eh | F81: eh | G81: eh | H81: eh | J81: 39 | K81: 促聲 | L81: 伽促 | Q81: ㆤㆷ | R81: e? | S81: eh
A82: 79 | B82: 閒 | C82: ㆮ | D82: ãĩ | E82: ainn | F82: aiⁿ | G82: ainn | H82: nai | J82: 40 | K82: 舒聲 | L82: 閒舒 | N82: 40 | P82: 閒 | Q82: ㆮ | R82: ãĩ | S82: ainn
A83: 80 | B83: 閒 | C83: 0 | D83: 0 | E83: 0 | F83: 0 | G83: 0 | H83: 0 | J83: 40 | K83: 促聲 | L83: 閒促 | Q83: 0 | R83: 0 | S83: 0
A84: 81 | B84: 姑 | C84: ㆧ | D84: ɔ̃ũ | E84: oonn | F84: oⁿ | G84: onn | H84: noo | J84: 41 | K84: 舒聲 | L84: 姑舒 | N84: 41 | O84: 八 | P84: 姑 | Q84: ㆧ | R84: ɔ̃ũ | S84: oonn
A85: 82 | B85: 姑 | C85: 0 | D85: 0 | E85: 0 | F85: 0 | G85: 0 | H85: 0 | J85: 41 | K85: 促聲 | L85: 姑促 | Q85: 0 | R85: 0 | S85: 0
A86: 83 | B86: 姆 | C86: ㆬ | D86: m̩ | E86: m | F86: m | G86: m | H86: m | J86: 42 | K86: 舒聲 | L86: 姆舒 | N86: 42 | P86: 姆 | Q86: ㆬ | R86: m̩ | S86: m
A87: 84 | B87: 姆 | C87: 0 | D87: 0 | E87: 0 | F87: 0 | G87: 0 | H87: 0 | J87: 42 | K87: 促聲 | L87: 姆促 | Q87: 0 | R87: 0 | S87: 0
A88: 85 | B88: 光 | C88: ㄨㄤ | D88: uaŋ | E88: uang | F88: oang | G88: uang | H88: uang | J88: 43 | K88: 舒聲 | L88: 光舒 | N88: 43 | P88: 光 | Q88: ㄨㄤ | R88: uaŋ | S88: uang
A89: 86 | B89: 光 | C89: ㄨㄚㆻ | D89: uak̚ | E89: uak | F89: oak | G89: uak | H89: uak | J89: 43 | K89: 促聲 | L89: 光促 | Q89: ㄨㄚㆻ | R89: uak̚ | S89: uak
A90: 87 | B90: 閂 | C90: ㄨㆮ | D90: uãĩ | E90: uainn | F90: oaiⁿ | G90: uainn | H90: nuai | J90: 44 | K90: 舒聲 | L90: 閂舒 | N90: 44 | P90: 閂 | Q90: ㄨㆮ | R90: uãĩ | S90: uainn
A91: 88 | B91: 閂 | C91: ㄨㆮㆷ | D91: uãĩ? | E91: uaihnn | F91: oaiⁿh | G91: uainnh | H91: nuaih | J91: 44 | K91: 促聲 | L91: 閂促 | Q91: ㄨㆮㆷ | R91: uãĩ? | S91: uaihnn
A92: 89 | B92: 糜 | C92: ㄨㆥ | D92: uẽ | E92: uenn | F92: oeⁿ | G92: uenn | H92: nue | J92: 45 | K92: 舒聲 | L92: 糜舒 | N92: 45 | P92: 糜 | Q92: ㄨㆥ | R92: uẽ | S92: uenn
A93: 90 | B93: 糜 | C93: 0 | D93: 0 | E93: 0 | F93: 0 | G93: 0 | H93: 0 | J93: 45 | K93: 促聲 | L93: 糜促 | Q93: 0 | R93: 0 | S93: 0
A94: 91 | B94: 嘄 | C94: ㄧㆯ | D94: ĩãũ | E94: iaunn | F94: iauⁿ | G94: iaunn | H94: niao | J94: 46 | K94: 舒聲 | L94: 嘄舒 | N94: 46 | P94: 嘄 | Q94: ㄧㆯ | R94: ĩãũ | S94: iaunn
A95: 92 | B95: 嘄 | C95: ㄧㆯㆷ | D95: ĩãũ? | E95: iauhnn | F95: iauⁿh | G95: iaunnh | H95: niaoh | J95: 46 | K95: 促聲 | L95: 嘄促 | Q95: ㄧㆯㆷ | R95: ĩãũ? | S95: iauhnn
A96: 93 | B96: 箴 | C96: ㆱ | D96: ɔm | E96: om | F96: om | G96: om | H96: om | J96: 47 | K96: 舒聲 | L96: 箴舒 | N96: 47 | P96: 箴 | Q96: ㆱ | R96: ɔm | S96: om
A97: 94 | B97: 箴 | C97: ㆦㆴ | D97: ɔp̚ | E97: op | F97: op | G97: op | H97: op | J97: 47 | K97: 促聲 | L97: 箴促 | Q97: ㆦㆴ | R97: ɔp̚ | S97: op
A98: 95 | B98: 爻 | C98: ㆯ | D98: ãũ | E98: aunn | F98: auⁿ | G98: aunn | H98: nao | J98: 48 | K98: 舒聲 | L98: 爻舒 | N98: 48 | P98: 爻 | Q98: ㆯ | R98: ãũ | S98: aunn
A99: 96 | B99: 爻 | C99: 0 | D99: 0 | E99: 0 | F99: 0 | G99: 0 | H99: 0 | J99: 48 | K99: 促聲 | L99: 爻促 | Q99: 0 | R99: 0 | S99: 0
A100: 97 | B100: 扛 | C100: ㆧ | D100: õ | E100: onn | F100: oⁿ | G100: onn | H100: noo | J100: 49 | K100: 舒聲 | L100: 扛舒 | N100: 49 | P100: 扛 | Q100: ㆧ | R100: õ | S100: onn
A101: 98 | B101: 扛 | C101: ㆧㆷ | D101: õh | E101: ohnn | F101: oⁿh | G101: onnh | H101: nooh | J101: 49 | K101: 促聲 | L101: 扛促 | Q101: ㆧㆷ | R101: õh | S101: ohnn
...

Sheet 使用PY轉TLPA
A1: 漢字 | B1: 漢字標音 | C1: 台語音標 | D1: 台語音標之聲 | E1: 台語音標之韻 | F1: 台語音標之調
A2: 《 | C2: {=_xlfn._xlws.PY(0,0,B2:B668)} | H2: ====》 | I2: =IF(B2="", A2, _xlfn.CONCAT("<ruby>", A2, "<rt>", B2, "</rt>", "</ruby>")) -> 《
A3: 前 | B3: 堅五曾 | C3: zian5 | D3: z | E3: ian | F3: 5 | H3: ====》 | I3: =IF(B3="", A3, _xlfn.CONCAT("<ruby>", A3, "<rt>", B3, "</rt>", "</ruby>")) -> <ruby>前<rt>堅五曾</rt></ruby>
A4: 赤 | B4: 經四出 | C4: cik4 | D4: c | E4: ik | F4: 4 | H4: ====》 | I4: =IF(B4="", A4, _xlfn.CONCAT("<ruby>", A4, "<rt>", B4, "</rt>", "</ruby>")) -> <ruby>赤<rt>經四出</rt></ruby>
A5: 壁 | B5: 經四邊 | C5: pik4 | D5: p | E5: ik | F5: 4 | H5: ====》 | I5: =IF(B5="", A5, _xlfn.CONCAT("<ruby>", A5, "<rt>", B5, "</rt>", "</ruby>")) -> <ruby>壁<rt>經四邊</rt></ruby>
A6: 賦 | B6: 艍三喜 | C6: hu3 | D6: h | E6: u | F6: 3 | H6: ====》 | I6: =IF(B6="", A6, _xlfn.CONCAT("<ruby>", A6, "<rt>", B6, "</rt>", "</ruby>")) -> <ruby>賦<rt>艍三喜</rt></ruby>
A7: 》 | H7: ====》 | I7: =IF(B7="", A7, _xlfn.CONCAT("<ruby>", A7, "<rt>", B7, "</rt>", "</ruby>")) -> 》
A8: 北 | B8: 公四邊 | C8: pok4 | D8: p | E8: ok | F8: 4 | H8: ====》 | I8: =IF(B8="", A8, _xlfn.CONCAT("<ruby>", A8, "<rt>", B8, "</rt>", "</ruby>")) -> <ruby>北<rt>公四邊</rt></ruby>
A9: 宋 | B9: 公三時 | C9: song3 | D9: s | E9: ong | F9: 3 | H9: ====》 | I9: =IF(B9="", A9, _xlfn.CONCAT("<ruby>", A9, "<rt>", B9, "</rt>", "</ruby>")) -> <ruby>宋<rt>公三時</rt></ruby>
A10: ： | H10: ====》 | I10: =IF(B10="", A10, _xlfn.CONCAT("<ruby>", A10, "<rt>", B10, "</rt>", "</ruby>")) -> ：
A11: 蘇 | B11: 沽一時 | C11: soo1 | D11: s | E11: oo | F11: 1 | H11: ====》 | I11: =IF(B11="", A11, _xlfn.CONCAT("<ruby>", A11, "<rt>", B11, "</rt>", "</ruby>")) -> <ruby>蘇<rt>沽一時</rt></ruby>
A12: 軾 | B12: 經四時 | C12: sik4 | D12: s | E12: ik | F12: 4 | H12: ====》 | I12: =IF(B12="", A12, _xlfn.CONCAT("<ruby>", A12, "<rt>", B12, "</rt>", "</ruby>")) -> <ruby>軾<rt>經四時</rt></ruby>
A13: =CHAR(10) | H13: ====》 | I13: =IF(B13="", A13, _xlfn.CONCAT("<ruby>", A13, "<rt>", B13, "</rt>", "</ruby>"))
A14: 壬 | B14: 金五入 | C14: jim5 | D14: j | E14: im | F14: 5 | H14: ====》 | I14: =IF(B14="", A14, _xlfn.CONCAT("<ruby>", A14, "<rt>", B14, "</rt>", "</ruby>")) -> <ruby>壬<rt>金五入</rt></ruby>
A15: 戌 | B15: 君四時 | C15: sut4 | D15: s | E15: ut | F15: 4 | H15: ====》 | I15: =IF(B15="", A15, _xlfn.CONCAT("<ruby>", A15, "<rt>", B15, "</rt>", "</ruby>")) -> <ruby>戌<rt>君四時</rt></ruby>
A16: 之 | B16: 居一曾 | C16: zi1 | D16: z | E16: i | F16: 1 | H16: ====》 | I16: =IF(B16="", A16, _xlfn.CONCAT("<ruby>", A16, "<rt>", B16, "</rt>", "</ruby>")) -> <ruby>之<rt>居一曾</rt></ruby>
A17: 秋 | B17: 丩一出 | C17: ciu1 | D17: c | E17: iu | F17: 1 | H17: ====》 | I17: =IF(B17="", A17, _xlfn.CONCAT("<ruby>", A17, "<rt>", B17, "</rt>", "</ruby>")) -> <ruby>秋<rt>丩一出</rt></ruby>
A18: ， | H18: ====》 | I18: =IF(B18="", A18, _xlfn.CONCAT("<ruby>", A18, "<rt>", B18, "</rt>", "</ruby>")) -> ，
A19: 七 | B19: 巾四出 | C19: cit4 | D19: c | E19: it | F19: 4 | H19: ====》 | I19: =IF(B19="", A19, _xlfn.CONCAT("<ruby>", A19, "<rt>", B19, "</rt>", "</ruby>")) -> <ruby>七<rt>巾四出</rt></ruby>
A20: 月 | B20: 觀八語 | C20: guat8 | D20: g | E20: uat | F20: 8 | H20: ====》 | I20: =IF(B20="", A20, _xlfn.CONCAT("<ruby>", A20, "<rt>", B20, "</rt>", "</ruby>")) -> <ruby>月<rt>觀八語</rt></ruby>
A21: 既 | B21: 居三求 | C21: ki3 | D21: k | E21: i | F21: 3
A22: 望 | B22: 公七門 | C22: bong7 | D22: b | E22: ong | F22: 7
A23: ，
A24: 蘇 | B24: 沽一時 | C24: soo1 | D24: s | E24: oo | F24: 1
A25: 子 | B25: 艍二曾 | C25: zu2 | D25: z | E25: u | F25: 2
A26: 與 | B26: 艍二英 | C26: u2 | E26: u | F26: 2
A27: 客 | B27: 經四去 | C27: khik4 | D27: kh | E27: ik | F27: 4
A28: 泛 | B28: 觀三喜 | C28: huan3 | D28: h | E28: uan | F28: 3
A29: 舟 | B29: 丩一曾 | C29: ziu1 | D29: z | E29: iu | F29: 1
A30: 遊 | B30: 丩五英 | C30: iu5 | E30: iu | F30: 5
A31: 於 | B31: 艍一英 | C31: u1 | E31: u | F31: 1
A32: 赤 | B32: 經四出 | C32: cik4 | D32: c | E32: ik | F32: 4
A33: 壁 | B33: 經四邊 | C33: pik4 | D33: p | E33: ik | F33: 4
A34: 之 | B34: 居一曾 | C34: zi1 | D34: z | E34: i | F34: 1
A35: 下 | B35: 膠二喜 | C35: ha2 | D35: h | E35: a | F35: 2
A36: 。
A37: 清 | B37: 經一出 | C37: cing1 | D37: c | E37: ing | F37: 1
A38: 風 | B38: 公一喜 | C38: hong1 | D38: h | E38: ong | F38: 1
A39: 徐 | B39: 艍五時 | C39: su5 | D39: s | E39: u | F39: 5
A40: 來 | B40: 皆五柳 | C40: lai5 | D40: l | E40: ai | F40: 5
A41: ，
A42: 水 | B42: 規二時 | C42: sui2 | D42: s | E42: ui | F42: 2
A43: 波 | B43: 高一頗 | C43: pho1 | D43: ph | E43: o | F43: 1
A44: 不 | B44: 君四邊 | C44: put4 | D44: p | E44: ut | F44: 4
A45: 興 | B45: 經一喜 | C45: hing1 | D45: h | E45: ing | F45: 1
A46: ，
A47: 舉 | B47: 艍二求 | C47: ku2 | D47: k | E47: u | F47: 2
A48: 酒 | B48: 丩二曾 | C48: ziu2 | D48: z | E48: iu | F48: 2
A49: 屬 | B49: 恭四曾 | C49: ziok4 | D49: z | E49: iok | F49: 4
A50: 客 | B50: 經四去 | C50: khik4 | D50: kh | E50: ik | F50: 4
A51: ，
A52: 誦 | B52: 恭七時 | C52: siong7 | D52: s | E52: iong | F52: 7
A53: 明 | B53: 經五門 | C53: bing5 | D53: b | E53: ing | F53: 5
A54: 月 | B54: 觀八語 | C54: guat8 | D54: g | E54: uat | F54: 8
A55: 之 | B55: 居一曾 | C55: zi1 | D55: z | E55: i | F55: 1
A56: 詩 | B56: 居一時 | C56: si1 | D56: s | E56: i | F56: 1
A57: ，
A58: 歌 | B58: 高一求 | C58: ko1 | D58: k | E58: o | F58: 1
A59: 窈 | B59: 嬌二英 | C59: iau2 | E59: iau | F59: 2
A60: 窕 | B60: 嬌二地 | C60: tiau2 | D60: t | E60: iau | F60: 2
A61: 之 | B61: 居一曾 | C61: zi1 | D61: z | E61: i | F61: 1
A62: 章 | B62: 恭一曾 | C62: ziong1 | D62: z | E62: iong | F62: 1
A63: 。
A64: =CHAR(10) | H64: ====》 | I64: =IF(B64="", A64, _xlfn.CONCAT("<ruby>", A64, "<rt>", B64, "</rt>", "</ruby>"))
A65: 少 | B65: 嬌二時 | C65: siau2 | D65: s | E65: iau | F65: 2
A66: 焉 | B66: 堅一英 | C66: ian1 | E66: ian | F66: 1
A67: ，
A68: 月 | B68: 觀八語 | C68: guat8 | D68: g | E68: uat | F68: 8
A69: 出 | B69: 規三出 | C69: cui3 | D69: c | E69: ui | F69: 3
A70: 於 | B70: 艍一英 | C70: u1 | E70: u | F70: 1
A71: 東 | B71: 公一地 | C71: tong1 | D71: t | E71: ong | F71: 1
A72: 山 | B72: 干一時 | C72: san1 | D72: s | E72: an | F72: 1
A73: 之 | B73: 居一曾 | C73: zi1 | D73: z | E73: i | F73: 1
A74: 上 | B74: 恭二時 | C74: siong2 | D74: s | E74: iong | F74: 2
A75: ，
A76: 徘 | B76: 皆五邊 | C76: pai5 | D76: p | E76: ai | F76: 5
A77: 徊 | B77: 檜五喜 | C77: hue5 | D77: h | E77: ue | F77: 5
A78: 於 | B78: 艍一英 | C78: u1 | E78: u | F78: 1
A79: 斗 | B79: 沽二地 | C79: too2 | D79: t | E79: oo | F79: 2
A80: 牛 | B80: 艍五語 | C80: gu5 | D80: g | E80: u | F80: 5
A81: 之 | B81: 居一曾 | C81: zi1 | D81: z | E81: i | F81: 1
A82: 間 | B82: 干一求 | C82: kan1 | D82: k | E82: an | F82: 1
A83: ，
A84: 白 | B84: 經八邊 | C84: pik8 | D84: p | E84: ik | F84: 8
A85: 露 | B85: 沽七柳 | C85: loo7 | D85: l | E85: oo | F85: 7
A86: 橫 | B86: 經一喜 | C86: hing1 | D86: h | E86: ing | F86: 1
A87: 江 | B87: 江一求 | C87: kang1 | D87: k | E87: ang | F87: 1
A88: ，
A89: 水 | B89: 規二時 | C89: sui2 | D89: s | E89: ui | F89: 2
A90: 光 | B90: 公一求 | C90: kong1 | D90: k | E90: ong | F90: 1
A91: 接 | B91: 兼四曾 | C91: ziap4 | D91: z | E91: iap | F91: 4
A92: 天 | B92: 堅一他 | C92: thian1 | D92: th | E92: ian | F92: 1
A93: ；
A94: 縱 | B94: 恭一曾 | C94: ziong1 | D94: z | E94: iong | F94: 1
A95: 一 | B95: 巾四英 | C95: it4 | E95: it | F95: 4
A96: 葦 | B96: 規二英 | C96: ui2 | E96: ui | F96: 2
A97: 之 | B97: 居一曾 | C97: zi1 | D97: z | E97: i | F97: 1
A98: 所 | B98: 沽二時 | C98: soo2 | D98: s | E98: oo | F98: 2
A99: 如 | B99: 艍五入 | C99: ju5 | D99: j | E99: u | F99: 5
A100: ，
...

Sheet SQLite漢字庫
A1: 識別號 | B1: 漢字 | C1: 台語音標 | D1: 常用度 | E1: 聲母 | F1: 韻母 | G1: 調號
A2: 10575 | B2: 㔂 | C2: lan5 | D2: 0.1 | E2: l | F2: an | G2: 5
A3: 4547 | B3: 㜅 | C3: thik4 | D3: 0.01 | E3: th | F3: ik | G3: 4
A4: 909 | B4: 㝥 | C4: bai2 | D4: 0.01 | E4: b | F4: ai | G4: 2
A5: 10576 | B5: 㤉 | C5: ge5 | D5: 0.1 | E5: g | F5: e | G5: 5
A6: 2157 | B6: 㤉 | C6: ger5 | D6: 0.01 | E6: g | F6: e | G6: 5
A7: 10577 | B7: 㧌 | C7: mau1 | D7: 0.1 | E7: m | F7: au | G7: 1
A8: 10578 | B8: 㧎 | C8: khe5 | D8: 0.1 | E8: kh | F8: e | G8: 5
A9: 10579 | B9: 㧒 | C9: hiat1 | D9: 0.1 | E9: h | F9: iat | G9: 1
A10: 2458 | B10: 㧒 | C10: hiat4 | D10: 0.01 | E10: h | F10: iat | G10: 4
A11: 2853 | B11: 㧣 | C11: tu1 | D11: 0.01 | E11: t | F11: u | G11: 1
A12: 10580 | B12: 㧻 | C12: tok1 | D12: 0.1 | E12: t | F12: ok | G12: 1
A13: 3640 | B13: 㧻 | C13: tok4 | D13: 0.01 | E13: t | F13: ok | G13: 4
... A33: 622 | B33: 䘥 | C33: kah4 | D33: 0.01 | E33: k | F33: ah | G33: 4
A34: 10587 | B34: 䘼 | C34: ng2 | D34: 0.1 | F34: ng | G34: 2
A35: 4952 | B35: 䘼 | C35: uinn2 | D35: 0.01 | F35: uinn | G35: 2
A36: 4953 | B36: 䘿 | C36: khut8 | D36: 0.01 | E36: kh | F36: ut | G36: 8
A37: 10588 | B37: 䠡 | C37: ce5 | D37: 0.1 | E37: c | F37: e | G37: 5
A38: 6096 | B38: 䠡 | C38: cere5 | D38: 0.01 | E38: c | F38: ue | G38: 5
A39: 5880 | B39: 䫌 | C39: phue2 | D39: 0.01 | E39: ph | F39: ue | G39: 2
A40: 6097 | B40: 䭔 | C40: ter1 | D40: 0.01 | E40: t | F40: e | G40: 1
A41: 1542 | B41: 䭕 | C41: ziann2 | D41: 0.01 | E41: z | F41: iann | G41: 2
A42: 10589 | B42: 一 | C42: it1 | D42: 0.1 | F42: it | G42: 1
A43: 1665 | B43: 一 | C43: it4 | D43: 0.8 | F43: it | G43: 4
A44: 6939 | B44: 一 | C44: zit8 | D44: 0.6 | E44: z | F44: it | G44: 8
A45: 1668 | B45: 丁 | C45: ting1 | D45: 0.01 | E45: t | F45: ing | G45: 1
A46: 10590 | B46: 七 | C46: cit1 | D46: 0.1 | E46: c | F46: it | G46: 1
A47: 1669 | B47: 七 | C47: cit4 | D47: 0.8 | E47: c | F47: it | G47: 4
A48: 1686 | B48: 丈 | C48: tiang6 | D48: 0.01 | E48: t | F48: iang | G48: 6
A49: 1687 | B49: 丈 | C49: tiunn6 | D49: 0.01 | E49: t | F49: iunn | G49: 6
A50: 1688 | B50: 丈 | C50: tng6 | D50: 0.01 | E50: t | F50: ng | G50: 6
A51: 10591 | B51: 丈 | C51: tng7 | D51: 0.1 | E51: t | F51: ng | G51: 7
A52: 9 | B52: 三 | C52: sam1 | D52: 0.8 | E52: s | F52: am | G52: 1
A53: 10 | B53: 三 | C53: sam3 | D53: 0.7 | E53: s | F53: am | G53: 3
A54: 7131 | B54: 三 | C54: sann1 | D54: 0.8 | E54: s | F54: ann | G54: 1
A55: 1689 | B55: 上 | C55: siang6 | D55: 0.01 | E55: s | F55: iang | G55: 6
... A62: 10592 | B62: 上 | C62: ziunn7 | D62: 0.1 | E62: z | F62: iunn | G62: 7
A63: 1698 | B63: 下 | C63: e7 | D63: 0.6 | F63: e | G63: 7
A64: 1694 | B64: 下 | C64: ee6 | D64: 0.01 | F64: e | G64: 6
A65: 1695 | B65: 下 | C65: ee7 | D65: 0.01 | F65: e | G65: 7
A66: 11872 | B66: 下 | C66: ha2 | D66: 0.8 | E66: h | F66: a | G66: 2
A67: 9795 | B67: 下 | C67: ha3 | D67: 0.7 | E67: h | F67: a | G67: 3
A68: 11 | B68: 下 | C68: ha7 | D68: 0.8 | E68: h | F68: a | G68: 7
A69: 10594 | B69: 下 | C69: he7 | D69: 0.1 | E69: h | F69: e | G69: 7
A70: 1697 | B70: 下 | C70: hee6 | D70: 0.05 | E70: h | F70: e | G70: 6
A71: 1696 | B71: 下 | C71: khee6 | D71: 0.05 | E71: kh | F71: e | G71: 6
A72: 1742 | B72: 不 | C72: bue7 | D72: 0.5 | E72: b | F72: ue | G72: 7
A73: 6595 | B73: 不 | C73: hiu2 | D73: 0.7 | E73: h | F73: iu | G73: 2
A74: 1741 | B74: 不 | C74: m7 | D74: 0.6 | F74: m | G74: 7
A75: 10595 | B75: 不 | C75: put1 | D75: 0.1 | E75: p | F75: ut | G75: 1
A76: 1740 | B76: 不 | C76: put4 | D76: 0.8 | E76: p | F76: ut | G76: 4
A77: 6797 | B77: 与 | C77: kap4 | D77: 0.6 | E77: k | F77: ap | G77: 4
A78: 21 | B78: 丐 | C78: kai3 | D78: 0.01 | E78: k | F78: ai | G78: 3
A79: 1743 | B79: 丑 | C79: thiu2 | D79: 0.8 | E79: th | F79: iu | G79: 2
A80: 7062 | B80: 且 | C80: ce2 | D80: 0.6 | E80: c | F80: e | G80: 2
A81: 7027 | B81: 且 | C81: cia2 | D81: 0.8 | E81: c | F81: ia | G81: 2
A82: 57 | B82: 且 | C82: ciann2 | D82: 0.8 | E82: c | F82: iann | G82: 2
A83: 1847 | B83: 丕 | C83: phi1 | D83: 0.01 | E83: ph | F83: i | G83: 1
A84: 1848 | B84: 世 | C84: se3 | D84: 0.8 | E84: s | F84: e | G84: 3
A85: 1849 | B85: 世 | C85: si3 | D85: 0.8 | E85: s | F85: i | G85: 3
A86: 1851 | B86: 丘 | C86: khiu1 | D86: 0.8 | E86: kh | F86: iu | G86: 1
... A95: 10596 | B95: 並 | C95: ping7 | D95: 0.1 | E95: p | F95: ing | G95: 7
A96: 1699 | B96: 个 | C96: e5 | D96: 0.1 | F96: e | G96: 5
A97: 1744 | B97: 中 | C97: ting3 | D97: 0.5 | E97: t | F97: ing | G97: 3
A98: 1745 | B98: 中 | C98: tiong1 | D98: 0.8 | E98: t | F98: iong | G98: 1
A99: 9786 | B99: 中 | C99: tiong3 | D99: 0.69 | E99: t | F99: iong | G99: 3
A100: 7171 | B100: 中 | C100: tiong7 | D100: 0.7 | E100: t | F100: iong | G100: 7
A101: 10597 | B101: 串 | C101: cng3 | D101: 0.1 | E101: c | F101: ng | G101: 3
A102: 2158 | B102: 串 | C102: cuan3 | D102: 0.01 | E102: c | F102: uan | G102: 3
A103: 2159 | B103: 串 | C103: cuinn3 | D103: 0.01 | E103: c | F103: uinn | G103: 3
A104: 1701 | B104: 丸 | C104: inn5 | D104: 0.01 | F104: inn | G104: 5
A105: 1700 | B105: 丸 | C105: uan5 | D105: 0.01 | F105: uan | G105: 5
A106: 22 | B106: 丹 | C106: tan1 | D106: 0.8 | E106: t | F106: an | G106: 1
A107: 1853 | B107: 主 | C107: zu2 | D107: 0.8 | E107: z | F107: u | G107: 2
A108: 10598 | B108: 丼 | C108: tom5 | D108: 0.1 | E108: t | F108: om | G108: 5
A109: 1670 | B109: 乃 | C109: nai2 | D109: 0.8 | E109: n | F109: ai | G109: 2
A110: 1703 | B110: 久 | C110: kiu2 | D110: 0.01 | E110: k | F110: iu | G110: 2
A111: 1702 | B111: 久 | C111: ku2 | D111: 0.8 | E111: k | F111: u | G111: 2
A112: 1704 | B112: 么 | C112: io1 | D112: 0.01 | F112: io | G112: 1
A113: 1746 | B113: 之 | C113: zi1 | D113: 0.8 | E113: z | F113: i | G113: 1
A114: 59 | B114: 乍 | C114: za7 | D114: 0.8 | E114: z | F114: a | G114: 7
A115: 10599 | B115: 乍 | C115: zann3 | D115: 0.1 | E115: z | F115: ann | G115: 3
A116: 7143 | B116: 乎 | C116: honnh4 | D116: 0.1 | E116: h | F116: onnh | G116: 4
A117: 1854 | B117: 乎 | C117: hoo5 | D117: 0.8 | E117: h | F117: oo | G117: 5
A118: 11841 | B118: 乎 | C118: hoo7 | D118: 0.7 | E118: h | F118: oo | G118: 7
A119: 6762 | B119: 乎 | C119: hoonn3 | D119: 0.6 | E119: h | F119: oonn | G119: 3
A120: 7662 | B120: 乎 | C120: hoonnh4 | D120: 0.1 | E120: h | F120: oonnh | G120: 4
A121: 60 | B121: 乏 | C121: hat8 | D121: 0.01 | E121: h | F121: at | G121: 8
A122: 1855 | B122: 乏 | C122: huat8 | D122: 0.01 | E122: h | F122: uat | G122: 8
A123: 1981 | B123: 乒 | C123: phin1 | D123: 0.01 | E123: ph | F123: in | G123: 1
A124: 1982 | B124: 乓 | C124: phong1 | D124: 0.01 | E124: ph | F124: ong | G124: 1
... A127: 3220 | B127: 乘 | C127: sing7 | D127: 0.01 | E127: s | F127: ing | G127: 7
A128: 10600 | B128: 乙 | C128: it1 | D128: 0.1 | F128: it | G128: 1
A129: 1667 | B129: 乙 | C129: it4 | D129: 0.01 | F129: it | G129: 4
A130: 1 | B130: 九 | C130: kau2 | D130: 0.6 | E130: k | F130: au | G130: 2
A131: 1671 | B131: 九 | C131: kiu2 | D131: 0.8 | E131: k | F131: iu | G131: 2
A132: 10601 | B132: 乞 | C132: khit1 | D132: 0.1 | E132: kh | F132: it | G132: 1
A133: 1705 | B133: 乞 | C133: khit4 | D133: 0.01 | E133: kh | F133: it | G133: 4
A134: 6949 | B134: 也 | C134: a2 | D134: 0.6 | F134: a | G134: 2
A135: 7729 | B135: 也 | C135: ia2 | D135: 0.8 | F135: ia | G135: 2
...

Sheet SQLite漢字庫(BAK)
A1: 識別號 | B1: 漢字 | C1: 台語音標 | D1: 常用度 | E1: 聲母 | F1: 韻母 | G1: 調號
A2: 10575 | B2: 㔂 | C2: lan5 | D2: 0.1 | E2: l | F2: an | G2: 5
A3: 4547 | B3: 㜅 | C3: thik4 | D3: 0.01 | E3: th | F3: ik | G3: 4
A4: 909 | B4: 㝥 | C4: bai2 | D4: 0.01 | E4: b | F4: ai | G4: 2
A5: 10576 | B5: 㤉 | C5: ge5 | D5: 0.1 | E5: g | F5: e | G5: 5
A6: 2157 | B6: 㤉 | C6: ger5 | D6: 0.01 | E6: g | F6: e | G6: 5
A7: 10577 | B7: 㧌 | C7: mau1 | D7: 0.1 | E7: m | F7: au | G7: 1
A8: 10578 | B8: 㧎 | C8: khe5 | D8: 0.1 | E8: kh | F8: e | G8: 5
A9: 10579 | B9: 㧒 | C9: hiat1 | D9: 0.1 | E9: h | F9: iat | G9: 1
A10: 2458 | B10: 㧒 | C10: hiat4 | D10: 0.01 | E10: h | F10: iat | G10: 4
A11: 2853 | B11: 㧣 | C11: tu1 | D11: 0.01 | E11: t | F11: u | G11: 1
A12: 10580 | B12: 㧻 | C12: tok1 | D12: 0.1 | E12: t | F12: ok | G12: 1
A13: 3640 | B13: 㧻 | C13: tok4 | D13: 0.01 | E13: t | F13: ok | G13: 4
... A33: 622 | B33: 䘥 | C33: kah4 | D33: 0.01 | E33: k | F33: ah | G33: 4
A34: 10587 | B34: 䘼 | C34: ng2 | D34: 0.1 | F34: ng | G34: 2
A35: 4952 | B35: 䘼 | C35: uinn2 | D35: 0.01 | F35: uinn | G35: 2
A36: 4953 | B36: 䘿 | C36: khut8 | D36: 0.01 | E36: kh | F36: ut | G36: 8
A37: 10588 | B37: 䠡 | C37: tshe5 | D37: 0.1 | E37: c | F37: e | G37: 5
A38: 6096 | B38: 䠡 | C38: tshere5 | D38: 0.01 | E38: c | F38: ue | G38: 5
A39: 5880 | B39: 䫌 | C39: phue2 | D39: 0.01 | E39: ph | F39: ue | G39: 2
A40: 6097 | B40: 䭔 | C40: ter1 | D40: 0.01 | E40: t | F40: e | G40: 1
A41: 1542 | B41: 䭕 | C41: tsiann2 | D41: 0.01 | E41: z | F41: iann | G41: 2
A42: 10589 | B42: 一 | C42: it1 | D42: 0.1 | F42: it | G42: 1
A43: 1665 | B43: 一 | C43: it4 | D43: 0.8 | F43: it | G43: 4
A44: 6939 | B44: 一 | C44: tsit8 | D44: 0.6 | E44: z | F44: it | G44: 8
A45: 1668 | B45: 丁 | C45: ting1 | D45: 0.01 | E45: t | F45: ing | G45: 1
A46: 10590 | B46: 七 | C46: tshit1 | D46: 0.1 | E46: c | F46: it | G46: 1
A47: 1669 | B47: 七 | C47: tshit4 | D47: 0.8 | E47: c | F47: it | G47: 4
A48: 1686 | B48: 丈 | C48: tiang6 | D48: 0.01 | E48: t | F48: iang | G48: 6
A49: 1687 | B49: 丈 | C49: tiunn6 | D49: 0.01 | E49: t | F49: iunn | G49: 6
A50: 1688 | B50: 丈 | C50: tng6 | D50: 0.01 | E50: t | F50: ng | G50: 6
A51: 10591 | B51: 丈 | C51: tng7 | D51: 0.1 | E51: t | F51: ng | G51: 7
A52: 9 | B52: 三 | C52: sam1 | D52: 0.8 | E52: s | F52: am | G52: 1
A53: 10 | B53: 三 | C53: sam3 | D53: 0.7 | E53: s | F53: am | G53: 3
A54: 7131 | B54: 三 | C54: sann1 | D54: 0.8 | E54: s | F54: ann | G54: 1
A55: 1689 | B55: 上 | C55: siang6 | D55: 0.01 | E55: s | F55: iang | G55: 6
... A62: 10592 | B62: 上 | C62: tsiunn7 | D62: 0.1 | E62: z | F62: iunn | G62: 7
A63: 1698 | B63: 下 | C63: e7 | D63: 0.6 | F63: e | G63: 7
A64: 1694 | B64: 下 | C64: ee6 | D64: 0.01 | F64: e | G64: 6
A65: 1695 | B65: 下 | C65: ee7 | D65: 0.01 | F65: e | G65: 7
A66: 11872 | B66: 下 | C66: ha2 | D66: 0.8 | E66: h | F66: a | G66: 2
A67: 9795 | B67: 下 | C67: ha3 | D67: 0.7 | E67: h | F67: a | G67: 3
A68: 11 | B68: 下 | C68: ha7 | D68: 0.8 | E68: h | F68: a | G68: 7
A69: 10594 | B69: 下 | C69: he7 | D69: 0.1 | E69: h | F69: e | G69: 7
A70: 1697 | B70: 下 | C70: hee6 | D70: 0.05 | E70: h | F70: e | G70: 6
A71: 1696 | B71: 下 | C71: khee6 | D71: 0.05 | E71: kh | F71: e | G71: 6
A72: 1742 | B72: 不 | C72: bue7 | D72: 0.5 | E72: b | F72: ue | G72: 7
A73: 6595 | B73: 不 | C73: hiu2 | D73: 0.7 | E73: h | F73: iu | G73: 2
A74: 1741 | B74: 不 | C74: m7 | D74: 0.6 | F74: m | G74: 7
A75: 10595 | B75: 不 | C75: put1 | D75: 0.1 | E75: p | F75: ut | G75: 1
A76: 1740 | B76: 不 | C76: put4 | D76: 0.8 | E76: p | F76: ut | G76: 4
A77: 6797 | B77: 与 | C77: kap4 | D77: 0.6 | E77: k | F77: ap | G77: 4
A78: 21 | B78: 丐 | C78: kai3 | D78: 0.01 | E78: k | F78: ai | G78: 3
A79: 1743 | B79: 丑 | C79: thiu2 | D79: 0.8 | E79: th | F79: iu | G79: 2
A80: 7062 | B80: 且 | C80: tshe2 | D80: 0.6 | E80: c | F80: e | G80: 2
A81: 7027 | B81: 且 | C81: tshia2 | D81: 0.8 | E81: c | F81: ia | G81: 2
A82: 57 | B82: 且 | C82: tshiann2 | D82: 0.8 | E82: c | F82: iann | G82: 2
A83: 1847 | B83: 丕 | C83: phi1 | D83: 0.01 | E83: ph | F83: i | G83: 1
A84: 1848 | B84: 世 | C84: se3 | D84: 0.8 | E84: s | F84: e | G84: 3
A85: 1849 | B85: 世 | C85: si3 | D85: 0.8 | E85: s | F85: i | G85: 3
A86: 1851 | B86: 丘 | C86: khiu1 | D86: 0.8 | E86: kh | F86: iu | G86: 1
... A95: 10596 | B95: 並 | C95: ping7 | D95: 0.1 | E95: p | F95: ing | G95: 7
A96: 1699 | B96: 个 | C96: e5 | D96: 0.1 | F96: e | G96: 5
A97: 1744 | B97: 中 | C97: ting3 | D97: 0.5 | E97: t | F97: ing | G97: 3
A98: 1745 | B98: 中 | C98: tiong1 | D98: 0.8 | E98: t | F98: iong | G98: 1
A99: 9786 | B99: 中 | C99: tiong3 | D99: 0.69 | E99: t | F99: iong | G99: 3
A100: 7171 | B100: 中 | C100: tiong7 | D100: 0.7 | E100: t | F100: iong | G100: 7
A101: 10597 | B101: 串 | C101: tshng3 | D101: 0.1 | E101: c | F101: ng | G101: 3
A102: 2158 | B102: 串 | C102: tshuan3 | D102: 0.01 | E102: c | F102: uan | G102: 3
A103: 2159 | B103: 串 | C103: tshuinn3 | D103: 0.01 | E103: c | F103: uinn | G103: 3
A104: 1701 | B104: 丸 | C104: inn5 | D104: 0.01 | F104: inn | G104: 5
A105: 1700 | B105: 丸 | C105: uan5 | D105: 0.01 | F105: uan | G105: 5
A106: 22 | B106: 丹 | C106: tan1 | D106: 0.8 | E106: t | F106: an | G106: 1
A107: 1853 | B107: 主 | C107: tsu2 | D107: 0.8 | E107: z | F107: u | G107: 2
A108: 10598 | B108: 丼 | C108: tom5 | D108: 0.1 | E108: t | F108: om | G108: 5
A109: 1670 | B109: 乃 | C109: nai2 | D109: 0.8 | E109: n | F109: ai | G109: 2
A110: 1703 | B110: 久 | C110: kiu2 | D110: 0.01 | E110: k | F110: iu | G110: 2
A111: 1702 | B111: 久 | C111: ku2 | D111: 0.8 | E111: k | F111: u | G111: 2
A112: 1704 | B112: 么 | C112: io1 | D112: 0.01 | F112: io | G112: 1
A113: 1746 | B113: 之 | C113: tsi1 | D113: 0.8 | E113: z | F113: i | G113: 1
A114: 59 | B114: 乍 | C114: tsa7 | D114: 0.8 | E114: z | F114: a | G114: 7
A115: 10599 | B115: 乍 | C115: tsann3 | D115: 0.1 | E115: z | F115: ann | G115: 3
A116: 7143 | B116: 乎 | C116: honnh4 | D116: 0.1 | E116: h | F116: onnh | G116: 4
A117: 1854 | B117: 乎 | C117: hoo5 | D117: 0.8 | E117: h | F117: oo | G117: 5
A118: 11841 | B118: 乎 | C118: hoo7 | D118: 0.7 | E118: h | F118: oo | G118: 7
A119: 6762 | B119: 乎 | C119: hoonn3 | D119: 0.6 | E119: h | F119: oonn | G119: 3
A120: 7662 | B120: 乎 | C120: hoonnh4 | D120: 0.1 | E120: h | F120: oonnh | G120: 4
A121: 60 | B121: 乏 | C121: hat8 | D121: 0.01 | E121: h | F121: at | G121: 8
A122: 1855 | B122: 乏 | C122: huat8 | D122: 0.01 | E122: h | F122: uat | G122: 8
A123: 1981 | B123: 乒 | C123: phin1 | D123: 0.01 | E123: ph | F123: in | G123: 1
A124: 1982 | B124: 乓 | C124: phong1 | D124: 0.01 | E124: ph | F124: ong | G124: 1
... A127: 3220 | B127: 乘 | C127: sing7 | D127: 0.01 | E127: s | F127: ing | G127: 7
A128: 10600 | B128: 乙 | C128: it1 | D128: 0.1 | F128: it | G128: 1
A129: 1667 | B129: 乙 | C129: it4 | D129: 0.01 | F129: it | G129: 4
A130: 1 | B130: 九 | C130: kau2 | D130: 0.6 | E130: k | F130: au | G130: 2
A131: 1671 | B131: 九 | C131: kiu2 | D131: 0.8 | E131: k | F131: iu | G131: 2
A132: 10601 | B132: 乞 | C132: khit1 | D132: 0.1 | E132: kh | F132: it | G132: 1
A133: 1705 | B133: 乞 | C133: khit4 | D133: 0.01 | E133: kh | F133: it | G133: 4
A134: 6949 | B134: 也 | C134: a2 | D134: 0.6 | F134: a | G134: 2
A135: 7729 | B135: 也 | C135: ia2 | D135: 0.8 | F135: ia | G135: 2
...

Sheet 漢字查音
B1: 漢字
B2: 徘
B4: 漢字 | C4: 台羅拼音 | D4: 白話字拼音 | E4: 閩拼標音 | F4: 方音符號 | H4: 十五音標音 | I4: 雅俗通標音 | K4: 識別號 | L4: 漢字 | M4: 切音 | N4: 字韻 | O4: 聲調 | P4: 原資料拼音 | Q4: 舒促聲 | R4: 聲 | S4: 韻 | T4: 調 | U4: 拼音碼 | V4: 雅俗通標音 | W4: 十五音標音 | X4: 常用度
B5: =IF( $K5="", "", L5) -> 徘 | C5: =IF($K5="","", IF($N5="英", "", INDEX(聲母對照資料表[], MATCH($R5,聲母碼,0), 5)) & $S5 & $T5 ) -> pai5 | D5: =IF($K5="","", IF($N5="英", "", INDEX(聲母對照資料表[], MATCH($R5,聲母碼,0), 5)) & INDEX(韻母對照資料表[], MATCH($S5, 韻母碼,0), 4) & $T5 ) -> pai5 | E5: {=IF($K5="","", IF($N5="英", "", INDEX(聲母對照資料表[], MATCH($R5,聲母碼,0), 5)) & INDEX(韻母對照資料表[],MATCH($S5,韻母碼,0),6) & INDEX(閩拼八聲調,$T5))} -> pai2 | F5: =IFERROR( SUBSTITUTE($G5, LEFT($G5,2), INDEX(設定!$X$9:$X$12,MATCH(LEFT($G5,2), 設定!$W$9:$W$12,0))), $G5) -> ˊ | G5: {=IF($K5="","", IF($N5="英", "", INDEX(聲母對照資料表[],MATCH($R5,聲母碼,0),7)) & INDEX(韻母對照資料表[],MATCH($S5,韻母碼,0),7) & INDEX(方音符號聲調,$T5))} -> ˊ | H5: =IF($K5="", "", $W5) -> 皆五邊 | I5: =IF($K5="", "", $V5) -> 皆下平聲邊 | K5: {=_xlfn._xlws.FILTER(雅俗通字典[],雅俗通字典[漢字]=B2)} -> 6695 | L5: 徘 | M5: 邊 | N5: 皆 | O5: 下平 | P5: pai5 | Q5: 舒聲 | R5: p | S5: ai | T5: 5 | U5: pai5 | V5: 皆下平聲邊 | W5: 皆五邊 | X5: 0
B6: =IF( $K6="", "", L6) | C6: =IF($K6="","", IF($N6="英", "", INDEX(聲母對照資料表[], MATCH($R6,聲母碼,0), 5)) & $S6 & $T6 ) | D6: =IF($K6="","", IF($N6="英", "", INDEX(聲母對照資料表[], MATCH($R6,聲母碼,0), 5)) & INDEX(韻母對照資料表[], MATCH($S6, 韻母碼,0), 4) & $T6 ) | E6: {=IF($K6="","", IF($N6="英", "", INDEX(聲母對照資料表[], MATCH($R6,聲母碼,0), 5)) & INDEX(韻母對照資料表[],MATCH($S6,韻母碼,0),6) & INDEX(閩拼八聲調,$T6))} | F6: =IFERROR( SUBSTITUTE($G6, LEFT($G6,2), INDEX(設定!$X$9:$X$12,MATCH(LEFT($G6,2), 設定!$W$9:$W$12,0))), $G6) | G6: {=IF($K6="","", IF($N6="英", "", INDEX(聲母對照資料表[],MATCH($R6,聲母碼,0),7)) & INDEX(韻母對照資料表[],MATCH($S6,韻母碼,0),7) & INDEX(方音符號聲調,$T6))} | H6: =IF($K6="", "", $W6) | I6: =IF($K6="", "", $V6)
B7: =IF( $K7="", "", L7) | C7: =IF($K7="","", IF($N7="英", "", INDEX(聲母對照資料表[], MATCH($R7,聲母碼,0), 5)) & $S7 & $T7 ) | D7: =IF($K7="","", IF($N7="英", "", INDEX(聲母對照資料表[], MATCH($R7,聲母碼,0), 5)) & INDEX(韻母對照資料表[], MATCH($S7, 韻母碼,0), 4) & $T7 ) | E7: {=IF($K7="","", IF($N7="英", "", INDEX(聲母對照資料表[], MATCH($R7,聲母碼,0), 5)) & INDEX(韻母對照資料表[],MATCH($S7,韻母碼,0),6) & INDEX(閩拼八聲調,$T7))} | F7: =IFERROR( SUBSTITUTE($G7, LEFT($G7,2), INDEX(設定!$X$9:$X$12,MATCH(LEFT($G7,2), 設定!$W$9:$W$12,0))), $G7) | G7: {=IF($K7="","", IF($N7="英", "", INDEX(聲母對照資料表[],MATCH($R7,聲母碼,0),7)) & INDEX(韻母對照資料表[],MATCH($S7,韻母碼,0),7) & INDEX(方音符號聲調,$T7))} | H7: =IF($K7="", "", $W7) | I7: =IF($K7="", "", $V7)
B8: =IF( $K8="", "", L8) | C8: =IF($K8="","", IF($N8="英", "", INDEX(聲母對照資料表[], MATCH($R8,聲母碼,0), 5)) & $S8 & $T8 ) | D8: =IF($K8="","", IF($N8="英", "", INDEX(聲母對照資料表[], MATCH($R8,聲母碼,0), 5)) & INDEX(韻母對照資料表[], MATCH($S8, 韻母碼,0), 4) & $T8 ) | E8: {=IF($K8="","", IF($N8="英", "", INDEX(聲母對照資料表[], MATCH($R8,聲母碼,0), 5)) & INDEX(韻母對照資料表[],MATCH($S8,韻母碼,0),6) & INDEX(閩拼八聲調,$T8))} | F8: =IFERROR( SUBSTITUTE($G8, LEFT($G8,2), INDEX(設定!$X$9:$X$12,MATCH(LEFT($G8,2), 設定!$W$9:$W$12,0))), $G8) | G8: {=IF($K8="","", IF($N8="英", "", INDEX(聲母對照資料表[],MATCH($R8,聲母碼,0),7)) & INDEX(韻母對照資料表[],MATCH($S8,韻母碼,0),7) & INDEX(方音符號聲調,$T8))} | H8: =IF($K8="", "", $W8) | I8: =IF($K8="", "", $V8)
B9: =IF( $K9="", "", L9) | C9: =IF($K9="","", IF($N9="英", "", INDEX(聲母對照資料表[], MATCH($R9,聲母碼,0), 5)) & $S9 & $T9 ) | D9: =IF($K9="","", IF($N9="英", "", INDEX(聲母對照資料表[], MATCH($R9,聲母碼,0), 5)) & INDEX(韻母對照資料表[], MATCH($S9, 韻母碼,0), 4) & $T9 ) | E9: {=IF($K9="","", IF($N9="英", "", INDEX(聲母對照資料表[], MATCH($R9,聲母碼,0), 5)) & INDEX(韻母對照資料表[],MATCH($S9,韻母碼,0),6) & INDEX(閩拼八聲調,$T9))} | F9: =IFERROR( SUBSTITUTE($G9, LEFT($G9,2), INDEX(設定!$X$9:$X$12,MATCH(LEFT($G9,2), 設定!$W$9:$W$12,0))), $G9) | G9: {=IF($K9="","", IF($N9="英", "", INDEX(聲母對照資料表[],MATCH($R9,聲母碼,0),7)) & INDEX(韻母對照資料表[],MATCH($S9,韻母碼,0),7) & INDEX(方音符號聲調,$T9))} | H9: =IF($K9="", "", $W9) | I9: =IF($K9="", "", $V9)
B10: =IF( $K10="", "", L10) | C10: =IF($K10="","", IF($N10="英", "", INDEX(聲母對照資料表[], MATCH($R10,聲母碼,0), 5)) & $S10 & $T10 ) | D10: =IF($K10="","", IF($N10="英", "", INDEX(聲母對照資料表[], MATCH($R10,聲母碼,0), 5)) & INDEX(韻母對照資料表[], MATCH($S10, 韻母碼,0), 4) & $T10 ) | E10: {=IF($K10="","", IF($N10="英", "", INDEX(聲母對照資料表[], MATCH($R10,聲母碼,0), 5)) & INDEX(韻母對照資料表[],MATCH($S10,韻母碼,0),6) & INDEX(閩拼八聲調,$T10))} | F10: =IFERROR( SUBSTITUTE($G10, LEFT($G10,2), INDEX(設定!$X$9:$X$12,MATCH(LEFT($G10,2), 設定!$W$9:$W$12,0))), $G10) | G10: {=IF($K10="","", IF($N10="英", "", INDEX(聲母對照資料表[],MATCH($R10,聲母碼,0),7)) & INDEX(韻母對照資料表[],MATCH($S10,韻母碼,0),7) & INDEX(方音符號聲調,$T10))} | H10: =IF($K10="", "", $W10) | I10: =IF($K10="", "", $V10)
B11: =IF( $K11="", "", L11) | C11: =IF($K11="","", IF($N11="英", "", INDEX(聲母對照資料表[], MATCH($R11,聲母碼,0), 5)) & $S11 & $T11 ) | D11: =IF($K11="","", IF($N11="英", "", INDEX(聲母對照資料表[], MATCH($R11,聲母碼,0), 5)) & INDEX(韻母對照資料表[], MATCH($S11, 韻母碼,0), 4) & $T11 ) | E11: {=IF($K11="","", IF($N11="英", "", INDEX(聲母對照資料表[], MATCH($R11,聲母碼,0), 5)) & INDEX(韻母對照資料表[],MATCH($S11,韻母碼,0),6) & INDEX(閩拼八聲調,$T11))} | F11: =IFERROR( SUBSTITUTE($G11, LEFT($G11,2), INDEX(設定!$X$9:$X$12,MATCH(LEFT($G11,2), 設定!$W$9:$W$12,0))), $G11) | G11: {=IF($K11="","", IF($N11="英", "", INDEX(聲母對照資料表[],MATCH($R11,聲母碼,0),7)) & INDEX(韻母對照資料表[],MATCH($S11,韻母碼,0),7) & INDEX(方音符號聲調,$T11))} | H11: =IF($K11="", "", $W11) | I11: =IF($K11="", "", $V11)
B12: =IF( $K12="", "", L12) | C12: =IF($K12="","", IF($N12="英", "", INDEX(聲母對照資料表[], MATCH($R12,聲母碼,0), 5)) & $S12 & $T12 ) | D12: =IF($K12="","", IF($N12="英", "", INDEX(聲母對照資料表[], MATCH($R12,聲母碼,0), 5)) & INDEX(韻母對照資料表[], MATCH($S12, 韻母碼,0), 4) & $T12 ) | E12: {=IF($K12="","", IF($N12="英", "", INDEX(聲母對照資料表[], MATCH($R12,聲母碼,0), 5)) & INDEX(韻母對照資料表[],MATCH($S12,韻母碼,0),6) & INDEX(閩拼八聲調,$T12))} | F12: =IFERROR( SUBSTITUTE($G12, LEFT($G12,2), INDEX(設定!$X$9:$X$12,MATCH(LEFT($G12,2), 設定!$W$9:$W$12,0))), $G12) | G12: {=IF($K12="","", IF($N12="英", "", INDEX(聲母對照資料表[],MATCH($R12,聲母碼,0),7)) & INDEX(韻母對照資料表[],MATCH($S12,韻母碼,0),7) & INDEX(方音符號聲調,$T12))} | H12: =IF($K12="", "", $W12) | I12: =IF($K12="", "", $V12)
B13: =IF( $K13="", "", L13) | C13: =IF($K13="","", IF($N13="英", "", INDEX(聲母對照資料表[], MATCH($R13,聲母碼,0), 5)) & $S13 & $T13 ) | D13: =IF($K13="","", IF($N13="英", "", INDEX(聲母對照資料表[], MATCH($R13,聲母碼,0), 5)) & INDEX(韻母對照資料表[], MATCH($S13, 韻母碼,0), 4) & $T13 ) | E13: {=IF($K13="","", IF($N13="英", "", INDEX(聲母對照資料表[], MATCH($R13,聲母碼,0), 5)) & INDEX(韻母對照資料表[],MATCH($S13,韻母碼,0),6) & INDEX(閩拼八聲調,$T13))} | F13: =IFERROR( SUBSTITUTE($G13, LEFT($G13,2), INDEX(設定!$X$9:$X$12,MATCH(LEFT($G13,2), 設定!$W$9:$W$12,0))), $G13) | G13: {=IF($K13="","", IF($N13="英", "", INDEX(聲母對照資料表[],MATCH($R13,聲母碼,0),7)) & INDEX(韻母對照資料表[],MATCH($S13,韻母碼,0),7) & INDEX(方音符號聲調,$T13))} | H13: =IF($K13="", "", $W13) | I13: =IF($K13="", "", $V13)
B14: =IF( $K14="", "", L14) | C14: =IF($K14="","", IF($N14="英", "", INDEX(聲母對照資料表[], MATCH($R14,聲母碼,0), 5)) & $S14 & $T14 ) | D14: =IF($K14="","", IF($N14="英", "", INDEX(聲母對照資料表[], MATCH($R14,聲母碼,0), 5)) & INDEX(韻母對照資料表[], MATCH($S14, 韻母碼,0), 4) & $T14 ) | E14: {=IF($K14="","", IF($N14="英", "", INDEX(聲母對照資料表[], MATCH($R14,聲母碼,0), 5)) & INDEX(韻母對照資料表[],MATCH($S14,韻母碼,0),6) & INDEX(閩拼八聲調,$T14))} | F14: =IFERROR( SUBSTITUTE($G14, LEFT($G14,2), INDEX(設定!$X$9:$X$12,MATCH(LEFT($G14,2), 設定!$W$9:$W$12,0))), $G14) | G14: {=IF($K14="","", IF($N14="英", "", INDEX(聲母對照資料表[],MATCH($R14,聲母碼,0),7)) & INDEX(韻母對照資料表[],MATCH($S14,韻母碼,0),7) & INDEX(方音符號聲調,$T14))} | H14: =IF($K14="", "", $W14) | I14: =IF($K14="", "", $V14)
B15: =IF( $K15="", "", L15) | C15: =IF($K15="","", IF($N15="英", "", INDEX(聲母對照資料表[], MATCH($R15,聲母碼,0), 5)) & $S15 & $T15 ) | D15: =IF($K15="","", IF($N15="英", "", INDEX(聲母對照資料表[], MATCH($R15,聲母碼,0), 5)) & INDEX(韻母對照資料表[], MATCH($S15, 韻母碼,0), 4) & $T15 ) | E15: {=IF($K15="","", IF($N15="英", "", INDEX(聲母對照資料表[], MATCH($R15,聲母碼,0), 5)) & INDEX(韻母對照資料表[],MATCH($S15,韻母碼,0),6) & INDEX(閩拼八聲調,$T15))} | F15: =IFERROR( SUBSTITUTE($G15, LEFT($G15,2), INDEX(設定!$X$9:$X$12,MATCH(LEFT($G15,2), 設定!$W$9:$W$12,0))), $G15) | G15: {=IF($K15="","", IF($N15="英", "", INDEX(聲母對照資料表[],MATCH($R15,聲母碼,0),7)) & INDEX(韻母對照資料表[],MATCH($S15,韻母碼,0),7) & INDEX(方音符號聲調,$T15))} | H15: =IF($K15="", "", $W15) | I15: =IF($K15="", "", $V15)
B16: =IF( $K16="", "", L16) | C16: =IF($K16="","", IF($N16="英", "", INDEX(聲母對照資料表[], MATCH($R16,聲母碼,0), 5)) & $S16 & $T16 ) | D16: =IF($K16="","", IF($N16="英", "", INDEX(聲母對照資料表[], MATCH($R16,聲母碼,0), 5)) & INDEX(韻母對照資料表[], MATCH($S16, 韻母碼,0), 4) & $T16 ) | E16: {=IF($K16="","", IF($N16="英", "", INDEX(聲母對照資料表[], MATCH($R16,聲母碼,0), 5)) & INDEX(韻母對照資料表[],MATCH($S16,韻母碼,0),6) & INDEX(閩拼八聲調,$T16))} | F16: =IFERROR( SUBSTITUTE($G16, LEFT($G16,2), INDEX(設定!$X$9:$X$12,MATCH(LEFT($G16,2), 設定!$W$9:$W$12,0))), $G16) | G16: {=IF($K16="","", IF($N16="英", "", INDEX(聲母對照資料表[],MATCH($R16,聲母碼,0),7)) & INDEX(韻母對照資料表[],MATCH($S16,韻母碼,0),7) & INDEX(方音符號聲調,$T16))} | H16: =IF($K16="", "", $W16) | I16: =IF($K16="", "", $V16)
B17: =IF( $K17="", "", L17) | C17: =IF($K17="","", IF($N17="英", "", INDEX(聲母對照資料表[], MATCH($R17,聲母碼,0), 5)) & $S17 & $T17 ) | D17: =IF($K17="","", IF($N17="英", "", INDEX(聲母對照資料表[], MATCH($R17,聲母碼,0), 5)) & INDEX(韻母對照資料表[], MATCH($S17, 韻母碼,0), 4) & $T17 ) | E17: {=IF($K17="","", IF($N17="英", "", INDEX(聲母對照資料表[], MATCH($R17,聲母碼,0), 5)) & INDEX(韻母對照資料表[],MATCH($S17,韻母碼,0),6) & INDEX(閩拼八聲調,$T17))} | F17: =IFERROR( SUBSTITUTE($G17, LEFT($G17,2), INDEX(設定!$X$9:$X$12,MATCH(LEFT($G17,2), 設定!$W$9:$W$12,0))), $G17) | G17: {=IF($K17="","", IF($N17="英", "", INDEX(聲母對照資料表[],MATCH($R17,聲母碼,0),7)) & INDEX(韻母對照資料表[],MATCH($S17,韻母碼,0),7) & INDEX(方音符號聲調,$T17))} | H17: =IF($K17="", "", $W17) | I17: =IF($K17="", "", $V17)
... B104: =IF( $K104="", "", L104) | C104: =IF($K104="","", IF($N104="英", "", INDEX(聲母對照資料表[], MATCH($R104,聲母碼,0), 5)) & $S104 & $T104 ) | D104: =IF($K104="","", IF($N104="英", "", INDEX(聲母對照資料表[], MATCH($R104,聲母碼,0), 5)) & INDEX(韻母對照資料表[], MATCH($S104, 韻母碼,0), 4) & $T104 ) | E104: {=IF($K104="","", IF($N104="英", "", INDEX(聲母對照資料表[], MATCH($R104,聲母碼,0), 5)) & INDEX(韻母對照資料表[],MATCH($S104,韻母碼,0),6) & INDEX(閩拼八聲調,$T104))} | F104: =IFERROR( SUBSTITUTE($G104, LEFT($G104,2), INDEX(設定!$X$9:$X$12,MATCH(LEFT($G104,2), 設定!$W$9:$W$12,0))), $G104) | G104: {=IF($K104="","", IF($N104="英", "", INDEX(聲母對照資料表[],MATCH($R104,聲母碼,0),7)) & INDEX(韻母對照資料表[],MATCH($S104,韻母碼,0),7) & INDEX(方音符號聲調,$T104))} | H104: =IF($K104="", "", $W104) | I104: =IF($K104="", "", $V104)
B105: =IF( $K105="", "", L105) | C105: =IF($K105="","", INDEX(聲母對照資料表[], MATCH($O105,聲母碼,0), 5) & $P105 & $Q105 ) | D105: =IF($K105="","", INDEX(聲母對照資料表[], MATCH($O105,聲母碼,0), 4) & INDEX(韻母對照資料表[], MATCH($P105, 韻母碼,0), 4) & $Q105 ) | E105: {=IF($K105="","",INDEX(聲母對照資料表[],MATCH($O105,聲母碼,0),6) & INDEX(韻母對照資料表[],MATCH($P105,韻母碼,0),6) & INDEX(閩拼八聲調,$Q105))} | F105: =IFERROR( SUBSTITUTE($G105, LEFT($G105,2), INDEX(設定!$X$9:$X$12,MATCH(LEFT($G105,2), 設定!$W$9:$W$12,0))), $G105) | G105: {=IF($K105="","",INDEX(聲母對照資料表[],MATCH($O105,聲母碼,0),7) & INDEX(韻母對照資料表[],MATCH($P105,韻母碼,0),7) & INDEX(方音符號聲調,$Q105))} | I105: {=IF($K105="", "", $U105 & INDEX(設定!$E$2:$E$9, $Q105) & 漢字查音!$T105)}
B106: =IF( $K106="", "", L106) | C106: =IF($K106="","", INDEX(聲母對照資料表[], MATCH($O106,聲母碼,0), 5) & $P106 & $Q106 ) | D106: =IF($K106="","", INDEX(聲母對照資料表[], MATCH($O106,聲母碼,0), 4) & INDEX(韻母對照資料表[], MATCH($P106, 韻母碼,0), 4) & $Q106 ) | E106: {=IF($K106="","",INDEX(聲母對照資料表[],MATCH($O106,聲母碼,0),6) & INDEX(韻母對照資料表[],MATCH($P106,韻母碼,0),6) & INDEX(閩拼八聲調,$Q106))} | F106: =IFERROR( SUBSTITUTE($G106, LEFT($G106,2), INDEX(設定!$X$9:$X$12,MATCH(LEFT($G106,2), 設定!$W$9:$W$12,0))), $G106) | G106: {=IF($K106="","",INDEX(聲母對照資料表[],MATCH($O106,聲母碼,0),7) & INDEX(韻母對照資料表[],MATCH($P106,韻母碼,0),7) & INDEX(方音符號聲調,$Q106))} | I106: {=IF($K106="", "", $U106 & INDEX(設定!$E$2:$E$9, $Q106) & 漢字查音!$T106)}
B107: =IF( $K107="", "", L107) | C107: =IF($K107="","", INDEX(聲母對照資料表[], MATCH($O107,聲母碼,0), 5) & $P107 & $Q107 ) | D107: =IF($K107="","", INDEX(聲母對照資料表[], MATCH($O107,聲母碼,0), 4) & INDEX(韻母對照資料表[], MATCH($P107, 韻母碼,0), 4) & $Q107 ) | E107: {=IF($K107="","",INDEX(聲母對照資料表[],MATCH($O107,聲母碼,0),6) & INDEX(韻母對照資料表[],MATCH($P107,韻母碼,0),6) & INDEX(閩拼八聲調,$Q107))} | F107: =IFERROR( SUBSTITUTE($G107, LEFT($G107,2), INDEX(設定!$X$9:$X$12,MATCH(LEFT($G107,2), 設定!$W$9:$W$12,0))), $G107) | G107: {=IF($K107="","",INDEX(聲母對照資料表[],MATCH($O107,聲母碼,0),7) & INDEX(韻母對照資料表[],MATCH($P107,韻母碼,0),7) & INDEX(方音符號聲調,$Q107))} | I107: {=IF($K107="", "", $U107 & INDEX(設定!$E$2:$E$9, $Q107) & 漢字查音!$T107)}
B108: =IF( $K108="", "", L108) | C108: =IF($K108="","", INDEX(聲母對照資料表[], MATCH($O108,聲母碼,0), 5) & $P108 & $Q108 ) | D108: =IF($K108="","", INDEX(聲母對照資料表[], MATCH($O108,聲母碼,0), 4) & INDEX(韻母對照資料表[], MATCH($P108, 韻母碼,0), 4) & $Q108 ) | E108: {=IF($K108="","",INDEX(聲母對照資料表[],MATCH($O108,聲母碼,0),6) & INDEX(韻母對照資料表[],MATCH($P108,韻母碼,0),6) & INDEX(閩拼八聲調,$Q108))} | F108: =IFERROR( SUBSTITUTE($G108, LEFT($G108,2), INDEX(設定!$X$9:$X$12,MATCH(LEFT($G108,2), 設定!$W$9:$W$12,0))), $G108) | G108: {=IF($K108="","",INDEX(聲母對照資料表[],MATCH($O108,聲母碼,0),7) & INDEX(韻母對照資料表[],MATCH($P108,韻母碼,0),7) & INDEX(方音符號聲調,$Q108))} | I108: {=IF($K108="", "", $U108 & INDEX(設定!$E$2:$E$9, $Q108) & 漢字查音!$T108)}
B109: =IF( $K109="", "", L109) | C109: =IF($K109="","", INDEX(聲母對照資料表[], MATCH($O109,聲母碼,0), 5) & $P109 & $Q109 ) | D109: =IF($K109="","", INDEX(聲母對照資料表[], MATCH($O109,聲母碼,0), 4) & INDEX(韻母對照資料表[], MATCH($P109, 韻母碼,0), 4) & $Q109 ) | E109: {=IF($K109="","",INDEX(聲母對照資料表[],MATCH($O109,聲母碼,0),6) & INDEX(韻母對照資料表[],MATCH($P109,韻母碼,0),6) & INDEX(閩拼八聲調,$Q109))} | F109: =IFERROR( SUBSTITUTE($G109, LEFT($G109,2), INDEX(設定!$X$9:$X$12,MATCH(LEFT($G109,2), 設定!$W$9:$W$12,0))), $G109) | G109: {=IF($K109="","",INDEX(聲母對照資料表[],MATCH($O109,聲母碼,0),7) & INDEX(韻母對照資料表[],MATCH($P109,韻母碼,0),7) & INDEX(方音符號聲調,$Q109))} | I109: {=IF($K109="", "", $U109 & INDEX(設定!$E$2:$E$9, $Q109) & 漢字查音!$T109)}
B110: =IF( $K110="", "", L110) | C110: =IF($K110="","", INDEX(聲母對照資料表[], MATCH($O110,聲母碼,0), 5) & $P110 & $Q110 ) | D110: =IF($K110="","", INDEX(聲母對照資料表[], MATCH($O110,聲母碼,0), 4) & INDEX(韻母對照資料表[], MATCH($P110, 韻母碼,0), 4) & $Q110 ) | E110: {=IF($K110="","",INDEX(聲母對照資料表[],MATCH($O110,聲母碼,0),6) & INDEX(韻母對照資料表[],MATCH($P110,韻母碼,0),6) & INDEX(閩拼八聲調,$Q110))} | F110: =IFERROR( SUBSTITUTE($G110, LEFT($G110,2), INDEX(設定!$X$9:$X$12,MATCH(LEFT($G110,2), 設定!$W$9:$W$12,0))), $G110) | G110: {=IF($K110="","",INDEX(聲母對照資料表[],MATCH($O110,聲母碼,0),7) & INDEX(韻母對照資料表[],MATCH($P110,韻母碼,0),7) & INDEX(方音符號聲調,$Q110))} | I110: {=IF($K110="", "", $U110 & INDEX(設定!$E$2:$E$9, $Q110) & 漢字查音!$T110)}
B111: =IF( $K111="", "", L111) | C111: =IF($K111="","", INDEX(聲母對照資料表[], MATCH($O111,聲母碼,0), 5) & $P111 & $Q111 ) | D111: =IF($K111="","", INDEX(聲母對照資料表[], MATCH($O111,聲母碼,0), 4) & INDEX(韻母對照資料表[], MATCH($P111, 韻母碼,0), 4) & $Q111 ) | E111: {=IF($K111="","",INDEX(聲母對照資料表[],MATCH($O111,聲母碼,0),6) & INDEX(韻母對照資料表[],MATCH($P111,韻母碼,0),6) & INDEX(閩拼八聲調,$Q111))} | F111: =IFERROR( SUBSTITUTE($G111, LEFT($G111,2), INDEX(設定!$X$9:$X$12,MATCH(LEFT($G111,2), 設定!$W$9:$W$12,0))), $G111) | G111: {=IF($K111="","",INDEX(聲母對照資料表[],MATCH($O111,聲母碼,0),7) & INDEX(韻母對照資料表[],MATCH($P111,韻母碼,0),7) & INDEX(方音符號聲調,$Q111))} | I111: {=IF($K111="", "", $U111 & INDEX(設定!$E$2:$E$9, $Q111) & 漢字查音!$T111)}
B112: =IF( $K112="", "", L112) | C112: =IF($K112="","", INDEX(聲母對照資料表[], MATCH($O112,聲母碼,0), 5) & $P112 & $Q112 ) | D112: =IF($K112="","", INDEX(聲母對照資料表[], MATCH($O112,聲母碼,0), 4) & INDEX(韻母對照資料表[], MATCH($P112, 韻母碼,0), 4) & $Q112 ) | E112: {=IF($K112="","",INDEX(聲母對照資料表[],MATCH($O112,聲母碼,0),6) & INDEX(韻母對照資料表[],MATCH($P112,韻母碼,0),6) & INDEX(閩拼八聲調,$Q112))} | F112: =IFERROR( SUBSTITUTE($G112, LEFT($G112,2), INDEX(設定!$X$9:$X$12,MATCH(LEFT($G112,2), 設定!$W$9:$W$12,0))), $G112) | G112: {=IF($K112="","",INDEX(聲母對照資料表[],MATCH($O112,聲母碼,0),7) & INDEX(韻母對照資料表[],MATCH($P112,韻母碼,0),7) & INDEX(方音符號聲調,$Q112))} | I112: {=IF($K112="", "", $U112 & INDEX(設定!$E$2:$E$9, $Q112) & 漢字查音!$T112)}
B113: =IF( $K113="", "", L113) | C113: =IF($K113="","", INDEX(聲母對照資料表[], MATCH($O113,聲母碼,0), 5) & $P113 & $Q113 ) | D113: =IF($K113="","", INDEX(聲母對照資料表[], MATCH($O113,聲母碼,0), 4) & INDEX(韻母對照資料表[], MATCH($P113, 韻母碼,0), 4) & $Q113 ) | E113: {=IF($K113="","",INDEX(聲母對照資料表[],MATCH($O113,聲母碼,0),6) & INDEX(韻母對照資料表[],MATCH($P113,韻母碼,0),6) & INDEX(閩拼八聲調,$Q113))} | F113: =IFERROR( SUBSTITUTE($G113, LEFT($G113,2), INDEX(設定!$X$9:$X$12,MATCH(LEFT($G113,2), 設定!$W$9:$W$12,0))), $G113) | G113: {=IF($K113="","",INDEX(聲母對照資料表[],MATCH($O113,聲母碼,0),7) & INDEX(韻母對照資料表[],MATCH($P113,韻母碼,0),7) & INDEX(方音符號聲調,$Q113))} | I113: {=IF($K113="", "", $U113 & INDEX(設定!$E$2:$E$9, $Q113) & 漢字查音!$T113)}
B114: =IF( $K114="", "", L114) | C114: =IF($K114="","", INDEX(聲母對照資料表[], MATCH($O114,聲母碼,0), 5) & $P114 & $Q114 ) | D114: =IF($K114="","", INDEX(聲母對照資料表[], MATCH($O114,聲母碼,0), 4) & INDEX(韻母對照資料表[], MATCH($P114, 韻母碼,0), 4) & $Q114 ) | E114: {=IF($K114="","",INDEX(聲母對照資料表[],MATCH($O114,聲母碼,0),6) & INDEX(韻母對照資料表[],MATCH($P114,韻母碼,0),6) & INDEX(閩拼八聲調,$Q114))} | F114: =IFERROR( SUBSTITUTE($G114, LEFT($G114,2), INDEX(設定!$X$9:$X$12,MATCH(LEFT($G114,2), 設定!$W$9:$W$12,0))), $G114) | G114: {=IF($K114="","",INDEX(聲母對照資料表[],MATCH($O114,聲母碼,0),7) & INDEX(韻母對照資料表[],MATCH($P114,韻母碼,0),7) & INDEX(方音符號聲調,$Q114))} | I114: {=IF($K114="", "", $U114 & INDEX(設定!$E$2:$E$9, $Q114) & 漢字查音!$T114)}
B115: =IF( $K115="", "", L115) | C115: =IF($K115="","", INDEX(聲母對照資料表[], MATCH($O115,聲母碼,0), 5) & $P115 & $Q115 ) | D115: =IF($K115="","", INDEX(聲母對照資料表[], MATCH($O115,聲母碼,0), 4) & INDEX(韻母對照資料表[], MATCH($P115, 韻母碼,0), 4) & $Q115 ) | E115: {=IF($K115="","",INDEX(聲母對照資料表[],MATCH($O115,聲母碼,0),6) & INDEX(韻母對照資料表[],MATCH($P115,韻母碼,0),6) & INDEX(閩拼八聲調,$Q115))} | F115: =IFERROR( SUBSTITUTE($G115, LEFT($G115,2), INDEX(設定!$X$9:$X$12,MATCH(LEFT($G115,2), 設定!$W$9:$W$12,0))), $G115) | G115: {=IF($K115="","",INDEX(聲母對照資料表[],MATCH($O115,聲母碼,0),7) & INDEX(韻母對照資料表[],MATCH($P115,韻母碼,0),7) & INDEX(方音符號聲調,$Q115))} | I115: {=IF($K115="", "", $U115 & INDEX(設定!$E$2:$E$9, $Q115) & 漢字查音!$T115)}
B116: =IF( $K116="", "", L116) | C116: =IF($K116="","", INDEX(聲母對照資料表[], MATCH($O116,聲母碼,0), 5) & $P116 & $Q116 ) | D116: =IF($K116="","", INDEX(聲母對照資料表[], MATCH($O116,聲母碼,0), 4) & INDEX(韻母對照資料表[], MATCH($P116, 韻母碼,0), 4) & $Q116 ) | E116: {=IF($K116="","",INDEX(聲母對照資料表[],MATCH($O116,聲母碼,0),6) & INDEX(韻母對照資料表[],MATCH($P116,韻母碼,0),6) & INDEX(閩拼八聲調,$Q116))} | F116: =IFERROR( SUBSTITUTE($G116, LEFT($G116,2), INDEX(設定!$X$9:$X$12,MATCH(LEFT($G116,2), 設定!$W$9:$W$12,0))), $G116) | G116: {=IF($K116="","",INDEX(聲母對照資料表[],MATCH($O116,聲母碼,0),7) & INDEX(韻母對照資料表[],MATCH($P116,韻母碼,0),7) & INDEX(方音符號聲調,$Q116))} | I116: {=IF($K116="", "", $U116 & INDEX(設定!$E$2:$E$9, $Q116) & 漢字查音!$T116)}
... B127: =IF( $K127="", "", L127) | C127: =IF($K127="","", INDEX(聲母對照資料表[], MATCH($O127,聲母碼,0), 5) & $P127 & $Q127 ) | D127: =IF($K127="","", INDEX(聲母對照資料表[], MATCH($O127,聲母碼,0), 4) & INDEX(韻母對照資料表[], MATCH($P127, 韻母碼,0), 4) & $Q127 ) | E127: {=IF($K127="","",INDEX(聲母對照資料表[],MATCH($O127,聲母碼,0),6) & INDEX(韻母對照資料表[],MATCH($P127,韻母碼,0),6) & INDEX(閩拼八聲調,$Q127))} | F127: =IFERROR( SUBSTITUTE($G127, LEFT($G127,2), INDEX(設定!$X$9:$X$12,MATCH(LEFT($G127,2), 設定!$W$9:$W$12,0))), $G127) | G127: {=IF($K127="","",INDEX(聲母對照資料表[],MATCH($O127,聲母碼,0),7) & INDEX(韻母對照資料表[],MATCH($P127,韻母碼,0),7) & INDEX(方音符號聲調,$Q127))} | I127: {=IF($K127="", "", $U127 & INDEX(設定!$E$2:$E$9, $Q127) & 漢字查音!$T127)}
B128: =IF($K128="", "", $L128) | C128: =IF($K128="","", INDEX(聲母對照資料表[], MATCH(N128,聲母碼,0), 5) & O128 & P128 ) | D128: =IF($K128="", "", $R128) | I128: =IF(OR($K128="", $M128=""), "", $M128)
B129: =IF($K129="", "", $L129) | C129: =IF($K129="","", INDEX(聲母對照資料表[], MATCH(N129,聲母碼,0), 5) & O129 & P129 ) | D129: =IF($K129="", "", $R129) | I129: =IF(OR($K129="", $M129=""), "", $M129)
B130: =IF($K130="", "", $L130) | C130: =IF($K130="","", INDEX(聲母對照資料表[], MATCH(N130,聲母碼,0), 5) & O130 & P130 ) | D130: =IF($K130="", "", $R130) | I130: =IF(OR($K130="", $M130=""), "", $M130)
B131: =IF($K131="", "", $L131) | C131: =IF($K131="","", INDEX(聲母對照資料表[], MATCH(N131,聲母碼,0), 5) & O131 & P131 ) | D131: =IF($K131="", "", $R131) | I131: =IF(OR($K131="", $M131=""), "", $M131)
B132: =IF($K132="", "", $L132) | C132: =IF($K132="","", INDEX(聲母對照資料表[], MATCH(N132,聲母碼,0), 5) & O132 & P132 ) | D132: =IF($K132="", "", $R132) | I132: =IF(OR($K132="", $M132=""), "", $M132)
B133: =IF($K133="", "", $L133) | C133: =IF($K133="","", INDEX(聲母對照資料表[], MATCH(N133,聲母碼,0), 5) & O133 & P133 ) | D133: =IF($K133="", "", $R133) | I133: =IF(OR($K133="", $M133=""), "", $M133)
B134: =IF($K134="", "", $L134) | C134: =IF($K134="","", INDEX(聲母對照資料表[], MATCH(N134,聲母碼,0), 5) & O134 & P134 ) | D134: =IF($K134="", "", $R134) | I134: =IF(OR($K134="", $M134=""), "", $M134)

Sheet 漢字查音 (多字)
B1: 漢字 | K1: 識別號 | L1: 漢字 | M1: 切音 | N1: 字韻 | O1: 聲調 | P1: 原資料拼音 | Q1: 舒促聲 | R1: 聲 | S1: 韻 | T1: 調 | U1: 拼音碼 | V1: 雅俗通標音 | W1: 十五音標音 | X1: 常用度 | Z1: 雅俗通字典[#全部]
B2: 土 | L2: =B2 -> 土
B3: 塗 | L3: =IF(B3="", "",B3) -> 塗
L4: =IF(B4="", "",B4)
B6: 漢字 | C6: 台羅拼音 | D6: 白話字拼音 | E6: 閩拼標音 | F6: 方音符號 | H6: 十五音標音 | I6: 雅俗通標音 | K6: 識別號 | L6: 漢字 | M6: 切音 | N6: 字韻 | O6: 聲調 | P6: 原資料拼音 | Q6: 舒促聲 | R6: 聲 | S6: 韻 | T6: 調 | U6: 拼音碼 | V6: 雅俗通標音 | W6: 十五音標音 | X6: 常用度
B7: =IF( $K7="", "", L7) -> 千 | C7: =IF($K7="","", IF($N7="英", "", INDEX(聲母對照資料表[], MATCH($R7,聲母碼,0), 5)) & $S7 & $T7 ) -> tshian1 | D7: =IF($K7="","", IF($N7="英", "", INDEX(聲母對照資料表[], MATCH($R7,聲母碼,0), 5)) & INDEX(韻母對照資料表[], MATCH($S7, 韻母碼,0), 4) & $T7 ) -> tshian1 | E7: {=IF($K7="","", IF($N7="英", "", INDEX(聲母對照資料表[], MATCH($R7,聲母碼,0), 5)) & INDEX(韻母對照資料表[],MATCH($S7,韻母碼,0),6) & INDEX(閩拼八聲調,$T7))} -> tshian1 | F7: =IFERROR( SUBSTITUTE($G7, LEFT($G7,2), INDEX(設定!$X$9:$X$12,MATCH(LEFT($G7,2), 設定!$W$9:$W$12,0))), $G7) -> ˉ | G7: {=IF($K7="","", IF($N7="英", "", INDEX(聲母對照資料表[],MATCH($R7,聲母碼,0),7)) & INDEX(韻母對照資料表[],MATCH($S7,韻母碼,0),7) & INDEX(方音符號聲調,$T7))} -> ˉ | H7: =IF($K7="", "", $X7) -> 堅一出 | I7: =IF($K7="", "", $W7) -> 堅上平聲出 | J7: =IF($M7="", "", $Y7) | K7: 724 | L7: 千 | N7: 出 | O7: 堅 | P7: 上平 | Q7: 舒聲 | R7: c | S7: ian | T7: 1 | U7: cian1 | V7: tshian1 | W7: 堅上平聲出 | X7: 堅一出
B8: =IF( $K8="", "", L8) -> 剪 | C8: =IF($K8="","", IF($N8="英", "", INDEX(聲母對照資料表[], MATCH($R8,聲母碼,0), 5)) & $S8 & $T8 ) -> tsian2 | D8: =IF($K8="","", IF($N8="英", "", INDEX(聲母對照資料表[], MATCH($R8,聲母碼,0), 5)) & INDEX(韻母對照資料表[], MATCH($S8, 韻母碼,0), 4) & $T8 ) -> tsian2 | E8: {=IF($K8="","", IF($N8="英", "", INDEX(聲母對照資料表[], MATCH($R8,聲母碼,0), 5)) & INDEX(韻母對照資料表[],MATCH($S8,韻母碼,0),6) & INDEX(閩拼八聲調,$T8))} -> tsian3 | F8: =IFERROR( SUBSTITUTE($G8, LEFT($G8,2), INDEX(設定!$X$9:$X$12,MATCH(LEFT($G8,2), 設定!$W$9:$W$12,0))), $G8) -> ˋ | G8: {=IF($K8="","", IF($N8="英", "", INDEX(聲母對照資料表[],MATCH($R8,聲母碼,0),7)) & INDEX(韻母對照資料表[],MATCH($S8,韻母碼,0),7) & INDEX(方音符號聲調,$T8))} -> ˋ | H8: =IF($K8="", "", $X8) -> 堅二曾 | I8: =IF($K8="", "", $W8) -> 堅上上聲曾 | K8: 796 | L8: 剪 | N8: 曾 | O8: 堅 | P8: 上上 | Q8: 舒聲 | R8: z | S8: ian | T8: 2 | U8: zian2 | V8: tsian2 | W8: 堅上上聲曾 | X8: 堅二曾
B9: =IF( $K9="", "", L9) -> 濁 | C9: =IF($K9="","", IF($N9="英", "", INDEX(聲母對照資料表[], MATCH($R9,聲母碼,0), 5)) & $S9 & $T9 ) -> tsok8 | D9: =IF($K9="","", IF($N9="英", "", INDEX(聲母對照資料表[], MATCH($R9,聲母碼,0), 5)) & INDEX(韻母對照資料表[], MATCH($S9, 韻母碼,0), 4) & $T9 ) -> tsok8 | E9: {=IF($K9="","", IF($N9="英", "", INDEX(聲母對照資料表[], MATCH($R9,聲母碼,0), 5)) & INDEX(韻母對照資料表[],MATCH($S9,韻母碼,0),6) & INDEX(閩拼八聲調,$T9))} -> tsok8 | F9: =IFERROR( SUBSTITUTE($G9, LEFT($G9,2), INDEX(設定!$X$9:$X$12,MATCH(LEFT($G9,2), 設定!$W$9:$W$12,0))), $G9) -> ˙ | G9: {=IF($K9="","", IF($N9="英", "", INDEX(聲母對照資料表[],MATCH($R9,聲母碼,0),7)) & INDEX(韻母對照資料表[],MATCH($S9,韻母碼,0),7) & INDEX(方音符號聲調,$T9))} -> ˙ | H9: =IF($K9="", "", $X9) -> 公八曾 | I9: =IF($K9="", "", $W9) -> 公下入聲曾 | K9: 3014 | L9: 濁 | N9: 曾 | O9: 公 | P9: 下入 | Q9: 促聲 | R9: z | S9: ok | T9: 8 | U9: zok8 | V9: tsok8 | W9: 公下入聲曾 | X9: 公八曾
B10: =IF( $K10="", "", L10) | C10: =IF($K10="","", IF($N10="英", "", INDEX(聲母對照資料表[], MATCH($R10,聲母碼,0), 5)) & $S10 & $T10 ) | D10: =IF($K10="","", IF($N10="英", "", INDEX(聲母對照資料表[], MATCH($R10,聲母碼,0), 5)) & INDEX(韻母對照資料表[], MATCH($S10, 韻母碼,0), 4) & $T10 ) | E10: {=IF($K10="","", IF($N10="英", "", INDEX(聲母對照資料表[], MATCH($R10,聲母碼,0), 5)) & INDEX(韻母對照資料表[],MATCH($S10,韻母碼,0),6) & INDEX(閩拼八聲調,$T10))} | F10: =IFERROR( SUBSTITUTE($G10, LEFT($G10,2), INDEX(設定!$X$9:$X$12,MATCH(LEFT($G10,2), 設定!$W$9:$W$12,0))), $G10) | G10: {=IF($K10="","", IF($N10="英", "", INDEX(聲母對照資料表[],MATCH($R10,聲母碼,0),7)) & INDEX(韻母對照資料表[],MATCH($S10,韻母碼,0),7) & INDEX(方音符號聲調,$T10))} | H10: =IF($K10="", "", $X10) | I10: =IF($K10="", "", $W10)
B11: =IF( $K11="", "", L11) | C11: =IF($K11="","", IF($N11="英", "", INDEX(聲母對照資料表[], MATCH($R11,聲母碼,0), 5)) & $S11 & $T11 ) | D11: =IF($K11="","", IF($N11="英", "", INDEX(聲母對照資料表[], MATCH($R11,聲母碼,0), 5)) & INDEX(韻母對照資料表[], MATCH($S11, 韻母碼,0), 4) & $T11 ) | E11: {=IF($K11="","", IF($N11="英", "", INDEX(聲母對照資料表[], MATCH($R11,聲母碼,0), 5)) & INDEX(韻母對照資料表[],MATCH($S11,韻母碼,0),6) & INDEX(閩拼八聲調,$T11))} | F11: =IFERROR( SUBSTITUTE($G11, LEFT($G11,2), INDEX(設定!$X$9:$X$12,MATCH(LEFT($G11,2), 設定!$W$9:$W$12,0))), $G11) | G11: {=IF($K11="","", IF($N11="英", "", INDEX(聲母對照資料表[],MATCH($R11,聲母碼,0),7)) & INDEX(韻母對照資料表[],MATCH($S11,韻母碼,0),7) & INDEX(方音符號聲調,$T11))} | H11: =IF($K11="", "", $X11) | I11: =IF($K11="", "", $W11)
B12: =IF( $K12="", "", L12) | C12: =IF($K12="","", IF($N12="英", "", INDEX(聲母對照資料表[], MATCH($R12,聲母碼,0), 5)) & $S12 & $T12 ) | D12: =IF($K12="","", IF($N12="英", "", INDEX(聲母對照資料表[], MATCH($R12,聲母碼,0), 5)) & INDEX(韻母對照資料表[], MATCH($S12, 韻母碼,0), 4) & $T12 ) | E12: {=IF($K12="","", IF($N12="英", "", INDEX(聲母對照資料表[], MATCH($R12,聲母碼,0), 5)) & INDEX(韻母對照資料表[],MATCH($S12,韻母碼,0),6) & INDEX(閩拼八聲調,$T12))} | F12: =IFERROR( SUBSTITUTE($G12, LEFT($G12,2), INDEX(設定!$X$9:$X$12,MATCH(LEFT($G12,2), 設定!$W$9:$W$12,0))), $G12) | G12: {=IF($K12="","", IF($N12="英", "", INDEX(聲母對照資料表[],MATCH($R12,聲母碼,0),7)) & INDEX(韻母對照資料表[],MATCH($S12,韻母碼,0),7) & INDEX(方音符號聲調,$T12))} | H12: =IF($K12="", "", $X12) | I12: =IF($K12="", "", $W12)
B13: =IF( $K13="", "", L13) | C13: =IF($K13="","", IF($N13="英", "", INDEX(聲母對照資料表[], MATCH($R13,聲母碼,0), 5)) & $S13 & $T13 ) | D13: =IF($K13="","", IF($N13="英", "", INDEX(聲母對照資料表[], MATCH($R13,聲母碼,0), 5)) & INDEX(韻母對照資料表[], MATCH($S13, 韻母碼,0), 4) & $T13 ) | E13: {=IF($K13="","", IF($N13="英", "", INDEX(聲母對照資料表[], MATCH($R13,聲母碼,0), 5)) & INDEX(韻母對照資料表[],MATCH($S13,韻母碼,0),6) & INDEX(閩拼八聲調,$T13))} | F13: =IFERROR( SUBSTITUTE($G13, LEFT($G13,2), INDEX(設定!$X$9:$X$12,MATCH(LEFT($G13,2), 設定!$W$9:$W$12,0))), $G13) | G13: {=IF($K13="","", IF($N13="英", "", INDEX(聲母對照資料表[],MATCH($R13,聲母碼,0),7)) & INDEX(韻母對照資料表[],MATCH($S13,韻母碼,0),7) & INDEX(方音符號聲調,$T13))} | H13: =IF($K13="", "", $X13) | I13: =IF($K13="", "", $W13)
B14: =IF( $K14="", "", L14) | C14: =IF($K14="","", IF($N14="英", "", INDEX(聲母對照資料表[], MATCH($R14,聲母碼,0), 5)) & $S14 & $T14 ) | D14: =IF($K14="","", IF($N14="英", "", INDEX(聲母對照資料表[], MATCH($R14,聲母碼,0), 5)) & INDEX(韻母對照資料表[], MATCH($S14, 韻母碼,0), 4) & $T14 ) | E14: {=IF($K14="","", IF($N14="英", "", INDEX(聲母對照資料表[], MATCH($R14,聲母碼,0), 5)) & INDEX(韻母對照資料表[],MATCH($S14,韻母碼,0),6) & INDEX(閩拼八聲調,$T14))} | F14: =IFERROR( SUBSTITUTE($G14, LEFT($G14,2), INDEX(設定!$X$9:$X$12,MATCH(LEFT($G14,2), 設定!$W$9:$W$12,0))), $G14) | G14: {=IF($K14="","", IF($N14="英", "", INDEX(聲母對照資料表[],MATCH($R14,聲母碼,0),7)) & INDEX(韻母對照資料表[],MATCH($S14,韻母碼,0),7) & INDEX(方音符號聲調,$T14))} | H14: =IF($K14="", "", $X14) | I14: =IF($K14="", "", $W14)
B15: =IF( $K15="", "", L15) | C15: =IF($K15="","", IF($N15="英", "", INDEX(聲母對照資料表[], MATCH($R15,聲母碼,0), 5)) & $S15 & $T15 ) | D15: =IF($K15="","", IF($N15="英", "", INDEX(聲母對照資料表[], MATCH($R15,聲母碼,0), 5)) & INDEX(韻母對照資料表[], MATCH($S15, 韻母碼,0), 4) & $T15 ) | E15: {=IF($K15="","", IF($N15="英", "", INDEX(聲母對照資料表[], MATCH($R15,聲母碼,0), 5)) & INDEX(韻母對照資料表[],MATCH($S15,韻母碼,0),6) & INDEX(閩拼八聲調,$T15))} | F15: =IFERROR( SUBSTITUTE($G15, LEFT($G15,2), INDEX(設定!$X$9:$X$12,MATCH(LEFT($G15,2), 設定!$W$9:$W$12,0))), $G15) | G15: {=IF($K15="","", IF($N15="英", "", INDEX(聲母對照資料表[],MATCH($R15,聲母碼,0),7)) & INDEX(韻母對照資料表[],MATCH($S15,韻母碼,0),7) & INDEX(方音符號聲調,$T15))} | H15: =IF($K15="", "", $X15) | I15: =IF($K15="", "", $W15)
B16: =IF( $K16="", "", L16) | C16: =IF($K16="","", IF($N16="英", "", INDEX(聲母對照資料表[], MATCH($R16,聲母碼,0), 5)) & $S16 & $T16 ) | D16: =IF($K16="","", IF($N16="英", "", INDEX(聲母對照資料表[], MATCH($R16,聲母碼,0), 5)) & INDEX(韻母對照資料表[], MATCH($S16, 韻母碼,0), 4) & $T16 ) | E16: {=IF($K16="","", IF($N16="英", "", INDEX(聲母對照資料表[], MATCH($R16,聲母碼,0), 5)) & INDEX(韻母對照資料表[],MATCH($S16,韻母碼,0),6) & INDEX(閩拼八聲調,$T16))} | F16: =IFERROR( SUBSTITUTE($G16, LEFT($G16,2), INDEX(設定!$X$9:$X$12,MATCH(LEFT($G16,2), 設定!$W$9:$W$12,0))), $G16) | G16: {=IF($K16="","", IF($N16="英", "", INDEX(聲母對照資料表[],MATCH($R16,聲母碼,0),7)) & INDEX(韻母對照資料表[],MATCH($S16,韻母碼,0),7) & INDEX(方音符號聲調,$T16))} | H16: =IF($K16="", "", $X16) | I16: =IF($K16="", "", $W16)
B17: =IF( $K17="", "", L17) | C17: =IF($K17="","", IF($N17="英", "", INDEX(聲母對照資料表[], MATCH($R17,聲母碼,0), 5)) & $S17 & $T17 ) | D17: =IF($K17="","", IF($N17="英", "", INDEX(聲母對照資料表[], MATCH($R17,聲母碼,0), 5)) & INDEX(韻母對照資料表[], MATCH($S17, 韻母碼,0), 4) & $T17 ) | E17: {=IF($K17="","", IF($N17="英", "", INDEX(聲母對照資料表[], MATCH($R17,聲母碼,0), 5)) & INDEX(韻母對照資料表[],MATCH($S17,韻母碼,0),6) & INDEX(閩拼八聲調,$T17))} | F17: =IFERROR( SUBSTITUTE($G17, LEFT($G17,2), INDEX(設定!$X$9:$X$12,MATCH(LEFT($G17,2), 設定!$W$9:$W$12,0))), $G17) | G17: {=IF($K17="","", IF($N17="英", "", INDEX(聲母對照資料表[],MATCH($R17,聲母碼,0),7)) & INDEX(韻母對照資料表[],MATCH($S17,韻母碼,0),7) & INDEX(方音符號聲調,$T17))} | H17: =IF($K17="", "", $X17) | I17: =IF($K17="", "", $W17)
B18: =IF( $K18="", "", L18) | C18: =IF($K18="","", IF($N18="英", "", INDEX(聲母對照資料表[], MATCH($R18,聲母碼,0), 5)) & $S18 & $T18 ) | D18: =IF($K18="","", IF($N18="英", "", INDEX(聲母對照資料表[], MATCH($R18,聲母碼,0), 5)) & INDEX(韻母對照資料表[], MATCH($S18, 韻母碼,0), 4) & $T18 ) | E18: {=IF($K18="","", IF($N18="英", "", INDEX(聲母對照資料表[], MATCH($R18,聲母碼,0), 5)) & INDEX(韻母對照資料表[],MATCH($S18,韻母碼,0),6) & INDEX(閩拼八聲調,$T18))} | F18: =IFERROR( SUBSTITUTE($G18, LEFT($G18,2), INDEX(設定!$X$9:$X$12,MATCH(LEFT($G18,2), 設定!$W$9:$W$12,0))), $G18) | G18: {=IF($K18="","", IF($N18="英", "", INDEX(聲母對照資料表[],MATCH($R18,聲母碼,0),7)) & INDEX(韻母對照資料表[],MATCH($S18,韻母碼,0),7) & INDEX(方音符號聲調,$T18))} | H18: =IF($K18="", "", $X18) | I18: =IF($K18="", "", $W18)
B19: =IF( $K19="", "", L19) | C19: =IF($K19="","", IF($N19="英", "", INDEX(聲母對照資料表[], MATCH($R19,聲母碼,0), 5)) & $S19 & $T19 ) | D19: =IF($K19="","", IF($N19="英", "", INDEX(聲母對照資料表[], MATCH($R19,聲母碼,0), 5)) & INDEX(韻母對照資料表[], MATCH($S19, 韻母碼,0), 4) & $T19 ) | E19: {=IF($K19="","", IF($N19="英", "", INDEX(聲母對照資料表[], MATCH($R19,聲母碼,0), 5)) & INDEX(韻母對照資料表[],MATCH($S19,韻母碼,0),6) & INDEX(閩拼八聲調,$T19))} | F19: =IFERROR( SUBSTITUTE($G19, LEFT($G19,2), INDEX(設定!$X$9:$X$12,MATCH(LEFT($G19,2), 設定!$W$9:$W$12,0))), $G19) | G19: {=IF($K19="","", IF($N19="英", "", INDEX(聲母對照資料表[],MATCH($R19,聲母碼,0),7)) & INDEX(韻母對照資料表[],MATCH($S19,韻母碼,0),7) & INDEX(方音符號聲調,$T19))} | H19: =IF($K19="", "", $X19) | I19: =IF($K19="", "", $W19)
B20: =IF( $K20="", "", L20) | C20: =IF($K20="","", IF($N20="英", "", INDEX(聲母對照資料表[], MATCH($R20,聲母碼,0), 5)) & $S20 & $T20 ) | D20: =IF($K20="","", IF($N20="英", "", INDEX(聲母對照資料表[], MATCH($R20,聲母碼,0), 5)) & INDEX(韻母對照資料表[], MATCH($S20, 韻母碼,0), 4) & $T20 ) | E20: {=IF($K20="","", IF($N20="英", "", INDEX(聲母對照資料表[], MATCH($R20,聲母碼,0), 5)) & INDEX(韻母對照資料表[],MATCH($S20,韻母碼,0),6) & INDEX(閩拼八聲調,$T20))} | F20: =IFERROR( SUBSTITUTE($G20, LEFT($G20,2), INDEX(設定!$X$9:$X$12,MATCH(LEFT($G20,2), 設定!$W$9:$W$12,0))), $G20) | G20: {=IF($K20="","", IF($N20="英", "", INDEX(聲母對照資料表[],MATCH($R20,聲母碼,0),7)) & INDEX(韻母對照資料表[],MATCH($S20,韻母碼,0),7) & INDEX(方音符號聲調,$T20))} | H20: =IF($K20="", "", $X20) | I20: =IF($K20="", "", $W20)
B21: =IF( $K21="", "", L21) | C21: =IF($K21="","", IF($N21="英", "", INDEX(聲母對照資料表[], MATCH($R21,聲母碼,0), 5)) & $S21 & $T21 ) | D21: =IF($K21="","", IF($N21="英", "", INDEX(聲母對照資料表[], MATCH($R21,聲母碼,0), 5)) & INDEX(韻母對照資料表[], MATCH($S21, 韻母碼,0), 4) & $T21 ) | E21: {=IF($K21="","", IF($N21="英", "", INDEX(聲母對照資料表[], MATCH($R21,聲母碼,0), 5)) & INDEX(韻母對照資料表[],MATCH($S21,韻母碼,0),6) & INDEX(閩拼八聲調,$T21))} | F21: =IFERROR( SUBSTITUTE($G21, LEFT($G21,2), INDEX(設定!$X$9:$X$12,MATCH(LEFT($G21,2), 設定!$W$9:$W$12,0))), $G21) | G21: {=IF($K21="","", IF($N21="英", "", INDEX(聲母對照資料表[],MATCH($R21,聲母碼,0),7)) & INDEX(韻母對照資料表[],MATCH($S21,韻母碼,0),7) & INDEX(方音符號聲調,$T21))} | H21: =IF($K21="", "", $X21) | I21: =IF($K21="", "", $W21)
... B32: =IF( $K32="", "", L32) | C32: =IF($K32="","", IF($N32="英", "", INDEX(聲母對照資料表[], MATCH($R32,聲母碼,0), 5)) & $S32 & $T32 ) | D32: =IF($K32="","", IF($N32="英", "", INDEX(聲母對照資料表[], MATCH($R32,聲母碼,0), 5)) & INDEX(韻母對照資料表[], MATCH($S32, 韻母碼,0), 4) & $T32 ) | E32: {=IF($K32="","", IF($N32="英", "", INDEX(聲母對照資料表[], MATCH($R32,聲母碼,0), 5)) & INDEX(韻母對照資料表[],MATCH($S32,韻母碼,0),6) & INDEX(閩拼八聲調,$T32))} | F32: =IFERROR( SUBSTITUTE($G32, LEFT($G32,2), INDEX(設定!$X$9:$X$12,MATCH(LEFT($G32,2), 設定!$W$9:$W$12,0))), $G32) | G32: {=IF($K32="","", IF($N32="英", "", INDEX(聲母對照資料表[],MATCH($R32,聲母碼,0),7)) & INDEX(韻母對照資料表[],MATCH($S32,韻母碼,0),7) & INDEX(方音符號聲調,$T32))} | H32: =IF($K32="", "", $X32) | I32: =IF($K32="", "", $W32)
B33: =IF($K33="", "", $L33) | C33: =IF($K33="", "",#REF!) | D33: =IF($K33="","", INDEX(聲母對照資料表[], MATCH($N33,聲母碼,0), 4) & INDEX(韻母對照資料表[], MATCH($O33, 韻母碼,0), 4) & $P33 ) | E33: =IF($K33="","", INDEX(聲母對照資料表[], MATCH($N33,聲母碼,0), 6) & INDEX(韻母對照資料表[], MATCH($O33, 韻母碼,0), 6) & $P33 ) | F33: {=IF($K33="","",INDEX(聲母對照資料表[],MATCH($N33,聲母碼,0),7)&INDEX(韻母對照資料表[],MATCH($O33,韻母碼,0),7)&INDEX(方音符號聲調,$P33))} | H33: =IF($K33="", "", $R33)
B34: =IF($K34="", "", $L34) | C34: =IF($K34="", "",#REF!) | D34: =IF($K34="","", INDEX(聲母對照資料表[], MATCH($N34,聲母碼,0), 4) & INDEX(韻母對照資料表[], MATCH($O34, 韻母碼,0), 4) & $P34 ) | E34: =IF($K34="","", INDEX(聲母對照資料表[], MATCH($N34,聲母碼,0), 6) & INDEX(韻母對照資料表[], MATCH($O34, 韻母碼,0), 6) & $P34 ) | F34: {=IF($K34="","",INDEX(聲母對照資料表[],MATCH($N34,聲母碼,0),7)&INDEX(韻母對照資料表[],MATCH($O34,韻母碼,0),7)&INDEX(方音符號聲調,$P34))} | H34: =IF($K34="", "", $R34)
B35: =IF($K35="", "", $L35) | C35: =IF($K35="", "",#REF!) | D35: =IF($K35="","", INDEX(聲母對照資料表[], MATCH($N35,聲母碼,0), 4) & INDEX(韻母對照資料表[], MATCH($O35, 韻母碼,0), 4) & $P35 ) | E35: =IF($K35="","", INDEX(聲母對照資料表[], MATCH($N35,聲母碼,0), 6) & INDEX(韻母對照資料表[], MATCH($O35, 韻母碼,0), 6) & $P35 ) | F35: {=IF($K35="","",INDEX(聲母對照資料表[],MATCH($N35,聲母碼,0),7)&INDEX(韻母對照資料表[],MATCH($O35,韻母碼,0),7)&INDEX(方音符號聲調,$P35))} | H35: =IF($K35="", "", $R35)
B36: =IF($K36="", "", $L36) | C36: =IF($K36="", "",#REF!) | D36: =IF($K36="","", INDEX(聲母對照資料表[], MATCH($N36,聲母碼,0), 4) & INDEX(韻母對照資料表[], MATCH($O36, 韻母碼,0), 4) & $P36 ) | E36: =IF($K36="","", INDEX(聲母對照資料表[], MATCH($N36,聲母碼,0), 6) & INDEX(韻母對照資料表[], MATCH($O36, 韻母碼,0), 6) & $P36 ) | F36: {=IF($K36="","",INDEX(聲母對照資料表[],MATCH($N36,聲母碼,0),7)&INDEX(韻母對照資料表[],MATCH($O36,韻母碼,0),7)&INDEX(方音符號聲調,$P36))} | H36: =IF($K36="", "", $R36)
B37: =IF($K37="", "", $L37) | C37: =IF($K37="", "",#REF!) | D37: =IF($K37="","", INDEX(聲母對照資料表[], MATCH($N37,聲母碼,0), 4) & INDEX(韻母對照資料表[], MATCH($O37, 韻母碼,0), 4) & $P37 ) | E37: =IF($K37="","", INDEX(聲母對照資料表[], MATCH($N37,聲母碼,0), 6) & INDEX(韻母對照資料表[], MATCH($O37, 韻母碼,0), 6) & $P37 ) | F37: {=IF($K37="","",INDEX(聲母對照資料表[],MATCH($N37,聲母碼,0),7)&INDEX(韻母對照資料表[],MATCH($O37,韻母碼,0),7)&INDEX(方音符號聲調,$P37))} | H37: =IF($K37="", "", $R37)
B38: =IF($K38="", "", $L38) | C38: =IF($K38="", "",#REF!) | D38: =IF($K38="","", INDEX(聲母對照資料表[], MATCH($N38,聲母碼,0), 4) & INDEX(韻母對照資料表[], MATCH($O38, 韻母碼,0), 4) & $P38 ) | E38: =IF($K38="","", INDEX(聲母對照資料表[], MATCH($N38,聲母碼,0), 6) & INDEX(韻母對照資料表[], MATCH($O38, 韻母碼,0), 6) & $P38 ) | F38: {=IF($K38="","",INDEX(聲母對照資料表[],MATCH($N38,聲母碼,0),7)&INDEX(韻母對照資料表[],MATCH($O38,韻母碼,0),7)&INDEX(方音符號聲調,$P38))} | H38: =IF($K38="", "", $R38)
B39: =IF($K39="", "", $L39) | C39: =IF($K39="", "",#REF!) | D39: =IF($K39="","", INDEX(聲母對照資料表[], MATCH($N39,聲母碼,0), 4) & INDEX(韻母對照資料表[], MATCH($O39, 韻母碼,0), 4) & $P39 ) | E39: =IF($K39="","", INDEX(聲母對照資料表[], MATCH($N39,聲母碼,0), 6) & INDEX(韻母對照資料表[], MATCH($O39, 韻母碼,0), 6) & $P39 ) | F39: {=IF($K39="","",INDEX(聲母對照資料表[],MATCH($N39,聲母碼,0),7)&INDEX(韻母對照資料表[],MATCH($O39,韻母碼,0),7)&INDEX(方音符號聲調,$P39))} | H39: =IF($K39="", "", $R39)
B40: =IF($K40="", "", $L40) | C40: =IF($K40="", "",#REF!) | D40: =IF($K40="","", INDEX(聲母對照資料表[], MATCH($N40,聲母碼,0), 4) & INDEX(韻母對照資料表[], MATCH($O40, 韻母碼,0), 4) & $P40 ) | E40: =IF($K40="","", INDEX(聲母對照資料表[], MATCH($N40,聲母碼,0), 6) & INDEX(韻母對照資料表[], MATCH($O40, 韻母碼,0), 6) & $P40 ) | F40: {=IF($K40="","",INDEX(聲母對照資料表[],MATCH($N40,聲母碼,0),7)&INDEX(韻母對照資料表[],MATCH($O40,韻母碼,0),7)&INDEX(方音符號聲調,$P40))} | H40: =IF($K40="", "", $R40)
B41: =IF($K41="", "", $L41) | C41: =IF($K41="", "",#REF!) | D41: =IF($K41="","", INDEX(聲母對照資料表[], MATCH($N41,聲母碼,0), 4) & INDEX(韻母對照資料表[], MATCH($O41, 韻母碼,0), 4) & $P41 ) | E41: =IF($K41="","", INDEX(聲母對照資料表[], MATCH($N41,聲母碼,0), 6) & INDEX(韻母對照資料表[], MATCH($O41, 韻母碼,0), 6) & $P41 ) | F41: {=IF($K41="","",INDEX(聲母對照資料表[],MATCH($N41,聲母碼,0),7)&INDEX(韻母對照資料表[],MATCH($O41,韻母碼,0),7)&INDEX(方音符號聲調,$P41))} | H41: =IF($K41="", "", $R41)
B42: =IF($K42="", "", $L42) | C42: =IF($K42="", "",#REF!) | D42: =IF($K42="","", INDEX(聲母對照資料表[], MATCH($N42,聲母碼,0), 4) & INDEX(韻母對照資料表[], MATCH($O42, 韻母碼,0), 4) & $P42 ) | E42: =IF($K42="","", INDEX(聲母對照資料表[], MATCH($N42,聲母碼,0), 6) & INDEX(韻母對照資料表[], MATCH($O42, 韻母碼,0), 6) & $P42 ) | F42: {=IF($K42="","",INDEX(聲母對照資料表[],MATCH($N42,聲母碼,0),7)&INDEX(韻母對照資料表[],MATCH($O42,韻母碼,0),7)&INDEX(方音符號聲調,$P42))} | H42: =IF($K42="", "", $R42)
B43: =IF($K43="", "", $L43) | C43: =IF($K43="", "",#REF!) | D43: =IF($K43="","", INDEX(聲母對照資料表[], MATCH($N43,聲母碼,0), 4) & INDEX(韻母對照資料表[], MATCH($O43, 韻母碼,0), 4) & $P43 ) | E43: =IF($K43="","", INDEX(聲母對照資料表[], MATCH($N43,聲母碼,0), 6) & INDEX(韻母對照資料表[], MATCH($O43, 韻母碼,0), 6) & $P43 ) | F43: {=IF($K43="","",INDEX(聲母對照資料表[],MATCH($N43,聲母碼,0),7)&INDEX(韻母對照資料表[],MATCH($O43,韻母碼,0),7)&INDEX(方音符號聲調,$P43))} | H43: =IF($K43="", "", $R43)
B44: =IF($K44="", "", $L44) | C44: =IF($K44="", "",#REF!) | D44: =IF($K44="","", INDEX(聲母對照資料表[], MATCH($N44,聲母碼,0), 4) & INDEX(韻母對照資料表[], MATCH($O44, 韻母碼,0), 4) & $P44 ) | E44: =IF($K44="","", INDEX(聲母對照資料表[], MATCH($N44,聲母碼,0), 6) & INDEX(韻母對照資料表[], MATCH($O44, 韻母碼,0), 6) & $P44 ) | F44: {=IF($K44="","",INDEX(聲母對照資料表[],MATCH($N44,聲母碼,0),7)&INDEX(韻母對照資料表[],MATCH($O44,韻母碼,0),7)&INDEX(方音符號聲調,$P44))} | H44: =IF($K44="", "", $R44)
... B136: =IF($K136="", "", $L136) | C136: =IF($K136="", "",#REF!) | D136: =IF($K136="","", INDEX(聲母對照資料表[], MATCH($N136,聲母碼,0), 4) & INDEX(韻母對照資料表[], MATCH($O136, 韻母碼,0), 4) & $P136 ) | E136: =IF($K136="","", INDEX(聲母對照資料表[], MATCH($N136,聲母碼,0), 6) & INDEX(韻母對照資料表[], MATCH($O136, 韻母碼,0), 6) & $P136 ) | F136: {=IF($K136="","",INDEX(聲母對照資料表[],MATCH($N136,聲母碼,0),7)&INDEX(韻母對照資料表[],MATCH($O136,韻母碼,0),7)&INDEX(方音符號聲調,$P136))} | H136: =IF($K136="", "", $R136)

Sheet 十五音查詢 (PY)
O1: 【聲母】 | R1: 【韻母】
B2: 前 | D2: 聲／韻／調 | E2: 台語音標 | F2: 方音符號 | G2: 雅俗通 | H2: 十五音 | I2: 方音符號 | J2: 國際音標 | K2: 白話字 | L2: 閩拼 | M2: 台羅拼音 | O2: 拼音類別 | P2: 聲母欄位 | R2: 雅俗通韻母 | S2: 韻母聲類 | T2: 韻母序號 | V2: 韻母識別號 | W2: 雅俗通 | X2: 方音符號 | Y2: 國際音標 | Z2: 白話字 | AA2: 閩拼方案 | AB2: 台羅拼音
D3: 聲母 | E3: =IF(OR(LEFT(B7,2)="kh",LEFT(B7,2)="ph",LEFT(B7,2)="th",LEFT(B7,2)="ng"),LEFT(B7,2),LEFT(B7,1)) -> z | F3: {=_xlfn.XLOOKUP($E$3,聲母碼,聲母對照資料表[方音])} -> ㄗ | G3: =_xlfn.CONCAT(R3,_xlfn.XLOOKUP($E$5, 聲調表[傳統八聲調], 聲調表[雅俗通調號]),P3) -> 堅五曾 | H3: =_xlfn.CONCAT(P3, R3,_xlfn.XLOOKUP($E$5, 聲調表[傳統八聲調], 聲調表[方音符號調符])) -> 曾堅ˊ | I3: =_xlfn.CONCAT(P4,X3,_xlfn.XLOOKUP($E$5, 聲調表[傳統八聲調], 聲調表[方音符號調符])) -> ㄗㄧㄢˊ | J3: =_xlfn.CONCAT(P5,Y3,E5) -> ʦian5 | K3: {=_xlfn._xlws.PY(1,1,E3,E4,E5)} -> ziân | L3: =_xlfn.CONCAT(P7,AA3,E5) -> zian5 | M3: =_xlfn.CONCAT(P8,AB3,E5) -> tsian5 | O3: 雅俗通 | P3: {=_xlfn.XLOOKUP($E$3,聲母碼,聲母對照資料表[十五音])} -> 曾 | R3: {=_xlfn.XLOOKUP('十五音查詢 (PY)'!E4, 韻母碼, 韻母對照資料表[十五音])} -> 堅 | S3: 舒聲 | T3: =_xlfn.XLOOKUP(_xlfn.CONCAT(R3,LEFT(S3)), 韻母對照資料表[十五音識別碼], 韻母對照資料表[識別號]) -> 3 | V3: =IF(OR(E5=4,E5=8),T4,T3) -> 3 | W3: {=_xlfn.XLOOKUP('十五音查詢 (PY)'!E4, 韻母碼, 韻母對照資料表[十五音])} -> 堅 | X3: {=INDEX(韻母對照資料表[方音], $V3)} -> ㄧㄢ | Y3: {=INDEX(韻母對照資料表[國際音標], $V3)} -> ian | Z3: {=INDEX(韻母對照資料表[白話字], $V3)} -> ian | AA3: {=INDEX(韻母對照資料表[閩拼], $V3)} -> ian | AB3: {=INDEX(韻母對照資料表[台羅], $V3)} -> ian
D4: 韻母 | E4: =MID(B7, LEN(E3)+1, (LEN(B7)-LEN(E3) - 1)) -> ian | F4: {=_xlfn.XLOOKUP($E$4, 韻母碼, 韻母對照資料表[方音])} -> ㄧㄢ | O4: 方音符號 | P4: {=_xlfn.XLOOKUP($E$3,聲母碼,聲母對照資料表[方音])} -> ㄗ | R4: {=_xlfn.XLOOKUP('十五音查詢 (PY)'!E4, 韻母碼, 韻母對照資料表[十五音])} -> 堅 | S4: 促聲 | T4: =_xlfn.XLOOKUP(_xlfn.CONCAT(R4,LEFT(S4)), 韻母對照資料表[十五音識別碼], 韻母對照資料表[識別號]) -> 4 | W4: =_xlfn.XLOOKUP($E$5, 聲調表[傳統八聲調], 聲調表[雅俗通調號]) -> 五 | X4: =_xlfn.XLOOKUP($E$5, 聲調表[傳統八聲調], 聲調表[方音符號調符]) -> ˊ | Y4: =$E$5 -> 5 | Z4: =$E$5 -> 5 | AA4: =$E$5 -> 5 | AB4: =$E$5 -> 5
D5: 聲調 | E5: =VALUE(RIGHT(B7)) -> 5 | F5: =_xlfn.XLOOKUP($E$5, 聲調表[傳統八聲調], 聲調表[方音符號調符]) -> ˊ | O5: 國際音標 | P5: {=_xlfn.XLOOKUP($E$3,聲母碼,聲母對照資料表[國際音標])} -> ʦ
B6: =_xlfn.XLOOKUP('十五音查詢 (PY)'!B2, 雅俗通字典[漢字], 雅俗通字典[十五音標音], "查不到") -> 堅五曾 | O6: 白話字 | P6: {=_xlfn.XLOOKUP($E$3,聲母碼,聲母對照資料表[白話字])} -> ch
B7: =_xlfn.XLOOKUP('十五音查詢 (PY)'!B2, 雅俗通字典[漢字], 雅俗通字典[標音碼], "查不到") -> zian5 | O7: 閩拼方案 | P7: {=_xlfn.XLOOKUP($E$3,聲母碼,聲母對照資料表[閩拼])} -> z
O8: 台羅拼音 | P8: {=_xlfn.XLOOKUP($E$3,聲母碼,聲母對照資料表[台羅])} -> ts
O10: 【聲母】 | R10: 【韻母】
B11: 我 | D11: 聲／韻／調 | E11: 台語音標 | F11: 方音符號 | G11: 雅俗通 | H11: 十五音 | I11: 方音符號 | J11: 國際音標 | K11: 白話字 | L11: 閩拼 | M11: 台羅拼音 | O11: 拼音類別 | P11: 聲母欄位 | R11: 雅俗通韻母 | S11: 韻母聲類 | T11: 韻母序號 | V11: 韻母識別號 | W11: 雅俗通 | X11: 方音符號 | Y11: 國際音標 | Z11: 白話字 | AA11: 閩拼方案 | AB11: 台羅拼音
D12: 聲母 | E12: =IF(OR(LEFT(B16,2)="kh",LEFT(B16,2)="ph",LEFT(B16,2)="th",LEFT(B16,2)="ng"),LEFT(B16,2),LEFT(B16,1)) -> ng | F12: {=_xlfn.XLOOKUP($E$12,聲母碼,聲母對照資料表[方音])} -> ㄫ | G12: =_xlfn.CONCAT(R12,_xlfn.XLOOKUP($E$5, 聲調表[傳統八聲調], 聲調表[雅俗通調號]),P12) -> 扛五雅 | H12: =_xlfn.CONCAT(P12, R12,_xlfn.XLOOKUP($E$5, 聲調表[傳統八聲調], 聲調表[方音符號調符])) -> 雅扛ˊ | I12: =_xlfn.CONCAT(P13,X12,_xlfn.XLOOKUP($E$5, 聲調表[傳統八聲調], 聲調表[方音符號調符])) -> ㄫㆧˊ | J12: =_xlfn.CONCAT(P14,Y12,E14) -> ŋõ2 | K12: {=_xlfn._xlws.PY(2,1,E12,E13,E14)} -> ngónn | L12: =_xlfn.CONCAT(P16,AA12,E14) -> ggnnoo2 | M12: =_xlfn.CONCAT(P17,AB12,E14) -> ngonn2 | O12: 雅俗通 | P12: {=_xlfn.XLOOKUP($E$12,聲母碼,聲母對照資料表[十五音])} -> 雅 | R12: {=_xlfn.XLOOKUP('十五音查詢 (PY)'!E13, 韻母碼, 韻母對照資料表[十五音])} -> 扛 | S12: 舒聲 | T12: =_xlfn.XLOOKUP(_xlfn.CONCAT(R12,LEFT(S12)), 韻母對照資料表[十五音識別碼], 韻母對照資料表[識別號]) -> 97 | V12: =IF(OR(E14=4,E14=8),T13,T12) -> 97 | W12: {=_xlfn.XLOOKUP('十五音查詢 (PY)'!E13, 韻母碼, 韻母對照資料表[十五音])} -> 扛 | X12: {=INDEX(韻母對照資料表[方音], $V12)} -> ㆧ | Y12: {=INDEX(韻母對照資料表[國際音標], $V12)} -> õ | Z12: {=INDEX(韻母對照資料表[白話字], $V12)} -> oⁿ | AA12: {=INDEX(韻母對照資料表[閩拼], $V12)} -> noo | AB12: {=INDEX(韻母對照資料表[台羅], $V12)} -> onn
D13: 韻母 | E13: =MID(B16, LEN(E12)+1, (LEN(B16)-LEN(E12) - 1)) -> onn | F13: {=_xlfn.XLOOKUP($E$13, 韻母碼, 韻母對照資料表[方音])} -> ㆧ | O13: 方音符號 | P13: {=_xlfn.XLOOKUP($E$12,聲母碼,聲母對照資料表[方音])} -> ㄫ | R13: {=_xlfn.XLOOKUP('十五音查詢 (PY)'!E13, 韻母碼, 韻母對照資料表[十五音])} -> 扛 | S13: 促聲 | T13: =_xlfn.XLOOKUP(_xlfn.CONCAT(R13,LEFT(S13)), 韻母對照資料表[十五音識別碼], 韻母對照資料表[識別號]) -> 98 | W13: =_xlfn.XLOOKUP($E$14, 聲調表[傳統八聲調], 聲調表[雅俗通調號]) -> 二 | X13: =_xlfn.XLOOKUP($E$14, 聲調表[傳統八聲調], 聲調表[方音符號調符]) -> ˋ | Y13: =$E$14 -> 2 | Z13: =$E$14 -> 2 | AA13: =$E$14 -> 2 | AB13: =$E$14 -> 2
D14: 聲調 | E14: =VALUE(RIGHT(B16)) -> 2 | F14: =_xlfn.XLOOKUP($E$14, 聲調表[傳統八聲調], 聲調表[方音符號調符]) -> ˋ | O14: 國際音標 | P14: {=_xlfn.XLOOKUP($E$12,聲母碼,聲母對照資料表[國際音標])} -> ŋ
B15: =_xlfn.XLOOKUP('十五音查詢 (PY)'!B11, 雅俗通字典[漢字], 雅俗通字典[十五音標音], "查不到") -> 扛二雅 | O15: 白話字 | P15: {=_xlfn.XLOOKUP($E$12,聲母碼,聲母對照資料表[白話字])} -> ng
B16: =_xlfn.XLOOKUP('十五音查詢 (PY)'!B11, 雅俗通字典[漢字], 雅俗通字典[標音碼], "查不到") -> ngonn2 | O16: 閩拼方案 | P16: {=_xlfn.XLOOKUP($E$12,聲母碼,聲母對照資料表[閩拼])} -> ggn
O17: 台羅拼音 | P17: {=_xlfn.XLOOKUP($E$12,聲母碼,聲母對照資料表[台羅])} -> ng
G19: :w

Sheet 十五音查詢
O1: 【聲母】 | R1: 【韻母】
B2: 我 | D2: 聲／韻／調 | E2: 台語音標 | F2: 方音符號 | G2: 雅俗通 | H2: 十五音 | I2: 方音符號 | J2: 國際音標 | K2: 白話字 | L2: 閩拼 | M2: 台羅拼音 | O2: 拼音類別 | P2: 聲母欄位 | R2: 雅俗通韻母 | S2: 韻母聲類 | T2: 韻母序號 | V2: 韻母識別號 | W2: 雅俗通 | X2: 方音符號 | Y2: 國際音標 | Z2: 白話字 | AA2: 閩拼方案 | AB2: 台羅拼音
D3: 聲母 | E3: =IF(OR(LEFT(B7,2)="kh",LEFT(B7,2)="ph",LEFT(B7,2)="th",LEFT(B7,2)="ng"),LEFT(B7,2),LEFT(B7,1)) -> ng | F3: {=_xlfn.XLOOKUP($E$3,聲母碼,聲母對照資料表[方音])} -> ㄫ | G3: =_xlfn.CONCAT(R3,_xlfn.XLOOKUP($E$5, 聲調表[傳統八聲調], 聲調表[雅俗通調號]),P3) -> 扛二雅 | H3: =_xlfn.CONCAT(P3, R3,_xlfn.XLOOKUP($E$5, 聲調表[傳統八聲調], 聲調表[方音符號調符])) -> 雅扛ˋ | I3: =_xlfn.CONCAT(P4,X3,_xlfn.XLOOKUP($E$5, 聲調表[傳統八聲調], 聲調表[方音符號調符])) -> ㄫㆧˋ | J3: =_xlfn.CONCAT(P5,Y3,E5) -> ŋõ2 | K3: {=_xlfn.LET( _xlpm.siann, E3, _xlpm.un, E4, _xlpm.tiau, E5, _xlpm.mark, _xlfn.SWITCH(_xlpm.tiau, 2, _xlfn.UNICHAR(769), 3, _xlfn.UNICHAR(768), 5, _xlfn.UNICHAR(770), 6, _xlfn.UNICHAR(780), 7, _xlfn.UNICHAR(772), 8, _xlfn.UNICHAR(781), 9, _xlfn.UNICHAR(774), ""), _xlpm.is_oax, OR(ISNUMBER(SEARCH({"oai","oan","oat","oah"}, _xlpm.un))), _xlpm.is_oeh, ISNUMBER(SEARCH("oeh", _xlpm.un)), _xlpm.pos, _xlfn.IFS( _xlpm.is_oax, SEARCH("a", _xlpm.un), _xlpm.is_oeh, SEARCH("e", _xlpm.un), ISNUMBER(SEARCH("o", _xlpm.un)), SEARCH("o", _xlpm.un), ISNUMBER(SEARCH("e", _xlpm.un)), SEARCH("e", _xlpm.un), ISNUMBER(SEARCH("a", _xlpm.un)), SEARCH("a", _xlpm.un), ISNUMBER(SEARCH("u", _xlpm.un)), SEARCH("u", _xlpm.un), ISNUMBER(SEARCH("i", _xlpm.un)), SEARCH("i", _xlpm.un), ISNUMBER(SEARCH("ng", _xlpm.un)), SEARCH("n", _xlpm.un), ISNUMBER(SEARCH("m", _xlpm.un)), SEARCH("m", _xlpm.un), TRUE, 0 ), _xlpm.siann & IF(_xlpm.pos=0, _xlpm.un, REPLACE(_xlpm.un, _xlpm.pos+1, 0, _xlpm.mark)) )} -> ngónn | L3: =_xlfn.CONCAT(P7,AA3,E5) -> ggnnoo2 | M3: =_xlfn.CONCAT(P8,AB3,E5) -> ngonn2 | O3: 雅俗通 | P3: {=_xlfn.XLOOKUP($E$3,聲母碼,聲母對照資料表[十五音])} -> 雅 | R3: {=_xlfn.XLOOKUP(十五音查詢!E4, 韻母碼, 韻母對照資料表[十五音])} -> 扛 | S3: 舒聲 | T3: =_xlfn.XLOOKUP(_xlfn.CONCAT(R3,LEFT(S3)), 韻母對照資料表[十五音識別碼], 韻母對照資料表[識別號]) -> 97 | V3: =IF(OR(E5=4,E5=8),T4,T3) -> 97 | W3: {=_xlfn.XLOOKUP(十五音查詢!E4, 韻母碼, 韻母對照資料表[十五音])} -> 扛 | X3: {=INDEX(韻母對照資料表[方音], $V3)} -> ㆧ | Y3: {=INDEX(韻母對照資料表[國際音標], $V3)} -> õ | Z3: {=INDEX(韻母對照資料表[白話字], $V3)} -> oⁿ | AA3: {=INDEX(韻母對照資料表[閩拼], $V3)} -> noo | AB3: {=INDEX(韻母對照資料表[台羅], $V3)} -> onn
D4: 韻母 | E4: =MID(B7, LEN(E3)+1, (LEN(B7)-LEN(E3) - 1)) -> onn | F4: {=_xlfn.XLOOKUP($E$4, 韻母碼, 韻母對照資料表[方音])} -> ㆧ | O4: 方音符號 | P4: {=_xlfn.XLOOKUP($E$3,聲母碼,聲母對照資料表[方音])} -> ㄫ | R4: {=_xlfn.XLOOKUP(十五音查詢!E4, 韻母碼, 韻母對照資料表[十五音])} -> 扛 | S4: 促聲 | T4: =_xlfn.XLOOKUP(_xlfn.CONCAT(R4,LEFT(S4)), 韻母對照資料表[十五音識別碼], 韻母對照資料表[識別號]) -> 98 | W4: =_xlfn.XLOOKUP($E$5, 聲調表[傳統八聲調], 聲調表[雅俗通調號]) -> 二 | X4: =_xlfn.XLOOKUP($E$5, 聲調表[傳統八聲調], 聲調表[方音符號調符]) -> ˋ | Y4: =$E$5 -> 2 | Z4: =$E$5 -> 2 | AA4: =$E$5 -> 2 | AB4: =$E$5 -> 2
D5: 聲調 | E5: =VALUE(RIGHT(B7)) -> 2 | F5: =_xlfn.XLOOKUP($E$5, 聲調表[傳統八聲調], 聲調表[方音符號調符]) -> ˋ | O5: 國際音標 | P5: {=_xlfn.XLOOKUP($E$3,聲母碼,聲母對照資料表[國際音標])} -> ŋ
B6: =_xlfn.XLOOKUP(十五音查詢!B2, 雅俗通字典[漢字], 雅俗通字典[十五音標音], "查不到") -> 扛二雅 | O6: 白話字 | P6: {=_xlfn.XLOOKUP($E$3,聲母碼,聲母對照資料表[白話字])} -> ng
B7: =_xlfn.XLOOKUP(十五音查詢!B2, 雅俗通字典[漢字], 雅俗通字典[標音碼], "查不到") -> ngonn2 | O7: 閩拼方案 | P7: {=_xlfn.XLOOKUP($E$3,聲母碼,聲母對照資料表[閩拼])} -> ggn
O8: 台羅拼音 | P8: {=_xlfn.XLOOKUP($E$3,聲母碼,聲母對照資料表[台羅])} -> ng
O10: 【聲母】 | R10: 【韻母】
B11: 我 | D11: 聲／韻／調 | E11: 台語音標 | F11: 方音符號 | G11: 雅俗通 | H11: 十五音 | I11: 方音符號 | J11: 國際音標 | K11: 白話字 | L11: 閩拼 | M11: 台羅拼音 | O11: 拼音類別 | P11: 聲母欄位 | R11: 雅俗通韻母 | S11: 韻母聲類 | T11: 韻母序號 | V11: 韻母識別號 | W11: 雅俗通 | X11: 方音符號 | Y11: 國際音標 | Z11: 白話字 | AA11: 閩拼方案 | AB11: 台羅拼音
D12: 聲母 | E12: =IF(OR(LEFT(B16,2)="kh",LEFT(B16,2)="ph",LEFT(B16,2)="th",LEFT(B16,2)="ng"),LEFT(B16,2),LEFT(B16,1)) -> ng | F12: {=_xlfn.XLOOKUP($E$12,聲母碼,聲母對照資料表[方音])} -> ㄫ | G12: =_xlfn.CONCAT(R12,_xlfn.XLOOKUP($E$5, 聲調表[傳統八聲調], 聲調表[雅俗通調號]),P12) -> 扛二雅 | H12: =_xlfn.CONCAT(P12, R12,_xlfn.XLOOKUP($E$5, 聲調表[傳統八聲調], 聲調表[方音符號調符])) -> 雅扛ˋ | I12: =_xlfn.CONCAT(P13,X12,_xlfn.XLOOKUP($E$5, 聲調表[傳統八聲調], 聲調表[方音符號調符])) -> ㄫㆧˋ | J12: =_xlfn.CONCAT(P14,Y12,E14) -> ŋõ2 | K12: {=_xlfn.LET( _xlpm.siann, E12, _xlpm.un, E13, _xlpm.tiau, E14, _xlpm.mark, _xlfn.SWITCH(_xlpm.tiau, 2, _xlfn.UNICHAR(769), 3, _xlfn.UNICHAR(768), 5, _xlfn.UNICHAR(770), 6, _xlfn.UNICHAR(780), 7, _xlfn.UNICHAR(772), 8, _xlfn.UNICHAR(781), 9, _xlfn.UNICHAR(774), ""), _xlpm.is_oax, OR(ISNUMBER(SEARCH({"oai","oan","oat","oah"}, _xlpm.un))), _xlpm.is_oeh, ISNUMBER(SEARCH("oeh", _xlpm.un)), _xlpm.pos, _xlfn.IFS( _xlpm.is_oax, SEARCH("a", _xlpm.un), _xlpm.is_oeh, SEARCH("e", _xlpm.un), ISNUMBER(SEARCH("o", _xlpm.un)), SEARCH("o", _xlpm.un), ISNUMBER(SEARCH("e", _xlpm.un)), SEARCH("e", _xlpm.un), ISNUMBER(SEARCH("a", _xlpm.un)), SEARCH("a", _xlpm.un), ISNUMBER(SEARCH("u", _xlpm.un)), SEARCH("u", _xlpm.un), ISNUMBER(SEARCH("i", _xlpm.un)), SEARCH("i", _xlpm.un), ISNUMBER(SEARCH("ng", _xlpm.un)), SEARCH("n", _xlpm.un), ISNUMBER(SEARCH("m", _xlpm.un)), SEARCH("m", _xlpm.un), TRUE, 0 ), _xlpm.siann & IF(_xlpm.pos=0, _xlpm.un, REPLACE(_xlpm.un, _xlpm.pos+1, 0, _xlpm.mark)) )} -> ngónn | L12: =_xlfn.CONCAT(P16,AA12,E14) -> ggnnoo2 | M12: =_xlfn.CONCAT(P17,AB12,E14) -> ngonn2 | O12: 雅俗通 | P12: {=_xlfn.XLOOKUP($E$12,聲母碼,聲母對照資料表[十五音])} -> 雅 | R12: {=_xlfn.XLOOKUP(十五音查詢!E13, 韻母碼, 韻母對照資料表[十五音])} -> 扛 | S12: 舒聲 | T12: =_xlfn.XLOOKUP(_xlfn.CONCAT(R12,LEFT(S12)), 韻母對照資料表[十五音識別碼], 韻母對照資料表[識別號]) -> 97 | V12: =IF(OR(E14=4,E14=8),T13,T12) -> 97 | W12: {=_xlfn.XLOOKUP(十五音查詢!E13, 韻母碼, 韻母對照資料表[十五音])} -> 扛 | X12: {=INDEX(韻母對照資料表[方音], $V12)} -> ㆧ | Y12: {=INDEX(韻母對照資料表[國際音標], $V12)} -> õ | Z12: {=INDEX(韻母對照資料表[白話字], $V12)} -> oⁿ | AA12: {=INDEX(韻母對照資料表[閩拼], $V12)} -> noo | AB12: {=INDEX(韻母對照資料表[台羅], $V12)} -> onn
D13: 韻母 | E13: =MID(B16, LEN(E12)+1, (LEN(B16)-LEN(E12) - 1)) -> onn | F13: {=_xlfn.XLOOKUP($E$13, 韻母碼, 韻母對照資料表[方音])} -> ㆧ | O13: 方音符號 | P13: {=_xlfn.XLOOKUP($E$12,聲母碼,聲母對照資料表[方音])} -> ㄫ | R13: {=_xlfn.XLOOKUP(十五音查詢!E13, 韻母碼, 韻母對照資料表[十五音])} -> 扛 | S13: 促聲 | T13: =_xlfn.XLOOKUP(_xlfn.CONCAT(R13,LEFT(S13)), 韻母對照資料表[十五音識別碼], 韻母對照資料表[識別號]) -> 98 | W13: =_xlfn.XLOOKUP($E$14, 聲調表[傳統八聲調], 聲調表[雅俗通調號]) -> 二 | X13: =_xlfn.XLOOKUP($E$14, 聲調表[傳統八聲調], 聲調表[方音符號調符]) -> ˋ | Y13: =$E$14 -> 2 | Z13: =$E$14 -> 2 | AA13: =$E$14 -> 2 | AB13: =$E$14 -> 2
D14: 聲調 | E14: =VALUE(RIGHT(B16)) -> 2 | F14: =_xlfn.XLOOKUP($E$14, 聲調表[傳統八聲調], 聲調表[方音符號調符]) -> ˋ | O14: 國際音標 | P14: {=_xlfn.XLOOKUP($E$12,聲母碼,聲母對照資料表[國際音標])} -> ŋ
B15: =_xlfn.XLOOKUP(十五音查詢!B11, 雅俗通字典[漢字], 雅俗通字典[十五音標音], "查不到") -> 扛二雅 | O15: 白話字 | P15: {=_xlfn.XLOOKUP($E$12,聲母碼,聲母對照資料表[白話字])} -> ng
B16: =_xlfn.XLOOKUP(十五音查詢!B11, 雅俗通字典[漢字], 雅俗通字典[標音碼], "查不到") -> ngonn2 | O16: 閩拼方案 | P16: {=_xlfn.XLOOKUP($E$12,聲母碼,聲母對照資料表[閩拼])} -> ggn
O17: 台羅拼音 | P17: {=_xlfn.XLOOKUP($E$12,聲母碼,聲母對照資料表[台羅])} -> ng
G19: :w

Sheet 彙集雅俗通字典
A1: 識別號 | B1: 漢字 | C1: 切音 | D1: 字韻 | E1: 聲調 | F1: 原資料拼音 | G1: 舒促聲 | H1: 聲 | I1: 韻 | J1: 調 | K1: 標音碼 | L1: 雅俗通標音 | M1: 十五音標音 | N1: 常用度 | Q1: text | R1: code | S1: weight
A2: 1 | B2: 縮 | C2: 柳 | D2: 君 | E2: 上平 | F2: lun1 | G2: 舒聲 | H2: l | I2: un | J2: 1 | K2: lun1 | L2: 君上平聲柳 | M2: 君一柳 | Q2: 縮 | R2: un1l | S2: 0.6
A3: 2 | B3: 𪑖 | C3: 邊 | D3: 君 | E3: 上平 | F3: pun1 | G3: 舒聲 | H3: p | I3: un | J3: 1 | K3: pun1 | L3: 君上平聲邊 | M3: 君一邊 | N3: 0.01 | Q3: 𪑖 | R3: un1p | S3: 0.6
A4: 3 | B4: 𪒰 | C4: 邊 | D4: 君 | E4: 上平 | F4: pun1 | G4: 舒聲 | H4: p | I4: un | J4: 1 | K4: pun1 | L4: 君上平聲邊 | M4: 君一邊 | Q4: 𪒰 | R4: un1p | S4: 0.6
A5: 4 | B5: 君 | C5: 求 | D5: 君 | E5: 上平 | F5: kun1 | G5: 舒聲 | H5: k | I5: un | J5: 1 | K5: kun1 | L5: 君上平聲求 | M5: 君一求 | Q5: 君 | R5: un1k | S5: 0.6
A6: 5 | B6: 褌 | C6: 求 | D6: 君 | E6: 上平 | F6: kun1 | G6: 舒聲 | H6: k | I6: un | J6: 1 | K6: kun1 | L6: 君上平聲求 | M6: 君一求 | N6: 0.01 | Q6: 褌 | R6: un1k | S6: 0.6
A7: 6 | B7: 裩 | C7: 求 | D7: 君 | E7: 上平 | F7: kun1 | G7: 舒聲 | H7: k | I7: un | J7: 1 | K7: kun1 | L7: 君上平聲求 | M7: 君一求 | Q7: 裩 | R7: un1k | S7: 0.6
A8: 7 | B8: 軍 | C8: 求 | D8: 君 | E8: 上平 | F8: kun1 | G8: 舒聲 | H8: k | I8: un | J8: 1 | K8: kun1 | L8: 君上平聲求 | M8: 君一求 | Q8: 軍 | R8: un1k | S8: 0.6
A9: 8 | B9: 坤 | C9: 去 | D9: 君 | E9: 上平 | F9: khun1 | G9: 舒聲 | H9: kh | I9: un | J9: 1 | K9: khun1 | L9: 君上平聲去 | M9: 君一去 | Q9: 坤 | R9: un1kh | S9: 0.6
A10: 9 | B10: 昆 | C10: 去 | D10: 君 | E10: 上平 | F10: khun1 | G10: 舒聲 | H10: kh | I10: un | J10: 1 | K10: khun1 | L10: 君上平聲去 | M10: 君一去 | Q10: 昆 | R10: un1kh | S10: 0.6
A11: 10 | B11: 崑 | C11: 去 | D11: 君 | E11: 上平 | F11: khun1 | G11: 舒聲 | H11: kh | I11: un | J11: 1 | K11: khun1 | L11: 君上平聲去 | M11: 君一去 | Q11: 崑 | R11: un1kh | S11: 0.6
A12: 11 | B12: 蜫 | C12: 去 | D12: 君 | E12: 上平 | F12: khun1 | G12: 舒聲 | H12: kh | I12: un | J12: 1 | K12: khun1 | L12: 君上平聲去 | M12: 君一去 | Q12: 蜫 | R12: un1kh | S12: 0.6
A13: 12 | B13: 鯤 | C13: 去 | D13: 君 | E13: 上平 | F13: khun1 | G13: 舒聲 | H13: kh | I13: un | J13: 1 | K13: khun1 | L13: 君上平聲去 | M13: 君一去 | Q13: 鯤 | R13: un1kh | S13: 0.6
A14: 13 | B14: 髡 | C14: 去 | D14: 君 | E14: 上平 | F14: khun1 | G14: 舒聲 | H14: kh | I14: un | J14: 1 | K14: khun1 | L14: 君上平聲去 | M14: 君一去 | Q14: 髡 | R14: un1kh | S14: 0.6
A15: 14 | B15: 鵾 | C15: 去 | D15: 君 | E15: 上平 | F15: khun1 | G15: 舒聲 | H15: kh | I15: un | J15: 1 | K15: khun1 | L15: 君上平聲去 | M15: 君一去 | Q15: 鵾 | R15: un1kh | S15: 0.6
A16: 15 | B16: 囷 | C16: 去 | D16: 君 | E16: 上平 | F16: khun1 | G16: 舒聲 | H16: kh | I16: un | J16: 1 | K16: khun1 | L16: 君上平聲去 | M16: 君一去 | Q16: 囷 | R16: un1kh | S16: 0.6
A17: 16 | B17: 菌 | C17: 去 | D17: 君 | E17: 上平 | F17: khun1 | G17: 舒聲 | H17: kh | I17: un | J17: 1 | K17: khun1 | L17: 君上平聲去 | M17: 君一去 | Q17: 菌 | R17: un1kh | S17: 0.6
A18: 17 | B18: 麕 | C18: 去 | D18: 君 | E18: 上平 | F18: khun1 | G18: 舒聲 | H18: kh | I18: un | J18: 1 | K18: khun1 | L18: 君上平聲去 | M18: 君一去 | Q18: 麕 | R18: un1kh | S18: 0.6
... A32: 31 | B32: 鈍 | C32: 地 | D32: 君 | E32: 上平 | F32: tun1 | G32: 舒聲 | H32: t | I32: un | J32: 1 | K32: tun1 | L32: 君上平聲地 | M32: 君一地 | Q32: 鈍 | R32: un1t | S32: 0.6
A33: 32 | B33: 奔 | C33: 頗 | D33: 君 | E33: 上平 | F33: phun1 | G33: 舒聲 | H33: ph | I33: un | J33: 1 | K33: phun1 | L33: 君上平聲頗 | M33: 君一頗 | N33: 0.01 | Q33: 奔 | R33: un1ph | S33: 0.6
A34: 33 | B34: 犇 | C34: 頗 | D34: 君 | E34: 上平 | F34: phun1 | G34: 舒聲 | H34: ph | I34: un | J34: 1 | K34: phun1 | L34: 君上平聲頗 | M34: 君一頗 | Q34: 犇 | R34: un1ph | S34: 0.6
A35: 34 | B35: 賁 | C35: 頗 | D35: 君 | E35: 上平 | F35: phun1 | G35: 舒聲 | H35: ph | I35: un | J35: 1 | K35: phun1 | L35: 君上平聲頗 | M35: 君一頗 | Q35: 賁 | R35: un1ph | S35: 0.6
A36: 35 | B36: 噴 | C36: 頗 | D36: 君 | E36: 上平 | F36: phun1 | G36: 舒聲 | H36: ph | I36: un | J36: 1 | K36: phun1 | L36: 君上平聲頗 | M36: 君一頗 | Q36: 噴 | R36: un1ph | S36: 0.6
A37: 36 | B37: 歕 | C37: 頗 | D37: 君 | E37: 上平 | F37: phun1 | G37: 舒聲 | H37: ph | I37: un | J37: 1 | K37: phun1 | L37: 君上平聲頗 | M37: 君一頗 | Q37: 歕 | R37: un1ph | S37: 0.6
A38: 37 | B38: 𧾜 | C38: 頗 | D38: 君 | E38: 上平 | F38: phun1 | G38: 舒聲 | H38: ph | I38: un | J38: 1 | K38: phun1 | L38: 君上平聲頗 | M38: 君一頗 | Q38: 𧾜 | R38: un1ph | S38: 0.6
A39: 38 | B39: 䊩 | C39: 頗 | D39: 君 | E39: 上平 | F39: phun1 | G39: 舒聲 | H39: ph | I39: un | J39: 1 | K39: phun1 | L39: 君上平聲頗 | M39: 君一頗 | Q39: 䊩 | R39: un1ph | S39: 0.6
A40: 39 | B40: 吞 | C40: 他 | D40: 君 | E40: 上平 | F40: thun1 | G40: 舒聲 | H40: th | I40: un | J40: 1 | K40: thun1 | L40: 君上平聲他 | M40: 君一他 | Q40: 吞 | R40: un1th | S40: 0.6
A41: 40 | B41: 焞 | C41: 他 | D41: 君 | E41: 上平 | F41: thun1 | G41: 舒聲 | H41: th | I41: un | J41: 1 | K41: thun1 | L41: 君上平聲他 | M41: 君一他 | Q41: 焞 | R41: un1th | S41: 0.6
A42: 41 | B42: 椿 | C42: 他 | D42: 君 | E42: 上平 | F42: thun1 | G42: 舒聲 | H42: th | I42: un | J42: 1 | K42: thun1 | L42: 君上平聲他 | M42: 君一他 | Q42: 椿 | R42: un1th | S42: 0.6
A43: 42 | B43: 暾 | C43: 他 | D43: 君 | E43: 上平 | F43: thun1 | G43: 舒聲 | H43: th | I43: un | J43: 1 | K43: thun1 | L43: 君上平聲他 | M43: 君一他 | Q43: 暾 | R43: un1th | S43: 0.6
A44: 43 | B44: 涒 | C44: 他 | D44: 君 | E44: 上平 | F44: thun1 | G44: 舒聲 | H44: th | I44: un | J44: 1 | K44: thun1 | L44: 君上平聲他 | M44: 君一他 | Q44: 涒 | R44: un1th | S44: 0.6
A45: 44 | B45: 䡅 | C45: 他 | D45: 君 | E45: 上平 | F45: thun1 | G45: 舒聲 | H45: th | I45: un | J45: 1 | K45: thun1 | L45: 君上平聲他 | M45: 君一他 | Q45: 䡅 | R45: un1th | S45: 0.6
A46: 45 | B46: 𪎶 | C46: 他 | D46: 君 | E46: 上平 | F46: thun1 | G46: 舒聲 | H46: th | I46: un | J46: 1 | K46: thun1 | L46: 君上平聲他 | M46: 君一他 | Q46: 𪎶 | R46: un1th | S46: 0.6
A47: 46 | B47: 僎 | C47: 曾 | D47: 君 | E47: 上平 | F47: tsun1 | G47: 舒聲 | H47: z | I47: un | J47: 1 | K47: zun1 | L47: 君上平聲曾 | M47: 君一曾 | N47: 0.01 | Q47: 僎 | R47: un1z | S47: 0.6
A48: 47 | B48: 𠊨 | C48: 曾 | D48: 君 | E48: 上平 | F48: tsun1 | G48: 舒聲 | H48: z | I48: un | J48: 1 | K48: zun1 | L48: 君上平聲曾 | M48: 君一曾 | Q48: 𠊨 | R48: un1z | S48: 0.6
A49: 48 | B49: 尊 | C49: 曾 | D49: 君 | E49: 上平 | F49: tsun1 | G49: 舒聲 | H49: z | I49: un | J49: 1 | K49: zun1 | L49: 君上平聲曾 | M49: 君一曾 | Q49: 尊 | R49: un1z | S49: 0.6
A50: 49 | B50: 樽 | C50: 曾 | D50: 君 | E50: 上平 | F50: tsun1 | G50: 舒聲 | H50: z | I50: un | J50: 1 | K50: zun1 | L50: 君上平聲曾 | M50: 君一曾 | Q50: 樽 | R50: un1z | S50: 0.6
A51: 50 | B51: 罇 | C51: 曾 | D51: 君 | E51: 上平 | F51: tsun1 | G51: 舒聲 | H51: z | I51: un | J51: 1 | K51: zun1 | L51: 君上平聲曾 | M51: 君一曾 | Q51: 罇 | R51: un1z | S51: 0.6
A52: 51 | B52: 遵 | C52: 曾 | D52: 君 | E52: 上平 | F52: tsun1 | G52: 舒聲 | H52: z | I52: un | J52: 1 | K52: zun1 | L52: 君上平聲曾 | M52: 君一曾 | Q52: 遵 | R52: un1z | S52: 0.6
A53: 52 | B53: 嶟 | C53: 曾 | D53: 君 | E53: 上平 | F53: tsun1 | G53: 舒聲 | H53: z | I53: un | J53: 1 | K53: zun1 | L53: 君上平聲曾 | M53: 君一曾 | Q53: 嶟 | R53: un1z | S53: 0.6
A54: 53 | B54: 蹲 | C54: 曾 | D54: 君 | E54: 上平 | F54: tsun1 | G54: 舒聲 | H54: z | I54: un | J54: 1 | K54: zun1 | L54: 君上平聲曾 | M54: 君一曾 | Q54: 蹲 | R54: un1z | S54: 0.6
A55: 54 | B55: 惇 | C55: 曾 | D55: 君 | E55: 上平 | F55: tsun1 | G55: 舒聲 | H55: z | I55: un | J55: 1 | K55: zun1 | L55: 君上平聲曾 | M55: 君一曾 | Q55: 惇 | R55: un1z | S55: 0.6
A56: 55 | B56: 屯 | C56: 曾 | D56: 君 | E56: 上平 | F56: tsun1 | G56: 舒聲 | H56: z | I56: un | J56: 1 | K56: zun1 | L56: 君上平聲曾 | M56: 君一曾 | Q56: 屯 | R56: un1z | S56: 0.6
A57: 56 | B57: 肫 | C57: 曾 | D57: 君 | E57: 上平 | F57: tsun1 | G57: 舒聲 | H57: z | I57: un | J57: 1 | K57: zun1 | L57: 君上平聲曾 | M57: 君一曾 | Q57: 肫 | R57: un1z | S57: 0.6
A58: 57 | B58: 窀 | C58: 曾 | D58: 君 | E58: 上平 | F58: tsun1 | G58: 舒聲 | H58: z | I58: un | J58: 1 | K58: zun1 | L58: 君上平聲曾 | M58: 君一曾 | Q58: 窀 | R58: un1z | S58: 0.6
A59: 58 | B59: 諄 | C59: 曾 | D59: 君 | E59: 上平 | F59: tsun1 | G59: 舒聲 | H59: z | I59: un | J59: 1 | K59: zun1 | L59: 君上平聲曾 | M59: 君一曾 | Q59: 諄 | R59: un1z | S59: 0.6
... A69: 68 | B69: 槂 | C69: 時 | D69: 君 | E69: 上平 | F69: sun1 | G69: 舒聲 | H69: s | I69: un | J69: 1 | K69: sun1 | L69: 君上平聲時 | M69: 君一時 | Q69: 槂 | R69: un1s | S69: 0.6
A70: 69 | B70: 温 | C70: 英 | D70: 君 | E70: 上平 | F70: un1 | G70: 舒聲 | H70: q | I70: un | J70: 1 | K70: qun1 | L70: 君上平聲英 | M70: 君一英 | N70: 0.01 | Q70: 温 | R70: un1q | S70: 0.6
A71: 70 | B71: 溫 | C71: 英 | D71: 君 | E71: 上平 | F71: un1 | G71: 舒聲 | H71: q | I71: un | J71: 1 | K71: qun1 | L71: 君上平聲英 | M71: 君一英 | Q71: 溫 | R71: un1q | S71: 0.6
A72: 71 | B72: 氳 | C72: 英 | D72: 君 | E72: 上平 | F72: un1 | G72: 舒聲 | H72: q | I72: un | J72: 1 | K72: qun1 | L72: 君上平聲英 | M72: 君一英 | Q72: 氳 | R72: un1q | S72: 0.6
A73: 72 | B73: 熅 | C73: 英 | D73: 君 | E73: 上平 | F73: un1 | G73: 舒聲 | H73: q | I73: un | J73: 1 | K73: qun1 | L73: 君上平聲英 | M73: 君一英 | Q73: 熅 | R73: un1q | S73: 0.6
A74: 73 | B74: 瘟 | C74: 英 | D74: 君 | E74: 上平 | F74: un1 | G74: 舒聲 | H74: q | I74: un | J74: 1 | K74: qun1 | L74: 君上平聲英 | M74: 君一英 | Q74: 瘟 | R74: un1q | S74: 0.6
A75: 74 | B75: 薀 | C75: 英 | D75: 君 | E75: 上平 | F75: un1 | G75: 舒聲 | H75: q | I75: un | J75: 1 | K75: qun1 | L75: 君上平聲英 | M75: 君一英 | Q75: 薀 | R75: un1q | S75: 0.6
A76: 75 | B76: 馧 | C76: 英 | D76: 君 | E76: 上平 | F76: un1 | G76: 舒聲 | H76: q | I76: un | J76: 1 | K76: qun1 | L76: 君上平聲英 | M76: 君一英 | Q76: 馧 | R76: un1q | S76: 0.6
A77: 76 | B77: 豱 | C77: 英 | D77: 君 | E77: 上平 | F77: un1 | G77: 舒聲 | H77: q | I77: un | J77: 1 | K77: qun1 | L77: 君上平聲英 | M77: 君一英 | Q77: 豱 | R77: un1q | S77: 0.6
A78: 77 | B78: 鰮 | C78: 英 | D78: 君 | E78: 上平 | F78: un1 | G78: 舒聲 | H78: q | I78: un | J78: 1 | K78: qun1 | L78: 君上平聲英 | M78: 君一英 | Q78: 鰮 | R78: un1q | S78: 0.6
A79: 78 | B79: 蒕 | C79: 英 | D79: 君 | E79: 上平 | F79: un1 | G79: 舒聲 | H79: q | I79: un | J79: 1 | K79: qun1 | L79: 君上平聲英 | M79: 君一英 | Q79: 蒕 | R79: un1q | S79: 0.6
A80: 79 | B80: 㬈 | C80: 英 | D80: 君 | E80: 上平 | F80: un1 | G80: 舒聲 | H80: q | I80: un | J80: 1 | K80: qun1 | L80: 君上平聲英 | M80: 君一英 | Q80: 㬈 | R80: un1q | S80: 0.6
A81: 80 | B81: 春 | C81: 出 | D81: 君 | E81: 上平 | F81: tshun1 | G81: 舒聲 | H81: c | I81: un | J81: 1 | K81: cun1 | L81: 君上平聲出 | M81: 君一出 | Q81: 春 | R81: un1c | S81: 0.6
A82: 81 | B82: 村 | C82: 出 | D82: 君 | E82: 上平 | F82: tshun1 | G82: 舒聲 | H82: c | I82: un | J82: 1 | K82: cun1 | L82: 君上平聲出 | M82: 君一出 | N82: 0.01 | Q82: 村 | R82: un1c | S82: 0.6
A83: 82 | B83: 邨 | C83: 出 | D83: 君 | E83: 上平 | F83: tshun1 | G83: 舒聲 | H83: c | I83: un | J83: 1 | K83: cun1 | L83: 君上平聲出 | M83: 君一出 | N83: 0.01 | Q83: 邨 | R83: un1c | S83: 0.6
A84: 83 | B84: 萅 | C84: 出 | D84: 君 | E84: 上平 | F84: tshun1 | G84: 舒聲 | H84: c | I84: un | J84: 1 | K84: cun1 | L84: 君上平聲出 | M84: 君一出 | N84: 0.01 | Q84: 萅 | R84: un1c | S84: 0.6
A85: 84 | B85: 𣈤 | C85: 出 | D85: 君 | E85: 上平 | F85: tshun1 | G85: 舒聲 | H85: c | I85: un | J85: 1 | K85: cun1 | L85: 君上平聲出 | M85: 君一出 | Q85: 𣈤 | R85: un1c | S85: 0.6
A86: 85 | B86: 分 | C86: 喜 | D86: 君 | E86: 上平 | F86: hun1 | G86: 舒聲 | H86: h | I86: un | J86: 1 | K86: hun1 | L86: 君上平聲喜 | M86: 君一喜 | Q86: 分 | R86: un1h | S86: 0.6
A87: 86 | B87: 昏 | C87: 喜 | D87: 君 | E87: 上平 | F87: hun1 | G87: 舒聲 | H87: h | I87: un | J87: 1 | K87: hun1 | L87: 君上平聲喜 | M87: 君一喜 | N87: 0.01 | Q87: 昏 | R87: un1h | S87: 0.6
A88: 87 | B88: 昬 | C88: 喜 | D88: 君 | E88: 上平 | F88: hun1 | G88: 舒聲 | H88: h | I88: un | J88: 1 | K88: hun1 | L88: 君上平聲喜 | M88: 君一喜 | Q88: 昬 | R88: un1h | S88: 0.6
A89: 88 | B89: 婚 | C89: 喜 | D89: 君 | E89: 上平 | F89: hun1 | G89: 舒聲 | H89: h | I89: un | J89: 1 | K89: hun1 | L89: 君上平聲喜 | M89: 君一喜 | Q89: 婚 | R89: un1h | S89: 0.6
A90: 89 | B90: 惛 | C90: 喜 | D90: 君 | E90: 上平 | F90: hun1 | G90: 舒聲 | H90: h | I90: un | J90: 1 | K90: hun1 | L90: 君上平聲喜 | M90: 君一喜 | Q90: 惛 | R90: un1h | S90: 0.6
A91: 90 | B91: 惽 | C91: 喜 | D91: 君 | E91: 上平 | F91: hun1 | G91: 舒聲 | H91: h | I91: un | J91: 1 | K91: hun1 | L91: 君上平聲喜 | M91: 君一喜 | Q91: 惽 | R91: un1h | S91: 0.6
A92: 91 | B92: 閽 | C92: 喜 | D92: 君 | E92: 上平 | F92: hun1 | G92: 舒聲 | H92: h | I92: un | J92: 1 | K92: hun1 | L92: 君上平聲喜 | M92: 君一喜 | Q92: 閽 | R92: un1h | S92: 0.6
A93: 92 | B93: 熏 | C93: 喜 | D93: 君 | E93: 上平 | F93: hun1 | G93: 舒聲 | H93: h | I93: un | J93: 1 | K93: hun1 | L93: 君上平聲喜 | M93: 君一喜 | Q93: 熏 | R93: un1h | S93: 0.6
A94: 93 | B94: 薰 | C94: 喜 | D94: 君 | E94: 上平 | F94: hun1 | G94: 舒聲 | H94: h | I94: un | J94: 1 | K94: hun1 | L94: 君上平聲喜 | M94: 君一喜 | Q94: 薰 | R94: un1h | S94: 0.6
A95: 94 | B95: 燻 | C95: 喜 | D95: 君 | E95: 上平 | F95: hun1 | G95: 舒聲 | H95: h | I95: un | J95: 1 | K95: hun1 | L95: 君上平聲喜 | M95: 君一喜 | Q95: 燻 | R95: un1h | S95: 0.6
A96: 95 | B96: 曛 | C96: 喜 | D96: 君 | E96: 上平 | F96: hun1 | G96: 舒聲 | H96: h | I96: un | J96: 1 | K96: hun1 | L96: 君上平聲喜 | M96: 君一喜 | Q96: 曛 | R96: un1h | S96: 0.6
A97: 96 | B97: 矄 | C97: 喜 | D97: 君 | E97: 上平 | F97: hun1 | G97: 舒聲 | H97: h | I97: un | J97: 1 | K97: hun1 | L97: 君上平聲喜 | M97: 君一喜 | Q97: 矄 | R97: un1h | S97: 0.6
A98: 97 | B98: 醺 | C98: 喜 | D98: 君 | E98: 上平 | F98: hun1 | G98: 舒聲 | H98: h | I98: un | J98: 1 | K98: hun1 | L98: 君上平聲喜 | M98: 君一喜 | Q98: 醺 | R98: un1h | S98: 0.6
A99: 98 | B99: 獯 | C99: 喜 | D99: 君 | E99: 上平 | F99: hun1 | G99: 舒聲 | H99: h | I99: un | J99: 1 | K99: hun1 | L99: 君上平聲喜 | M99: 君一喜 | Q99: 獯 | R99: un1h | S99: 0.6
A100: 99 | B100: 臐 | C100: 喜 | D100: 君 | E100: 上平 | F100: hun1 | G100: 舒聲 | H100: h | I100: un | J100: 1 | K100: hun1 | L100: 君上平聲喜 | M100: 君一喜 | Q100: 臐 | R100: un1h | S100: 0.6
A101: 100 | B101: 塤 | C101: 喜 | D101: 君 | E101: 上平 | F101: hun1 | G101: 舒聲 | H101: h | I101: un | J101: 1 | K101: hun1 | L101: 君上平聲喜 | M101: 君一喜 | N101: 0.01 | Q101: 塤 | R101: un1h | S101: 0.6
A102: 101 | B102: 壎 | C102: 喜 | D102: 君 | E102: 上平 | F102: hun1 | G102: 舒聲 | H102: h | I102: un | J102: 1 | K102: hun1 | L102: 君上平聲喜 | M102: 君一喜 | Q102: 壎 | R102: un1h | S102: 0.6
A103: 102 | B103: 勳 | C103: 喜 | D103: 君 | E103: 上平 | F103: hun1 | G103: 舒聲 | H103: h | I103: un | J103: 1 | K103: hun1 | L103: 君上平聲喜 | M103: 君一喜 | N103: 0.01 | Q103: 勳 | R103: un1h | S103: 0.6
A104: 103 | B104: 勛 | C104: 喜 | D104: 君 | E104: 上平 | F104: hun1 | G104: 舒聲 | H104: h | I104: un | J104: 1 | K104: hun1 | L104: 君上平聲喜 | M104: 君一喜 | Q104: 勛 | R104: un1h | S104: 0.6
A105: 104 | B105: 葷 | C105: 喜 | D105: 君 | E105: 上平 | F105: hun1 | G105: 舒聲 | H105: h | I105: un | J105: 1 | K105: hun1 | L105: 君上平聲喜 | M105: 君一喜 | Q105: 葷 | R105: un1h | S105: 0.6
A106: 105 | B106: 煇 | C106: 喜 | D106: 君 | E106: 上平 | F106: hun1 | G106: 舒聲 | H106: h | I106: un | J106: 1 | K106: hun1 | L106: 君上平聲喜 | M106: 君一喜 | Q106: 煇 | R106: un1h | S106: 0.6
A107: 106 | B107: 焄 | C107: 喜 | D107: 君 | E107: 上平 | F107: hun1 | G107: 舒聲 | H107: h | I107: un | J107: 1 | K107: hun1 | L107: 君上平聲喜 | M107: 君一喜 | Q107: 焄 | R107: un1h | S107: 0.6
A108: 107 | B108: 芬 | C108: 喜 | D108: 君 | E108: 上平 | F108: hun1 | G108: 舒聲 | H108: h | I108: un | J108: 1 | K108: hun1 | L108: 君上平聲喜 | M108: 君一喜 | Q108: 芬 | R108: un1h | S108: 0.6
A109: 108 | B109: 氛 | C109: 喜 | D109: 君 | E109: 上平 | F109: hun1 | G109: 舒聲 | H109: h | I109: un | J109: 1 | K109: hun1 | L109: 君上平聲喜 | M109: 君一喜 | Q109: 氛 | R109: un1h | S109: 0.6
A110: 109 | B110: 棼 | C110: 喜 | D110: 君 | E110: 上平 | F110: hun1 | G110: 舒聲 | H110: h | I110: un | J110: 1 | K110: hun1 | L110: 君上平聲喜 | M110: 君一喜 | Q110: 棼 | R110: un1h | S110: 0.6
A111: 110 | B111: 雰 | C111: 喜 | D111: 君 | E111: 上平 | F111: hun1 | G111: 舒聲 | H111: h | I111: un | J111: 1 | K111: hun1 | L111: 君上平聲喜 | M111: 君一喜 | Q111: 雰 | R111: un1h | S111: 0.6
A112: 111 | B112: 紛 | C112: 喜 | D112: 君 | E112: 上平 | F112: hun1 | G112: 舒聲 | H112: h | I112: un | J112: 1 | K112: hun1 | L112: 君上平聲喜 | M112: 君一喜 | Q112: 紛 | R112: un1h | S112: 0.6
A113: 112 | B113: 梤 | C113: 喜 | D113: 君 | E113: 上平 | F113: hun1 | G113: 舒聲 | H113: h | I113: un | J113: 1 | K113: hun1 | L113: 君上平聲喜 | M113: 君一喜 | Q113: 梤 | R113: un1h | S113: 0.6
A114: 113 | B114: 殙 | C114: 喜 | D114: 君 | E114: 上平 | F114: hun1 | G114: 舒聲 | H114: h | I114: un | J114: 1 | K114: hun1 | L114: 君上平聲喜 | M114: 君一喜 | Q114: 殙 | R114: un1h | S114: 0.6
A115: 114 | B115: 㱪 | C115: 喜 | D115: 君 | E115: 上平 | F115: hun1 | G115: 舒聲 | H115: h | I115: un | J115: 1 | K115: hun1 | L115: 君上平聲喜 | M115: 君一喜 | N115: 0.01 | Q115: 㱪 | R115: un1h | S115: 0.6
A116: 115 | B116: 馚 | C116: 喜 | D116: 君 | E116: 上平 | F116: hun1 | G116: 舒聲 | H116: h | I116: un | J116: 1 | K116: hun1 | L116: 君上平聲喜 | M116: 君一喜 | Q116: 馚 | R116: un1h | S116: 0.6
A117: 116 | B117: 緍 | C117: 喜 | D117: 君 | E117: 上平 | F117: hun1 | G117: 舒聲 | H117: h | I117: un | J117: 1 | K117: hun1 | L117: 君上平聲喜 | M117: 君一喜 | Q117: 緍 | R117: un1h | S117: 0.6
A118: 117 | B118: 痻 | C118: 喜 | D118: 君 | E118: 上平 | F118: hun1 | G118: 舒聲 | H118: h | I118: un | J118: 1 | K118: hun1 | L118: 君上平聲喜 | M118: 君一喜 | Q118: 痻 | R118: un1h | S118: 0.6
A119: 118 | B119: 烟 | C119: 喜 | D119: 君 | E119: 上平 | F119: hun1 | G119: 舒聲 | H119: h | I119: un | J119: 1 | K119: hun1 | L119: 君上平聲喜 | M119: 君一喜 | Q119: 烟 | R119: un1h | S119: 0.6
A120: 119 | B120: 纁 | C120: 喜 | D120: 君 | E120: 上平 | F120: hun1 | G120: 舒聲 | H120: h | I120: un | J120: 1 | K120: hun1 | L120: 君上平聲喜 | M120: 君一喜 | Q120: 纁 | R120: un1h | S120: 0.6
A121: 120 | B121: 𠉣 | C121: 喜 | D121: 君 | E121: 上平 | F121: hun1 | G121: 舒聲 | H121: h | I121: un | J121: 1 | K121: hun1 | L121: 君上平聲喜 | M121: 君一喜 | Q121: 𠉣 | R121: un1h | S121: 0.6
A122: 121 | B122: 汾 | C122: 喜 | D122: 君 | E122: 上平 | F122: hun1 | G122: 舒聲 | H122: h | I122: un | J122: 1 | K122: hun1 | L122: 君上平聲喜 | M122: 君一喜 | Q122: 汾 | R122: un1h | S122: 0.6
...

Sheet 聲母對照表
A1: =COLUMN() -> 1 | B1: =COLUMN() -> 2 | C1: =COLUMN() -> 3 | D1: =COLUMN() -> 4 | E1: =COLUMN() -> 5 | F1: =COLUMN() -> 6 | H1: =COLUMN() -> 8 | I1: =COLUMN() -> 9 | J1: =COLUMN() -> 10
A3: 識別號 | B3: 聲母碼 | C3: 國際音標 | D3: 白話字 | E3: 台羅 | F3: 閩拼 | G3: 注音二式 | H3: 方音 | I3: 十五音 | J3: 備註
A4: 1 | B4: l | C4: l | D4: l | E4: l | F4: l | H4: ㄌ | I4: 柳
A5: 2 | B5: p | C5: p | D5: p | E5: p | F5: b | H5: ㄅ | I5: 邊
A6: 3 | B6: k | C6: k | D6: k | E6: k | F6: g | H6: ㄍ | I6: 求
A7: 4 | B7: kh | C7: kʰ | D7: kh | E7: kh | F7: k | H7: ㄎ | I7: 去
A8: 5 | B8: t | C8: t | D8: t | E8: t | F8: d | H8: ㄉ | I8: 地
A9: 6 | B9: ph | C9: pʰ | D9: ph | E9: ph | F9: p | H9: ㄆ | I9: 頗
A10: 7 | B10: th | C10: tʰ | D10: th | E10: th | F10: t | H10: ㄊ | I10: 他 | L10: 序號 | M10: 聲母碼 | N10: 國際音標 | O10: 白話字 | P10: 台羅 | Q10: 閩拼 | R10: 方音 | S10: 十五音
A11: 8 | B11: z | C11: ʦ | D11: ch | E11: ts | F11: z | H11: ㄗ | I11: 曾 | L11: 8 | M11: zi | N11: ʨ | O11: chi | P11: tsi | Q11: zi | R11: ㄐ | S11: 曾
A12: 9 | B12: j | C12: ʣ | D12: j | E12: j | F12: zz | H12: ㆡ | I12: 入 | L12: 9 | M12: ji | N12: ʥ | O12: ji | P12: ji | Q12: zzi | R12: ㆢ | S12: 入
A13: 10 | B13: s | C13: s | D13: s | E13: s | F13: s | H13: ㄙ | I13: 時 | L13: 10 | M13: si | N13: ɕ | O13: si | P13: si | Q13: si | R13: ㄒ | S13: 時
A14: 11 | B14: q | I14: 英
A15: 12 | B15: b | C15: b | D15: b | E15: b | F15: bb | H15: ㆠ | I15: 門
A16: 13 | B16: g | C16: ɡ | D16: g | E16: g | F16: gg | H16: ㆣ | I16: 語 | L16: 序號 | M16: 聲母碼 | N16: 國際音標 | O16: 白話字 | P16: 台羅 | Q16: 閩拼 | R16: 方音 | S16: 十五音
A17: 14 | B17: c | C17: ʦʰ | D17: chh | E17: tsh | F17: c | H17: ㄘ | I17: 出 | L17: 14 | M17: ci | N17: ʨʰ | O17: chhi | P17: tshi | Q17: ci | R17: ㄑ | S17: 出
A18: 15 | B18: h | C18: h | D18: h | E18: h | F18: h | H18: ㄏ | I18: 喜
A19: 16 | B19: m | C19: m | D19: m | E19: m | F19: bbn | H19: ㄇ | I19: 毛 | J19: b/m 本不分，此處分門/毛
A20: 17 | B20: n | C20: n | D20: n | E20: n | F20: ln | H20: ㄋ | I20: 耐 | J20: l/n 本不分，此處分柳/耐
A21: 18 | B21: ng | C21: ŋ | D21: ng | E21: ng | F21: ggn | H21: ㄫ | I21: 雅 | J21: g/ng 本不分，此處分語/雅

Sheet 15音與方音符號對照表
B2: 序號 | C2: 十五音聲母 | D2: 方音符號 | F2: 序號 | G2: 十五音韻母 | H2: 舒聲方音 | I2: 促聲方音 | L2: 十五音 | M2: 方音
A3: =_xlfn.CONCAT(C3,"|") -> 柳| | B3: 1 | C3: 柳 | D3: ㄌ | F3: 1 | G3: {=_xlfn.HSTACK(_xlfn.TAKE(_xlfn.WRAPROWS(L3:L102, 2), , 1), _xlfn.WRAPROWS(M3:M102, 2))} -> 君 | H3: ㄨㄣ | I3: ㄨㆵ | J3: =IF(I3=0, "", I3) -> ㄨㆵ | L3: 君 | M3: ㄨㄣ | O3: 君 | P3: ㄨㄣ | Q3: ㄨㆵ | T3: =_xlfn.CONCAT("{ """,C3,""": ", """", D3, """ }, ") -> { "柳": "ㄌ" }, | V3: =_xlfn.CONCAT("{ """,G3,""": ", "[ ", """", H3, """,", """", J3, """ }, ") -> { "君": [ "ㄨㄣ","ㄨㆵ" },
A4: =_xlfn.CONCAT(C4,"|") -> 邊| | B4: 2 | C4: 邊 | D4: ㄅ | F4: 2 | G4: 堅 | H4: ㄧㄢ | I4: ㄧㄚㆵ | J4: =IF(I4=0, "", I4) -> ㄧㄚㆵ | L4: 君 | M4: ㄨㆵ | O4: 堅 | P4: ㄧㄢ | Q4: ㄧㄚㆵ | T4: =_xlfn.CONCAT("{ """,C4,""": ", """", D4, """ }, ") -> { "邊": "ㄅ" }, | V4: =_xlfn.CONCAT("{ """,G4,""": ", "[ ", """", H4, """,", """", J4, """ }, ") -> { "堅": [ "ㄧㄢ","ㄧㄚㆵ" },
A5: =_xlfn.CONCAT(C5,"|") -> 求| | B5: 3 | C5: 求 | D5: ㄍ | F5: 3 | G5: 金 | H5: ㄧㆬ | I5: 一ㆴ | J5: =IF(I5=0, "", I5) -> 一ㆴ | L5: 堅 | M5: ㄧㄢ | T5: =_xlfn.CONCAT("{ """,C5,""": ", """", D5, """ }, ") -> { "求": "ㄍ" }, | V5: =_xlfn.CONCAT("{ """,G5,""": ", "[ ", """", H5, """,", """", J5, """ }, ") -> { "金": [ "ㄧㆬ","一ㆴ" },
A6: =_xlfn.CONCAT(C6,"|") -> 去| | B6: 4 | C6: 去 | D6: ㄎ | F6: 4 | G6: 規 | H6: ㄨㄧ | I6: 0 | J6: =IF(I6=0, "", I6) | L6: 堅 | M6: ㄧㄚㆵ | T6: =_xlfn.CONCAT("{ """,C6,""": ", """", D6, """ }, ") -> { "去": "ㄎ" }, | V6: =_xlfn.CONCAT("{ """,G6,""": ", "[ ", """", H6, """,", """", J6, """ }, ") -> { "規": [ "ㄨㄧ","" },
A7: =_xlfn.CONCAT(C7,"|") -> 地| | B7: 5 | C7: 地 | D7: ㄉ | F7: 5 | G7: 嘉 | H7: ㄝ | I7: ㄝㆷ | J7: =IF(I7=0, "", I7) -> ㄝㆷ | L7: 金 | M7: ㄧㆬ | T7: =_xlfn.CONCAT("{ """,C7,""": ", """", D7, """ }, ") -> { "地": "ㄉ" }, | V7: =_xlfn.CONCAT("{ """,G7,""": ", "[ ", """", H7, """,", """", J7, """ }, ") -> { "嘉": [ "ㄝ","ㄝㆷ" },
A8: =_xlfn.CONCAT(C8,"|") -> 頗| | B8: 6 | C8: 頗 | D8: ㄆ | F8: 6 | G8: 干 | H8: ㄢ | I8: ㄚㆵ | J8: =IF(I8=0, "", I8) -> ㄚㆵ | L8: 金 | M8: 一ㆴ | T8: =_xlfn.CONCAT("{ """,C8,""": ", """", D8, """ }, ") -> { "頗": "ㄆ" }, | V8: =_xlfn.CONCAT("{ """,G8,""": ", "[ ", """", H8, """,", """", J8, """ }, ") -> { "干": [ "ㄢ","ㄚㆵ" },
A9: =_xlfn.CONCAT(C9,"|") -> 他| | B9: 7 | C9: 他 | D9: ㄊ | F9: 7 | G9: 公 | H9: ㆲ | I9: ㆦㆻ | J9: =IF(I9=0, "", I9) -> ㆦㆻ | L9: 規 | M9: ㄨㄧ | T9: =_xlfn.CONCAT("{ """,C9,""": ", """", D9, """ }, ") -> { "他": "ㄊ" }, | V9: =_xlfn.CONCAT("{ """,G9,""": ", "[ ", """", H9, """,", """", J9, """ }, ") -> { "公": [ "ㆲ","ㆦㆻ" },
A10: =_xlfn.CONCAT(C10,"|") -> 曾| | B10: 8 | C10: 曾 | D10: ㄗ | F10: 8 | G10: 乖 | H10: ㄨㄞ | I10: ㄨㄞㆷ | J10: =IF(I10=0, "", I10) -> ㄨㄞㆷ | L10: 規 | M10: 0 | T10: =_xlfn.CONCAT("{ """,C10,""": ", """", D10, """ }, ") -> { "曾": "ㄗ" }, | V10: =_xlfn.CONCAT("{ """,G10,""": ", "[ ", """", H10, """,", """", J10, """ }, ") -> { "乖": [ "ㄨㄞ","ㄨㄞㆷ" },
A11: =_xlfn.CONCAT(C11,"|") -> 入| | B11: 9 | C11: 入 | D11: ㆡ | F11: 9 | G11: 經 | H11: ㄧㄥ | I11: ㄧㆻ | J11: =IF(I11=0, "", I11) -> ㄧㆻ | L11: 嘉 | M11: ㄝ | T11: =_xlfn.CONCAT("{ """,C11,""": ", """", D11, """ }, ") -> { "入": "ㆡ" }, | V11: =_xlfn.CONCAT("{ """,G11,""": ", "[ ", """", H11, """,", """", J11, """ }, ") -> { "經": [ "ㄧㄥ","ㄧㆻ" },
A12: =_xlfn.CONCAT(C12,"|") -> 時| | B12: 10 | C12: 時 | D12: ㄙ | F12: 10 | G12: 觀 | H12: ㄨㄢ | I12: ㄨㄚㆵ | J12: =IF(I12=0, "", I12) -> ㄨㄚㆵ | L12: 嘉 | M12: ㄝㆷ | T12: =_xlfn.CONCAT("{ """,C12,""": ", """", D12, """ }, ") -> { "時": "ㄙ" }, | V12: =_xlfn.CONCAT("{ """,G12,""": ", "[ ", """", H12, """,", """", J12, """ }, ") -> { "觀": [ "ㄨㄢ","ㄨㄚㆵ" },
A13: =_xlfn.CONCAT(C13,"|") -> 英| | B13: 11 | C13: 英 | F13: 11 | G13: 沽 | H13: ㆦ | I13: 0 | J13: =IF(I13=0, "", I13) | L13: 干 | M13: ㄢ | T13: =_xlfn.CONCAT("{ """,C13,""": ", """", D13, """ }, ") -> { "英": "" }, | V13: =_xlfn.CONCAT("{ """,G13,""": ", "[ ", """", H13, """,", """", J13, """ }, ") -> { "沽": [ "ㆦ","" },
A14: =_xlfn.CONCAT(C14,"|") -> 門| | B14: 12 | C14: 門 | D14: ㆠ | F14: 12 | G14: 嬌 | H14: ㄧㄠ | I14: ㄧㄠㆷ | J14: =IF(I14=0, "", I14) -> ㄧㄠㆷ | L14: 干 | M14: ㄚㆵ | T14: =_xlfn.CONCAT("{ """,C14,""": ", """", D14, """ }, ") -> { "門": "ㆠ" }, | V14: =_xlfn.CONCAT("{ """,G14,""": ", "[ ", """", H14, """,", """", J14, """ }, ") -> { "嬌": [ "ㄧㄠ","ㄧㄠㆷ" },
A15: =_xlfn.CONCAT(C15,"|") -> 語| | B15: 13 | C15: 語 | D15: ㆣ | F15: 13 | G15: 稽 | H15: ㆤ | I15: 0 | J15: =IF(I15=0, "", I15) | L15: 公 | M15: ㆲ | T15: =_xlfn.CONCAT("{ """,C15,""": ", """", D15, """ }, ") -> { "語": "ㆣ" }, | V15: =_xlfn.CONCAT("{ """,G15,""": ", "[ ", """", H15, """,", """", J15, """ }, ") -> { "稽": [ "ㆤ","" },
A16: =_xlfn.CONCAT(C16,"|") -> 出| | B16: 14 | C16: 出 | D16: ㄘ | F16: 14 | G16: 恭 | H16: ㄧㆲ | I16: ㄧㆦㆻ | J16: =IF(I16=0, "", I16) -> ㄧㆦㆻ | L16: 公 | M16: ㆦㆻ | T16: =_xlfn.CONCAT("{ """,C16,""": ", """", D16, """ }, ") -> { "出": "ㄘ" }, | V16: =_xlfn.CONCAT("{ """,G16,""": ", "[ ", """", H16, """,", """", J16, """ }, ") -> { "恭": [ "ㄧㆲ","ㄧㆦㆻ" },
A17: =_xlfn.CONCAT(C17,"|") -> 喜| | B17: 15 | C17: 喜 | D17: ㄏ | F17: 15 | G17: 高 | H17: ㄜ | I17: ㄜㆷ | J17: =IF(I17=0, "", I17) -> ㄜㆷ | L17: 乖 | M17: ㄨㄞ | T17: =_xlfn.CONCAT("{ """,C17,""": ", """", D17, """ }, ") -> { "喜": "ㄏ" }, | V17: =_xlfn.CONCAT("{ """,G17,""": ", "[ ", """", H17, """,", """", J17, """ }, ") -> { "高": [ "ㄜ","ㄜㆷ" },
A18: =_xlfn.CONCAT(C18,"|") -> 毛| | B18: 16 | C18: 毛 | D18: ㄇ | F18: 16 | G18: 皆 | H18: ㄞ | I18: 0 | J18: =IF(I18=0, "", I18) | L18: 乖 | M18: ㄨㄞㆷ | T18: =_xlfn.CONCAT("{ """,C18,""": ", """", D18, """ }, ") -> { "毛": "ㄇ" }, | V18: =_xlfn.CONCAT("{ """,G18,""": ", "[ ", """", H18, """,", """", J18, """ }, ") -> { "皆": [ "ㄞ","" },
A19: =_xlfn.CONCAT(C19,"|") -> 耐| | B19: 17 | C19: 耐 | D19: ㄋ | F19: 17 | G19: 巾 | H19: ㄧㄣ | I19: ㄧㆵ | J19: =IF(I19=0, "", I19) -> ㄧㆵ | L19: 經 | M19: ㄧㄥ | T19: =_xlfn.CONCAT("{ """,C19,""": ", """", D19, """ }, ") -> { "耐": "ㄋ" }, | V19: =_xlfn.CONCAT("{ """,G19,""": ", "[ ", """", H19, """,", """", J19, """ }, ") -> { "巾": [ "ㄧㄣ","ㄧㆵ" },
A20: =_xlfn.CONCAT(C20,"|") -> 雅| | B20: 18 | C20: 雅 | D20: ㄫ | F20: 18 | G20: 姜 | H20: ㄧㄤ | I20: ㄧㄚㆻ | J20: =IF(I20=0, "", I20) -> ㄧㄚㆻ | L20: 經 | M20: ㄧㆻ | T20: =_xlfn.CONCAT("{ """,C20,""": ", """", D20, """ }, ") -> { "雅": "ㄫ" }, | V20: =_xlfn.CONCAT("{ """,G20,""": ", "[ ", """", H20, """,", """", J20, """ }, ") -> { "姜": [ "ㄧㄤ","ㄧㄚㆻ" },
F21: 19 | G21: 甘 | H21: ㆰ | I21: ㄚㆴ | J21: =IF(I21=0, "", I21) -> ㄚㆴ | L21: 觀 | M21: ㄨㄢ | V21: =_xlfn.CONCAT("{ """,G21,""": ", "[ ", """", H21, """,", """", J21, """ }, ") -> { "甘": [ "ㆰ","ㄚㆴ" },
A22: =_xlfn.CONCAT(A3:A20) -> 柳|邊|求|去|地|頗|他|曾|入|時|英|門|語|出|喜|毛|耐|雅| | F22: 20 | G22: 瓜 | H22: ㄨㄚ | I22: ㄨㄚㆷ | J22: =IF(I22=0, "", I22) -> ㄨㄚㆷ | L22: 觀 | M22: ㄨㄚㆵ | V22: =_xlfn.CONCAT("{ """,G22,""": ", "[ ", """", H22, """,", """", J22, """ }, ") -> { "瓜": [ "ㄨㄚ","ㄨㄚㆷ" },
F23: 21 | G23: 江 | H23: ㄤ | I23: ㄚㆻ | J23: =IF(I23=0, "", I23) -> ㄚㆻ | L23: 沽 | M23: ㆦ | V23: =_xlfn.CONCAT("{ """,G23,""": ", "[ ", """", H23, """,", """", J23, """ }, ") -> { "江": [ "ㄤ","ㄚㆻ" },
F24: 22 | G24: 兼 | H24: ㄧㆰ | I24: ㄧㄚㆴ | J24: =IF(I24=0, "", I24) -> ㄧㄚㆴ | L24: 沽 | M24: 0 | V24: =_xlfn.CONCAT("{ """,G24,""": ", "[ ", """", H24, """,", """", J24, """ }, ") -> { "兼": [ "ㄧㆰ","ㄧㄚㆴ" },
F25: 23 | G25: 交 | H25: ㄠ | I25: ㄠㆷ | J25: =IF(I25=0, "", I25) -> ㄠㆷ | L25: 嬌 | M25: ㄧㄠ | V25: =_xlfn.CONCAT("{ """,G25,""": ", "[ ", """", H25, """,", """", J25, """ }, ") -> { "交": [ "ㄠ","ㄠㆷ" },
F26: 24 | G26: 迦 | H26: ㄧㄚ | I26: ㄧㄚㆷ | J26: =IF(I26=0, "", I26) -> ㄧㄚㆷ | L26: 嬌 | M26: ㄧㄠㆷ | V26: =_xlfn.CONCAT("{ """,G26,""": ", "[ ", """", H26, """,", """", J26, """ }, ") -> { "迦": [ "ㄧㄚ","ㄧㄚㆷ" },
F27: 25 | G27: 檜 | H27: ㄨㆤ | I27: ㄨㆤㆷ | J27: =IF(I27=0, "", I27) -> ㄨㆤㆷ | L27: 稽 | M27: ㆤ | V27: =_xlfn.CONCAT("{ """,G27,""": ", "[ ", """", H27, """,", """", J27, """ }, ") -> { "檜": [ "ㄨㆤ","ㄨㆤㆷ" },
F28: 26 | G28: 監 | H28: ㆩ | I28: ㆩㆷ | J28: =IF(I28=0, "", I28) -> ㆩㆷ | L28: 稽 | M28: 0 | V28: =_xlfn.CONCAT("{ """,G28,""": ", "[ ", """", H28, """,", """", J28, """ }, ") -> { "監": [ "ㆩ","ㆩㆷ" },
F29: 27 | G29: 艍 | H29: ㄨ | I29: ㄨㆷ | J29: =IF(I29=0, "", I29) -> ㄨㆷ | L29: 恭 | M29: ㄧㆲ | V29: =_xlfn.CONCAT("{ """,G29,""": ", "[ ", """", H29, """,", """", J29, """ }, ") -> { "艍": [ "ㄨ","ㄨㆷ" },
F30: 28 | G30: 膠 | H30: ㄚ | I30: ㄚㆷ | J30: =IF(I30=0, "", I30) -> ㄚㆷ | L30: 恭 | M30: ㄧㆦㆻ | V30: =_xlfn.CONCAT("{ """,G30,""": ", "[ ", """", H30, """,", """", J30, """ }, ") -> { "膠": [ "ㄚ","ㄚㆷ" },
F31: 29 | G31: 居 | H31: ㄧ | I31: ㄧㆷ | J31: =IF(I31=0, "", I31) -> ㄧㆷ | L31: 高 | M31: ㄜ | V31: =_xlfn.CONCAT("{ """,G31,""": ", "[ ", """", H31, """,", """", J31, """ }, ") -> { "居": [ "ㄧ","ㄧㆷ" },
F32: 30 | G32: 丩 | H32: ㄧㄨ | I32: 0 | J32: =IF(I32=0, "", I32) | L32: 高 | M32: ㄜㆷ | V32: =_xlfn.CONCAT("{ """,G32,""": ", "[ ", """", H32, """,", """", J32, """ }, ") -> { "丩": [ "ㄧㄨ","" },
F33: 31 | G33: 更 | H33: ㆥ | I33: ㆥㆷ | J33: =IF(I33=0, "", I33) -> ㆥㆷ | L33: 皆 | M33: ㄞ | V33: =_xlfn.CONCAT("{ """,G33,""": ", "[ ", """", H33, """,", """", J33, """ }, ") -> { "更": [ "ㆥ","ㆥㆷ" },
F34: 32 | G34: 褌 | H34: ㄨㆪ | I34: 0 | J34: =IF(I34=0, "", I34) | L34: 皆 | M34: 0 | V34: =_xlfn.CONCAT("{ """,G34,""": ", "[ ", """", H34, """,", """", J34, """ }, ") -> { "褌": [ "ㄨㆪ","" },
F35: 33 | G35: 茄 | H35: ㄧㄜ | I35: ㄧㄜㆷ | J35: =IF(I35=0, "", I35) -> ㄧㄜㆷ | L35: 巾 | M35: ㄧㄣ | V35: =_xlfn.CONCAT("{ """,G35,""": ", "[ ", """", H35, """,", """", J35, """ }, ") -> { "茄": [ "ㄧㄜ","ㄧㄜㆷ" },
F36: 34 | G36: 梔 | H36: ㆪ | I36: ㆪㆷ | J36: =IF(I36=0, "", I36) -> ㆪㆷ | L36: 巾 | M36: ㄧㆵ | V36: =_xlfn.CONCAT("{ """,G36,""": ", "[ ", """", H36, """,", """", J36, """ }, ") -> { "梔": [ "ㆪ","ㆪㆷ" },
F37: 35 | G37: 薑 | H37: ㄧㆧ | I37: 0 | J37: =IF(I37=0, "", I37) | L37: 姜 | M37: ㄧㄤ | V37: =_xlfn.CONCAT("{ """,G37,""": ", "[ ", """", H37, """,", """", J37, """ }, ") -> { "薑": [ "ㄧㆧ","" },
F38: 36 | G38: 驚 | H38: ㄧㆩ | I38: 0 | J38: =IF(I38=0, "", I38) | L38: 姜 | M38: ㄧㄚㆻ | V38: =_xlfn.CONCAT("{ """,G38,""": ", "[ ", """", H38, """,", """", J38, """ }, ") -> { "驚": [ "ㄧㆩ","" },
F39: 37 | G39: 官 | H39: ㄨㆩ | I39: 0 | J39: =IF(I39=0, "", I39) | L39: 甘 | M39: ㆰ | V39: =_xlfn.CONCAT("{ """,G39,""": ", "[ ", """", H39, """,", """", J39, """ }, ") -> { "官": [ "ㄨㆩ","" },
F40: 38 | G40: 鋼 | H40: ㆭ | I40: 0 | J40: =IF(I40=0, "", I40) | L40: 甘 | M40: ㄚㆴ | V40: =_xlfn.CONCAT("{ """,G40,""": ", "[ ", """", H40, """,", """", J40, """ }, ") -> { "鋼": [ "ㆭ","" },
F41: 39 | G41: 伽 | H41: ㆤ | I41: ㆤㆷ | J41: =IF(I41=0, "", I41) -> ㆤㆷ | L41: 瓜 | M41: ㄨㄚ | V41: =_xlfn.CONCAT("{ """,G41,""": ", "[ ", """", H41, """,", """", J41, """ }, ") -> { "伽": [ "ㆤ","ㆤㆷ" },
F42: 40 | G42: 閒 | H42: ㆮ | I42: 0 | J42: =IF(I42=0, "", I42) | L42: 瓜 | M42: ㄨㄚㆷ | V42: =_xlfn.CONCAT("{ """,G42,""": ", "[ ", """", H42, """,", """", J42, """ }, ") -> { "閒": [ "ㆮ","" },
F43: 41 | G43: 姑 | H43: ㆧ | I43: 0 | J43: =IF(I43=0, "", I43) | L43: 江 | M43: ㄤ | V43: =_xlfn.CONCAT("{ """,G43,""": ", "[ ", """", H43, """,", """", J43, """ }, ") -> { "姑": [ "ㆧ","" },
F44: 42 | G44: 姆 | H44: ㆬ | I44: 0 | J44: =IF(I44=0, "", I44) | L44: 江 | M44: ㄚㆻ | V44: =_xlfn.CONCAT("{ """,G44,""": ", "[ ", """", H44, """,", """", J44, """ }, ") -> { "姆": [ "ㆬ","" },
F45: 43 | G45: 光 | H45: ㄨㄤ | I45: ㄨㄚㆻ | J45: =IF(I45=0, "", I45) -> ㄨㄚㆻ | L45: 兼 | M45: ㄧㆰ | V45: =_xlfn.CONCAT("{ """,G45,""": ", "[ ", """", H45, """,", """", J45, """ }, ") -> { "光": [ "ㄨㄤ","ㄨㄚㆻ" },
F46: 44 | G46: 閂 | H46: ㄨㆮ | I46: ㄨㆮㆷ | J46: =IF(I46=0, "", I46) -> ㄨㆮㆷ | L46: 兼 | M46: ㄧㄚㆴ | V46: =_xlfn.CONCAT("{ """,G46,""": ", "[ ", """", H46, """,", """", J46, """ }, ") -> { "閂": [ "ㄨㆮ","ㄨㆮㆷ" },
F47: 45 | G47: 糜 | H47: ㄨㆥ | I47: 0 | J47: =IF(I47=0, "", I47) | L47: 交 | M47: ㄠ | V47: =_xlfn.CONCAT("{ """,G47,""": ", "[ ", """", H47, """,", """", J47, """ }, ") -> { "糜": [ "ㄨㆥ","" },
F48: 46 | G48: 嘄 | H48: ㄧㆯ | I48: ㄧㆯㆷ | J48: =IF(I48=0, "", I48) -> ㄧㆯㆷ | L48: 交 | M48: ㄠㆷ | V48: =_xlfn.CONCAT("{ """,G48,""": ", "[ ", """", H48, """,", """", J48, """ }, ") -> { "嘄": [ "ㄧㆯ","ㄧㆯㆷ" },
F49: 47 | G49: 箴 | H49: ㆱ | I49: ㆦㆴ | J49: =IF(I49=0, "", I49) -> ㆦㆴ | L49: 迦 | M49: ㄧㄚ | V49: =_xlfn.CONCAT("{ """,G49,""": ", "[ ", """", H49, """,", """", J49, """ }, ") -> { "箴": [ "ㆱ","ㆦㆴ" },
F50: 48 | G50: 爻 | H50: ㆯ | I50: 0 | J50: =IF(I50=0, "", I50) | L50: 迦 | M50: ㄧㄚㆷ | V50: =_xlfn.CONCAT("{ """,G50,""": ", "[ ", """", H50, """,", """", J50, """ }, ") -> { "爻": [ "ㆯ","" },
F51: 49 | G51: 扛 | H51: ㆧ | I51: ㆧㆷ | J51: =IF(I51=0, "", I51) -> ㆧㆷ | L51: 檜 | M51: ㄨㆤ | V51: =_xlfn.CONCAT("{ """,G51,""": ", "[ ", """", H51, """,", """", J51, """ }, ") -> { "扛": [ "ㆧ","ㆧㆷ" },
F52: 50 | G52: 牛 | H52: ㄧㆫ | I52: 0 | J52: =IF(I52=0, "", I52) | L52: 檜 | M52: ㄨㆤㆷ | V52: =_xlfn.CONCAT("{ """,G52,""": ", "[ ", """", H52, """,", """", J52, """ }, ") -> { "牛": [ "ㄧㆫ","" },
L53: 監 | M53: ㆩ
L54: 監 | M54: ㆩㆷ
L55: 艍 | M55: ㄨ
L56: 艍 | M56: ㄨㆷ
C57: (柳|邊|求|去|地|頗|他|曾|入|時|英|門|語|出|喜|毛|耐|雅) | L57: 膠 | M57: ㄚ
L58: 膠 | M58: ㄚㆷ
L59: 居 | M59: ㄧ
L60: 居 | M60: ㄧㆷ
L61: 丩 | M61: ㄧㄨ
L62: 丩 | M62: 0
L63: 更 | M63: ㆥ
L64: 更 | M64: ㆥㆷ
L65: 褌 | M65: ㄨㆪ
L66: 褌 | M66: 0
L67: 茄 | M67: ㄧㄜ
L68: 茄 | M68: ㄧㄜㆷ
L69: 梔 | M69: ㆪ
L70: 梔 | M70: ㆪㆷ
L71: 薑 | M71: ㄧㆧ
L72: 薑 | M72: 0
L73: 驚 | M73: ㄧㆩ
L74: 驚 | M74: 0
L75: 官 | M75: ㄨㆩ
L76: 官 | M76: 0
L77: 鋼 | M77: ㆭ
L78: 鋼 | M78: 0
L79: 伽 | M79: ㆤ
L80: 伽 | M80: ㆤㆷ
L81: 閒 | M81: ㆮ
L82: 閒 | M82: 0
L83: 姑 | M83: ㆧ
L84: 姑 | M84: 0
L85: 姆 | M85: ㆬ
L86: 姆 | M86: 0
L87: 光 | M87: ㄨㄤ
L88: 光 | M88: ㄨㄚㆻ
L89: 閂 | M89: ㄨㆮ
L90: 閂 | M90: ㄨㆮㆷ
L91: 糜 | M91: ㄨㆥ
L92: 糜 | M92: 0
L93: 嘄 | M93: ㄧㆯ
L94: 嘄 | M94: ㄧㆯㆷ
L95: 箴 | M95: ㆱ
L96: 箴 | M96: ㆦㆴ
L97: 爻 | M97: ㆯ
L98: 爻 | M98: 0
L99: 扛 | M99: ㆧ
L100: 扛 | M100: ㆧㆷ
L101: 牛 | M101: ㄧㆫ
...

Sheet 用PY製作50音韻母
A1: 十五音 | B1: 方音 | E1: {=_xlfn._xlws.PY(3,0,A1:B100)} -> 十五音 | F1: 舒聲 | G1: 促聲
A2: 君 | B2: ㄨㄣ | E2: 君 | F2: ㄨㄣ | G2: ㄨㆵ
A3: 君 | B3: ㄨㆵ | E3: 堅 | F3: ㄧㄢ | G3: ㄧㄚㆵ
A4: 堅 | B4: ㄧㄢ | E4: 金 | F4: ㄧㆬ | G4: 一ㆴ
A5: 堅 | B5: ㄧㄚㆵ | E5: 規 | F5: ㄨㄧ | G5: 0
A6: 金 | B6: ㄧㆬ | E6: 嘉 | F6: ㄝ | G6: ㄝㆷ
A7: 金 | B7: 一ㆴ | E7: 干 | F7: ㄢ | G7: ㄚㆵ
A8: 規 | B8: ㄨㄧ | E8: 公 | F8: ㆲ | G8: ㆦㆻ
A9: 規 | B9: 0 | E9: 乖 | F9: ㄨㄞ | G9: ㄨㄞㆷ
A10: 嘉 | B10: ㄝ | E10: 經 | F10: ㄧㄥ | G10: ㄧㆻ
A11: 嘉 | B11: ㄝㆷ | E11: 觀 | F11: ㄨㄢ | G11: ㄨㄚㆵ
A12: 干 | B12: ㄢ | E12: 沽 | F12: ㆦ | G12: 0
A13: 干 | B13: ㄚㆵ | E13: 嬌 | F13: ㄧㄠ | G13: ㄧㄠㆷ
A14: 公 | B14: ㆲ | E14: 稽 | F14: ㆤ | G14: 0
A15: 公 | B15: ㆦㆻ | E15: 恭 | F15: ㄧㆲ | G15: ㄧㆦㆻ
A16: 乖 | B16: ㄨㄞ | E16: 高 | F16: ㄜ | G16: ㄜㆷ
A17: 乖 | B17: ㄨㄞㆷ | E17: 皆 | F17: ㄞ | G17: 0
A18: 經 | B18: ㄧㄥ | E18: 巾 | F18: ㄧㄣ | G18: ㄧㆵ
A19: 經 | B19: ㄧㆻ | E19: 姜 | F19: ㄧㄤ | G19: ㄧㄚㆻ
A20: 觀 | B20: ㄨㄢ | E20: 甘 | F20: ㆰ | G20: ㄚㆴ
A21: 觀 | B21: ㄨㄚㆵ | E21: 瓜 | F21: ㄨㄚ | G21: ㄨㄚㆷ
A22: 沽 | B22: ㆦ | E22: 江 | F22: ㄤ | G22: ㄚㆻ
A23: 沽 | B23: 0 | E23: 兼 | F23: ㄧㆰ | G23: ㄧㄚㆴ
A24: 嬌 | B24: ㄧㄠ | E24: 交 | F24: ㄠ | G24: ㄠㆷ
A25: 嬌 | B25: ㄧㄠㆷ | E25: 迦 | F25: ㄧㄚ | G25: ㄧㄚㆷ
A26: 稽 | B26: ㆤ | E26: 檜 | F26: ㄨㆤ | G26: ㄨㆤㆷ
A27: 稽 | B27: 0 | E27: 監 | F27: ㆩ | G27: ㆩㆷ
A28: 恭 | B28: ㄧㆲ | E28: 艍 | F28: ㄨ | G28: ㄨㆷ
A29: 恭 | B29: ㄧㆦㆻ | E29: 膠 | F29: ㄚ | G29: ㄚㆷ
A30: 高 | B30: ㄜ | E30: 居 | F30: ㄧ | G30: ㄧㆷ
A31: 高 | B31: ㄜㆷ | E31: 丩 | F31: ㄧㄨ | G31: 0
A32: 皆 | B32: ㄞ | E32: 更 | F32: ㆥ | G32: ㆥㆷ
A33: 皆 | B33: 0 | E33: 褌 | F33: ㄨㆪ | G33: 0
A34: 巾 | B34: ㄧㄣ | E34: 茄 | F34: ㄧㄜ | G34: ㄧㄜㆷ
A35: 巾 | B35: ㄧㆵ | E35: 梔 | F35: ㆪ | G35: ㆪㆷ
A36: 姜 | B36: ㄧㄤ | E36: 薑 | F36: ㄧㆧ | G36: 0
A37: 姜 | B37: ㄧㄚㆻ | E37: 驚 | F37: ㄧㆩ | G37: 0
A38: 甘 | B38: ㆰ | E38: 官 | F38: ㄨㆩ | G38: 0
A39: 甘 | B39: ㄚㆴ | E39: 鋼 | F39: ㆭ | G39: 0
A40: 瓜 | B40: ㄨㄚ | E40: 伽 | F40: ㆤ | G40: ㆤㆷ
A41: 瓜 | B41: ㄨㄚㆷ | E41: 閒 | F41: ㆮ | G41: 0
A42: 江 | B42: ㄤ | E42: 姑 | F42: ㆧ | G42: 0
A43: 江 | B43: ㄚㆻ | E43: 姆 | F43: ㆬ | G43: 0
A44: 兼 | B44: ㄧㆰ | E44: 光 | F44: ㄨㄤ | G44: ㄨㄚㆻ
A45: 兼 | B45: ㄧㄚㆴ | E45: 閂 | F45: ㄨㆮ | G45: ㄨㆮㆷ
A46: 交 | B46: ㄠ | E46: 糜 | F46: ㄨㆥ | G46: 0
A47: 交 | B47: ㄠㆷ | E47: 嘄 | F47: ㄧㆯ | G47: ㄧㆯㆷ
A48: 迦 | B48: ㄧㄚ | E48: 箴 | F48: ㆱ | G48: ㆦㆴ
A49: 迦 | B49: ㄧㄚㆷ | E49: 爻 | F49: ㆯ | G49: 0
A50: 檜 | B50: ㄨㆤ | E50: 扛 | F50: ㆧ | G50: ㆧㆷ
A51: 檜 | B51: ㄨㆤㆷ | E51: 牛 | F51: ㄧㆫ | G51: #NUM!
A52: 監 | B52: ㆩ
A53: 監 | B53: ㆩㆷ
A54: 艍 | B54: ㄨ
A55: 艍 | B55: ㄨㆷ
A56: 膠 | B56: ㄚ
A57: 膠 | B57: ㄚㆷ
A58: 居 | B58: ㄧ
A59: 居 | B59: ㄧㆷ
A60: 丩 | B60: ㄧㄨ
A61: 丩 | B61: 0
A62: 更 | B62: ㆥ
A63: 更 | B63: ㆥㆷ
A64: 褌 | B64: ㄨㆪ
A65: 褌 | B65: 0
A66: 茄 | B66: ㄧㄜ
A67: 茄 | B67: ㄧㄜㆷ
A68: 梔 | B68: ㆪ
A69: 梔 | B69: ㆪㆷ
A70: 薑 | B70: ㄧㆧ
A71: 薑 | B71: 0
A72: 驚 | B72: ㄧㆩ
A73: 驚 | B73: 0
A74: 官 | B74: ㄨㆩ
A75: 官 | B75: 0
A76: 鋼 | B76: ㆭ
A77: 鋼 | B77: 0
A78: 伽 | B78: ㆤ
A79: 伽 | B79: ㆤㆷ
A80: 閒 | B80: ㆮ
A81: 閒 | B81: 0
A82: 姑 | B82: ㆧ
A83: 姑 | B83: 0
A84: 姆 | B84: ㆬ
A85: 姆 | B85: 0
A86: 光 | B86: ㄨㄤ
A87: 光 | B87: ㄨㄚㆻ
A88: 閂 | B88: ㄨㆮ
A89: 閂 | B89: ㄨㆮㆷ
A90: 糜 | B90: ㄨㆥ
A91: 糜 | B91: 0
A92: 嘄 | B92: ㄧㆯ
A93: 嘄 | B93: ㄧㆯㆷ
A94: 箴 | B94: ㆱ
A95: 箴 | B95: ㆦㆴ
A96: 爻 | B96: ㆯ
A97: 爻 | B97: 0
A98: 扛 | B98: ㆧ
A99: 扛 | B99: ㆧㆷ
A100: 牛 | B100: ㄧㆫ
...

Sheet 韻母對照表
A1: =COLUMN() -> 1 | B1: =COLUMN() -> 2 | C1: =COLUMN() -> 3 | D1: =COLUMN() -> 4 | E1: =COLUMN() -> 5 | F1: =COLUMN() -> 6 | H1: =COLUMN() -> 8 | I1: =COLUMN() -> 9 | J1: =COLUMN() -> 10 | K1: =COLUMN() -> 11 | L1: =COLUMN() -> 12
A3: 識別號 | B3: 韻母碼 | C3: 國際音標 | D3: 白話字 | E3: 台羅 | F3: 閩拼 | G3: 注音二式 | H3: 方音 | I3: 十五音 | J3: 十五音序 | K3: 舒促聲 | L3: 十五音識別碼
A4: 1 | B4: un | C4: un | D4: un | E4: un | F4: un | H4: ㄨㄣ | I4: 君 | J4: 1 | K4: 舒聲 | L4: 君舒
A5: 2 | B5: ut | C5: ut̚ | D5: ut | E5: ut | F5: ut | H5: ㄨㆵ | I5: 君 | J5: 1 | K5: 促聲 | L5: 君促
A6: 3 | B6: ian | C6: ian | D6: ian | E6: ian | F6: ian | H6: ㄧㄢ | I6: 堅 | J6: 2 | K6: 舒聲 | L6: 堅舒
A7: 4 | B7: iat | C7: iat̚ | D7: iat | E7: iat | F7: iat | H7: ㄧㄚㆵ | I7: 堅 | J7: 2 | K7: 促聲 | L7: 堅促
A8: 5 | B8: im | C8: im | D8: im | E8: im | F8: im | H8: ㄧㆬ | I8: 金 | J8: 3 | K8: 舒聲 | L8: 金舒
A9: 6 | B9: ip | C9: ip̚ | D9: ip | E9: ip | F9: ip | H9: 一ㆴ | I9: 金 | J9: 3 | K9: 促聲 | L9: 金促
A10: 7 | B10: ui | C10: ui | D10: ui | E10: ui | F10: ui | H10: ㄨㄧ | I10: 規 | J10: 4 | K10: 舒聲 | L10: 規舒
A11: 8 | B11: 0 | C11: 0 | D11: 0 | E11: 0 | F11: 0 | H11: 0 | I11: 規 | J11: 4 | K11: 促聲 | L11: 規促
A12: 9 | B12: ee | C12: ɛ | D12: e | E12: ee | F12: e | H12: ㄝ | I12: 嘉 | J12: 5 | K12: 舒聲 | L12: 嘉舒
A13: 10 | B13: eeh | C13: ɛ? | D13: eeh | E13: eeh | F13: 0 | H13: ㄝㆷ | I13: 嘉 | J13: 5 | K13: 促聲 | L13: 嘉促
A14: 11 | B14: an | C14: an | D14: an | E14: an | F14: an | H14: ㄢ | I14: 干 | J14: 6 | K14: 舒聲 | L14: 干舒
A15: 12 | B15: at | C15: at̚ | D15: at | E15: at | F15: at | H15: ㄚㆵ | I15: 干 | J15: 6 | K15: 促聲 | L15: 干促
A16: 13 | B16: ong | C16: ɔŋ | D16: ong | E16: ong | F16: ong | H16: ㆲ | I16: 公 | J16: 7 | K16: 舒聲 | L16: 公舒
A17: 14 | B17: ok | C17: ɔk̚ | D17: ok | E17: ok | F17: ok | H17: ㆦㆻ | I17: 公 | J17: 7 | K17: 促聲 | L17: 公促
A18: 15 | B18: uai | C18: uai | D18: oai | E18: uai | F18: uai | H18: ㄨㄞ | I18: 乖 | J18: 8 | K18: 舒聲 | L18: 乖舒
A19: 16 | B19: uaih | C19: uai? | D19: oaih | E19: uaih | F19: uaih | H19: ㄨㄞㆷ | I19: 乖 | J19: 8 | K19: 促聲 | L19: 乖促
A20: 17 | B20: ing | C20: iŋ | D20: eng | E20: ing | F20: ing | H20: ㄧㄥ | I20: 經 | J20: 9 | K20: 舒聲 | L20: 經舒
A21: 18 | B21: ik | C21: ik̚ | D21: ek | E21: ik | F21: ik | H21: ㄧㆻ | I21: 經 | J21: 9 | K21: 促聲 | L21: 經促
A22: 19 | B22: uan | C22: uan | D22: oan | E22: uan | F22: uan | H22: ㄨㄢ | I22: 觀 | J22: 10 | K22: 舒聲 | L22: 觀舒
A23: 20 | B23: uat | C23: uat̚ | D23: oat | E23: uat | F23: uat | H23: ㄨㄚㆵ | I23: 觀 | J23: 10 | K23: 促聲 | L23: 觀促
A24: 21 | B24: oo | C24: ɔu | D24: o͘ | E24: oo | F24: oo | H24: ㆦ | I24: 沽 | J24: 11 | K24: 舒聲 | L24: 沽舒
A25: 22 | B25: 0 | C25: 0 | D25: 0 | E25: 0 | F25: 0 | H25: 0 | I25: 沽 | J25: 11 | K25: 促聲 | L25: 沽促
A26: 23 | B26: iau | C26: iau | D26: iau | E26: iau | F26: iao | H26: ㄧㄠ | I26: 嬌 | J26: 12 | K26: 舒聲 | L26: 嬌舒
A27: 24 | B27: iauh | C27: iau? | D27: iauh | E27: iauh | F27: iaoh | H27: ㄧㄠㆷ | I27: 嬌 | J27: 12 | K27: 促聲 | L27: 嬌促
A28: 25 | B28: ei | C28: ei | D28: e | E28: e | F28: e | H28: ㆤ | I28: 稽 | J28: 13 | K28: 舒聲 | L28: 稽舒
A29: 26 | B29: 0 | C29: 0 | D29: 0 | E29: 0 | F29: 0 | H29: 0 | I29: 稽 | J29: 13 | K29: 促聲 | L29: 稽促
A30: 27 | B30: iong | C30: iɔŋ | D30: iong | E30: iong | F30: iong | H30: ㄧㆲ | I30: 恭 | J30: 14 | K30: 舒聲 | L30: 恭舒
A31: 28 | B31: iok | C31: iɔk̚ | D31: iok | E31: iok | F31: iok | H31: ㄧㆦㆻ | I31: 恭 | J31: 14 | K31: 促聲 | L31: 恭促
A32: 29 | B32: o | C32: ə | D32: o | E32: o | F32: o | H32: ㄜ | I32: 高 | J32: 15 | K32: 舒聲 | L32: 高舒
A33: 30 | B33: oh | C33: ə? | D33: oh | E33: oh | F33: oh | H33: ㄜㆷ | I33: 高 | J33: 15 | K33: 促聲 | L33: 高促
A34: 31 | B34: ai | C34: ai | D34: ai | E34: ai | F34: ai | H34: ㄞ | I34: 皆 | J34: 16 | K34: 舒聲 | L34: 皆舒
A35: 32 | B35: 0 | C35: 0 | D35: 0 | E35: 0 | F35: 0 | H35: 0 | I35: 皆 | J35: 16 | K35: 促聲 | L35: 皆促
A36: 33 | B36: in | C36: in | D36: in | E36: in | F36: in | H36: ㄧㄣ | I36: 巾 | J36: 17 | K36: 舒聲 | L36: 巾舒
A37: 34 | B37: it | C37: it̚ | D37: it | E37: it | F37: it | H37: ㄧㆵ | I37: 巾 | J37: 17 | K37: 促聲 | L37: 巾促
A38: 35 | B38: iang | C38: iaŋ | D38: iang | E38: iang | F38: iang | H38: ㄧㄤ | I38: 姜 | J38: 18 | K38: 舒聲 | L38: 姜舒
A39: 36 | B39: iak | C39: iak̚ | D39: iak | E39: iak | F39: iak | H39: ㄧㄚㆻ | I39: 姜 | J39: 18 | K39: 促聲 | L39: 姜促
A40: 37 | B40: am | C40: am | D40: am | E40: am | F40: am | H40: ㆰ | I40: 甘 | J40: 19 | K40: 舒聲 | L40: 甘舒
A41: 38 | B41: ap | C41: ap̚ | D41: ap | E41: ap | F41: ap | H41: ㄚㆴ | I41: 甘 | J41: 19 | K41: 促聲 | L41: 甘促
A42: 39 | B42: ua | C42: ua | D42: oa | E42: ua | F42: ua | H42: ㄨㄚ | I42: 瓜 | J42: 20 | K42: 舒聲 | L42: 瓜舒
A43: 40 | B43: uah | C43: ua? | D43: oah | E43: uah | F43: uah | H43: ㄨㄚㆷ | I43: 瓜 | J43: 20 | K43: 促聲 | L43: 瓜促
A44: 41 | B44: ang | C44: aŋ | D44: ang | E44: ang | F44: ang | H44: ㄤ | I44: 江 | J44: 21 | K44: 舒聲 | L44: 江舒
A45: 42 | B45: ak | C45: ak̚ | D45: ak | E45: ak | F45: ak | H45: ㄚㆻ | I45: 江 | J45: 21 | K45: 促聲 | L45: 江促
A46: 43 | B46: iam | C46: iam | D46: iam | E46: iam | F46: iam | H46: ㄧㆰ | I46: 兼 | J46: 22 | K46: 舒聲 | L46: 兼舒
A47: 44 | B47: iap | C47: iap̚ | D47: iap | E47: iap | F47: iap | H47: ㄧㄚㆴ | I47: 兼 | J47: 22 | K47: 促聲 | L47: 兼促
... A62: 59 | B62: iu | C62: iu | D62: iu | E62: iu | F62: iu | H62: ㄧㄨ | I62: 丩 | J62: 30 | K62: 舒聲 | L62: 丩舒
A63: 60 | B63: 0 | C63: 0 | D63: 0 | E63: 0 | F63: 0 | H63: 0 | I63: 丩 | J63: 30 | K63: 促聲 | L63: 丩促
A64: 61 | B64: enn | C64: ẽ | D64: eⁿ | E64: enn | F64: ne | H64: ㆥ | I64: 更 | J64: 31 | K64: 舒聲 | L64: 更舒
A65: 62 | B65: ehnn | C65: ẽ? | D65: eⁿh | E65: ennh | F65: neh | H65: ㆥㆷ | I65: 更 | J65: 31 | K65: 促聲 | L65: 更促
A66: 63 | B66: uinn | C66: uĩ | D66: uiⁿ | E66: uinn | F66: nui | H66: ㄨㆪ | I66: 褌 | J66: 32 | K66: 舒聲 | L66: 褌舒
A67: 64 | B67: 0 | C67: 0 | D67: 0 | E67: 0 | F67: 0 | H67: 0 | I67: 褌 | J67: 32 | K67: 促聲 | L67: 褌促
A68: 65 | B68: io | C68: iə | D68: io | E68: io | F68: io | H68: ㄧㄜ | I68: 茄 | J68: 33 | K68: 舒聲 | L68: 茄舒
A69: 66 | B69: ioh | C69: iə? | D69: ioh | E69: ioh | F69: ioh | H69: ㄧㄜㆷ | I69: 茄 | J69: 33 | K69: 促聲 | L69: 茄促
A70: 67 | B70: inn | C70: ĩ | D70: iⁿ | E70: inn | F70: ni | H70: ㆪ | I70: 梔 | J70: 34 | K70: 舒聲 | L70: 梔舒
A71: 68 | B71: ihnn | C71: ĩ? | D71: iⁿh | E71: innh | F71: nih | H71: ㆪㆷ | I71: 梔 | J71: 34 | K71: 促聲 | L71: 梔促
A72: 69 | B72: ionn | C72: ĩɔ̃ | D72: ioⁿ | E72: ionn | F72: nioo | H72: ㄧㆧ | I72: 薑 | J72: 35 | K72: 舒聲 | L72: 薑舒
A73: 70 | B73: 0 | C73: 0 | D73: 0 | E73: 0 | F73: 0 | H73: 0 | I73: 薑 | J73: 35 | K73: 促聲 | L73: 薑促
A74: 71 | B74: iann | C74: iã | D74: iaⁿ | E74: iannh | F74: nia | H74: ㄧㆩ | I74: 驚 | J74: 36 | K74: 舒聲 | L74: 驚舒
A75: 72 | B75: 0 | C75: 0 | D75: 0 | E75: 0 | F75: 0 | H75: 0 | I75: 驚 | J75: 36 | K75: 促聲 | L75: 驚促
A76: 73 | B76: uann | C76: ũã | D76: oaⁿ | E76: uann | F76: nua | H76: ㄨㆩ | I76: 官 | J76: 37 | K76: 舒聲 | L76: 官舒
A77: 74 | B77: 0 | C77: 0 | D77: 0 | E77: 0 | F77: 0 | H77: 0 | I77: 官 | J77: 37 | K77: 促聲 | L77: 官促
A78: 75 | B78: ng | C78: ŋ̍ | D78: ng | E78: ng | F78: ng | H78: ㆭ | I78: 鋼 | J78: 38 | K78: 舒聲 | L78: 鋼舒
A79: 76 | B79: 0 | C79: 0 | D79: 0 | E79: 0 | F79: 0 | H79: 0 | I79: 鋼 | J79: 38 | K79: 促聲 | L79: 鋼促
A80: 77 | B80: e | C80: e | D80: e | E80: e | F80: e | H80: ㆤ | I80: 伽 | J80: 39 | K80: 舒聲 | L80: 伽舒
A81: 78 | B81: eh | C81: e? | D81: eh | E81: eh | F81: eh | H81: ㆤㆷ | I81: 伽 | J81: 39 | K81: 促聲 | L81: 伽促
A82: 79 | B82: ainn | C82: ãĩ | D82: aiⁿ | E82: ainn | F82: nai | H82: ㆮ | I82: 閒 | J82: 40 | K82: 舒聲 | L82: 閒舒
A83: 80 | B83: 0 | C83: 0 | D83: 0 | E83: 0 | F83: 0 | H83: 0 | I83: 閒 | J83: 40 | K83: 促聲 | L83: 閒促
A84: 81 | B84: oonn | C84: ɔ̃ũ | D84: oⁿ | E84: onn | F84: noo | H84: ㆧ | I84: 姑 | J84: 41 | K84: 舒聲 | L84: 姑舒
A85: 82 | B85: 0 | C85: 0 | D85: 0 | E85: 0 | F85: 0 | H85: 0 | I85: 姑 | J85: 41 | K85: 促聲 | L85: 姑促
A86: 83 | B86: m | C86: m̩ | D86: m | E86: m | F86: m | H86: ㆬ | I86: 姆 | J86: 42 | K86: 舒聲 | L86: 姆舒
A87: 84 | B87: 0 | C87: 0 | D87: 0 | E87: 0 | F87: 0 | H87: 0 | I87: 姆 | J87: 42 | K87: 促聲 | L87: 姆促
A88: 85 | B88: uang | C88: uaŋ | D88: oang | E88: uang | F88: uang | H88: ㄨㄤ | I88: 光 | J88: 43 | K88: 舒聲 | L88: 光舒
A89: 86 | B89: uak | C89: uak̚ | D89: oak | E89: uak | F89: uak | H89: ㄨㄚㆻ | I89: 光 | J89: 43 | K89: 促聲 | L89: 光促
A90: 87 | B90: uainn | C90: uãĩ | D90: oaiⁿ | E90: uainn | F90: nuai | H90: ㄨㆮ | I90: 閂 | J90: 44 | K90: 舒聲 | L90: 閂舒
A91: 88 | B91: uaihnn | C91: uãĩ? | D91: oaiⁿh | E91: uainnh | F91: nuaih | H91: ㄨㆮㆷ | I91: 閂 | J91: 44 | K91: 促聲 | L91: 閂促
A92: 89 | B92: uenn | C92: uẽ | D92: oeⁿ | E92: uenn | F92: nue | H92: ㄨㆥ | I92: 糜 | J92: 45 | K92: 舒聲 | L92: 糜舒
A93: 90 | B93: 0 | C93: 0 | D93: 0 | E93: 0 | F93: 0 | H93: 0 | I93: 糜 | J93: 45 | K93: 促聲 | L93: 糜促
A94: 91 | B94: iaunn | C94: ĩãũ | D94: iauⁿ | E94: iaunn | F94: niao | H94: ㄧㆯ | I94: 嘄 | J94: 46 | K94: 舒聲 | L94: 嘄舒
A95: 92 | B95: iauhnn | C95: ĩãũ? | D95: iauⁿh | E95: iaunnh | F95: niaoh | H95: ㄧㆯㆷ | I95: 嘄 | J95: 46 | K95: 促聲 | L95: 嘄促
A96: 93 | B96: om | C96: ɔm | D96: om | E96: om | F96: om | H96: ㆱ | I96: 箴 | J96: 47 | K96: 舒聲 | L96: 箴舒
A97: 94 | B97: op | C97: ɔp̚ | D97: op | E97: op | F97: op | H97: ㆦㆴ | I97: 箴 | J97: 47 | K97: 促聲 | L97: 箴促
A98: 95 | B98: aunn | C98: ãũ | D98: auⁿ | E98: aunn | F98: nao | H98: ㆯ | I98: 爻 | J98: 48 | K98: 舒聲 | L98: 爻舒
A99: 96 | B99: 0 | C99: 0 | D99: 0 | E99: 0 | F99: 0 | H99: 0 | I99: 爻 | J99: 48 | K99: 促聲 | L99: 爻促
A100: 97 | B100: onn | C100: õ | D100: oⁿ | E100: onn | F100: noo | H100: ㆧ | I100: 扛 | J100: 49 | K100: 舒聲 | L100: 扛舒
A101: 98 | B101: ohnn | C101: õh | D101: oⁿh | E101: onnh | F101: nooh | H101: ㆧㆷ | I101: 扛 | J101: 49 | K101: 促聲 | L101: 扛促
A102: 99 | B102: iunn | C102: iũ | D102: iuⁿ | E102: iunn | F102: niu | H102: ㄧㆫ | I102: 牛 | J102: 50 | K102: 舒聲 | L102: 牛舒
A103: 100 | B103: 0 | C103: 0 | D103: 0 | E103: 0 | F103: 0 | H103: 0 | I103: 牛 | J103: 50 | K103: 促聲 | L103: 牛促

Sheet 聲調表
E1: 聲調符號表 | H1: 0300 | J1: 0302 | K1: 030C | L1: 0304 | M1: 030D | O1: 閩拚聲調符號表 | P1: 0304 | S1: 030C | T1: 0300 | U1: 0302 | V1: 0304 | Y1: 方音聲調符號表 | AA1: U+02CB | AB1: U+02EA | AD1: U+02CA | AF1: U+02EB | AG1: U+02D9
B3: 序次 | C3: 元音及韻化輔音 | E3: 聲調編號 | F3: 1 | G3: 2 | H3: 3 | I3: 4 | J3: 5 | K3: 6 | L3: 7 | M3: 8 | O3: 聲調編號 | P3: 1 | Q3: 2 | R3: 3 | S3: 3 | T3: 5 | U3: 6 | V3: 7 | W3: 8 | Y3: 聲調編號 | Z3: 1 | AA3: 2 | AB3: 3 | AC3: 4 | AD3: 5 | AE3: 6 | AF3: 7 | AG3: 8
E4: 傳統八聲調 | F4: 陰平 | G4: 上声 | H4: 陰去 | I4: 陰入 | J4: 陽平 | K4: 上声 | L4: 陽去 | M4: 陽入 | O4: 傳統八聲調 | P4: 陰平 | Q4: 陽平 | R4: 上声 | S4: 上声 | T4: 陰去 | U4: 陽去 | V4: 陰入 | W4: 陽入 | Y4: 傳統八聲調 | Z4: 陰平 | AA4: 上声 | AB4: 陰去 | AC4: 陰入 | AD4: 陽平 | AE4: 上声 | AF4: 陽去 | AG4: 陽入
B5: 1 | C5: a | E5: 1 | F5: =$C5 -> a | G5: á | H5: =IF( LEN($C5)=1, LEFT($C5, 1) & _xlfn.UNICHAR( HEX2DEC(H$1)), ( LEFT($C5, 1) & _xlfn.UNICHAR( HEX2DEC(H$1)) & MID($C5, 2, LEN($C5)-1))) -> à | I5: =$C5 -> a | J5: =IF( LEN($C5)=1, LEFT($C5, 1) & _xlfn.UNICHAR( HEX2DEC(J$1)), ( LEFT($C5, 1) & _xlfn.UNICHAR( HEX2DEC(J$1)) & MID($C5, 2, LEN($C5)-1))) -> â | K5: =IF( LEN($C5)=1, LEFT($C5, 1) & _xlfn.UNICHAR( HEX2DEC(K$1)), ( LEFT($C5, 1) & _xlfn.UNICHAR( HEX2DEC(K$1)) & MID($C5, 2, LEN($C5)-1))) -> ǎ | L5: =IF( LEN($C5)=1, LEFT($C5, 1) & _xlfn.UNICHAR( HEX2DEC(L$1)), ( LEFT($C5, 1) & _xlfn.UNICHAR( HEX2DEC(L$1)) & MID($C5, 2, LEN($C5)-1))) -> ā | M5: =IF( LEN($C5)=1, LEFT($C5, 1) & _xlfn.UNICHAR( HEX2DEC(M$1)), ( LEFT($C5, 1) & _xlfn.UNICHAR( HEX2DEC(M$1)) & MID($C5, 2, LEN($C5)-1))) -> a̍ | O5: 1 | P5: =IF( LEN($C5)=1, LEFT($C5, 1) & _xlfn.UNICHAR( HEX2DEC(P$1)), ( LEFT($C5, 1) & _xlfn.UNICHAR( HEX2DEC(P$1)) & MID($C5, 2, LEN($C5)-1))) -> ā | Q5: á | R5: ǎ | S5: =IF( LEN($C5)=1, LEFT($C5, 1) & _xlfn.UNICHAR( HEX2DEC(S$1)), ( LEFT($C5, 1) & _xlfn.UNICHAR( HEX2DEC(S$1)) & MID($C5, 2, LEN($C5)-1))) -> ǎ | T5: =IF( LEN($C5)=1, LEFT($C5, 1) & _xlfn.UNICHAR( HEX2DEC(T$1)), ( LEFT($C5, 1) & _xlfn.UNICHAR( HEX2DEC(T$1)) & MID($C5, 2, LEN($C5)-1))) -> à | U5: =IF( LEN($C5)=1, LEFT($C5, 1) & _xlfn.UNICHAR( HEX2DEC(U$1)), ( LEFT($C5, 1) & _xlfn.UNICHAR( HEX2DEC(U$1)) & MID($C5, 2, LEN($C5)-1))) -> â | V5: =IF( LEN($C5)=1, LEFT($C5, 1) & _xlfn.UNICHAR( HEX2DEC(V$1)), ( LEFT($C5, 1) & _xlfn.UNICHAR( HEX2DEC(V$1)) & MID($C5, 2, LEN($C5)-1))) -> ā | W5: á | Y5: 方音聲調符號 | Z5: =IFERROR( _xlfn.UNICHAR( HEX2DEC( MID(Z1,3, 6)) ), "") | AA5: =IFERROR( _xlfn.UNICHAR( HEX2DEC( MID(AA1,3, 6)) ), "") -> ˋ | AB5: =IFERROR( _xlfn.UNICHAR( HEX2DEC( MID(AB1,3, 6)) ), "") -> ˪ | AC5: =IFERROR( _xlfn.UNICHAR( HEX2DEC( MID(AC1,3, 6)) ), "") | AD5: =IFERROR( _xlfn.UNICHAR( HEX2DEC( MID(AD1,3, 6)) ), "") -> ˊ | AE5: =IFERROR( _xlfn.UNICHAR( HEX2DEC( MID(AE1,3, 6)) ), "") | AF5: =IFERROR( _xlfn.UNICHAR( HEX2DEC( MID(AF1,3, 6)) ), "") -> ˫ | AG5: =IFERROR( _xlfn.UNICHAR( HEX2DEC( MID(AG1,3, 6)) ), "") -> ˙
B6: 2 | C6: e | E6: 2 | F6: =$C6 -> e | G6: é | H6: =IF( LEN($C6)=1, LEFT($C6, 1) & _xlfn.UNICHAR( HEX2DEC(H$1)), ( LEFT($C6, 1) & _xlfn.UNICHAR( HEX2DEC(H$1)) & MID($C6, 2, LEN($C6)-1))) -> è | I6: =$C6 -> e | J6: =IF( LEN($C6)=1, LEFT($C6, 1) & _xlfn.UNICHAR( HEX2DEC(J$1)), ( LEFT($C6, 1) & _xlfn.UNICHAR( HEX2DEC(J$1)) & MID($C6, 2, LEN($C6)-1))) -> ê | K6: =IF( LEN($C6)=1, LEFT($C6, 1) & _xlfn.UNICHAR( HEX2DEC(K$1)), ( LEFT($C6, 1) & _xlfn.UNICHAR( HEX2DEC(K$1)) & MID($C6, 2, LEN($C6)-1))) -> ě | L6: =IF( LEN($C6)=1, LEFT($C6, 1) & _xlfn.UNICHAR( HEX2DEC(L$1)), ( LEFT($C6, 1) & _xlfn.UNICHAR( HEX2DEC(L$1)) & MID($C6, 2, LEN($C6)-1))) -> ē | M6: =IF( LEN($C6)=1, LEFT($C6, 1) & _xlfn.UNICHAR( HEX2DEC(M$1)), ( LEFT($C6, 1) & _xlfn.UNICHAR( HEX2DEC(M$1)) & MID($C6, 2, LEN($C6)-1))) -> e̍ | O6: 2 | P6: =IF( LEN($C6)=1, LEFT($C6, 1) & _xlfn.UNICHAR( HEX2DEC(P$1)), ( LEFT($C6, 1) & _xlfn.UNICHAR( HEX2DEC(P$1)) & MID($C6, 2, LEN($C6)-1))) -> ē | Q6: é | R6: ě | S6: =IF( LEN($C6)=1, LEFT($C6, 1) & _xlfn.UNICHAR( HEX2DEC(S$1)), ( LEFT($C6, 1) & _xlfn.UNICHAR( HEX2DEC(S$1)) & MID($C6, 2, LEN($C6)-1))) -> ě | T6: =IF( LEN($C6)=1, LEFT($C6, 1) & _xlfn.UNICHAR( HEX2DEC(T$1)), ( LEFT($C6, 1) & _xlfn.UNICHAR( HEX2DEC(T$1)) & MID($C6, 2, LEN($C6)-1))) -> è | U6: =IF( LEN($C6)=1, LEFT($C6, 1) & _xlfn.UNICHAR( HEX2DEC(U$1)), ( LEFT($C6, 1) & _xlfn.UNICHAR( HEX2DEC(U$1)) & MID($C6, 2, LEN($C6)-1))) -> ê | V6: =IF( LEN($C6)=1, LEFT($C6, 1) & _xlfn.UNICHAR( HEX2DEC(V$1)), ( LEFT($C6, 1) & _xlfn.UNICHAR( HEX2DEC(V$1)) & MID($C6, 2, LEN($C6)-1))) -> ē | W6: é
B7: 3 | C7: i | E7: 3 | F7: =$C7 -> i | G7: í | H7: =IF( LEN($C7)=1, LEFT($C7, 1) & _xlfn.UNICHAR( HEX2DEC(H$1)), ( LEFT($C7, 1) & _xlfn.UNICHAR( HEX2DEC(H$1)) & MID($C7, 2, LEN($C7)-1))) -> ì | I7: =$C7 -> i | J7: =IF( LEN($C7)=1, LEFT($C7, 1) & _xlfn.UNICHAR( HEX2DEC(J$1)), ( LEFT($C7, 1) & _xlfn.UNICHAR( HEX2DEC(J$1)) & MID($C7, 2, LEN($C7)-1))) -> î | K7: =IF( LEN($C7)=1, LEFT($C7, 1) & _xlfn.UNICHAR( HEX2DEC(K$1)), ( LEFT($C7, 1) & _xlfn.UNICHAR( HEX2DEC(K$1)) & MID($C7, 2, LEN($C7)-1))) -> ǐ | L7: =IF( LEN($C7)=1, LEFT($C7, 1) & _xlfn.UNICHAR( HEX2DEC(L$1)), ( LEFT($C7, 1) & _xlfn.UNICHAR( HEX2DEC(L$1)) & MID($C7, 2, LEN($C7)-1))) -> ī | M7: =IF( LEN($C7)=1, LEFT($C7, 1) & _xlfn.UNICHAR( HEX2DEC(M$1)), ( LEFT($C7, 1) & _xlfn.UNICHAR( HEX2DEC(M$1)) & MID($C7, 2, LEN($C7)-1))) -> i̍ | O7: 3 | P7: =IF( LEN($C7)=1, LEFT($C7, 1) & _xlfn.UNICHAR( HEX2DEC(P$1)), ( LEFT($C7, 1) & _xlfn.UNICHAR( HEX2DEC(P$1)) & MID($C7, 2, LEN($C7)-1))) -> ī | Q7: í | R7: ǐ | S7: =IF( LEN($C7)=1, LEFT($C7, 1) & _xlfn.UNICHAR( HEX2DEC(S$1)), ( LEFT($C7, 1) & _xlfn.UNICHAR( HEX2DEC(S$1)) & MID($C7, 2, LEN($C7)-1))) -> ǐ | T7: =IF( LEN($C7)=1, LEFT($C7, 1) & _xlfn.UNICHAR( HEX2DEC(T$1)), ( LEFT($C7, 1) & _xlfn.UNICHAR( HEX2DEC(T$1)) & MID($C7, 2, LEN($C7)-1))) -> ì | U7: =IF( LEN($C7)=1, LEFT($C7, 1) & _xlfn.UNICHAR( HEX2DEC(U$1)), ( LEFT($C7, 1) & _xlfn.UNICHAR( HEX2DEC(U$1)) & MID($C7, 2, LEN($C7)-1))) -> î | V7: =IF( LEN($C7)=1, LEFT($C7, 1) & _xlfn.UNICHAR( HEX2DEC(V$1)), ( LEFT($C7, 1) & _xlfn.UNICHAR( HEX2DEC(V$1)) & MID($C7, 2, LEN($C7)-1))) -> ī | W7: í
B8: 4 | C8: o | E8: 4 | F8: =$C8 -> o | G8: ó | H8: =IF( LEN($C8)=1, LEFT($C8, 1) & _xlfn.UNICHAR( HEX2DEC(H$1)), ( LEFT($C8, 1) & _xlfn.UNICHAR( HEX2DEC(H$1)) & MID($C8, 2, LEN($C8)-1))) -> ò | I8: =$C8 -> o | J8: =IF( LEN($C8)=1, LEFT($C8, 1) & _xlfn.UNICHAR( HEX2DEC(J$1)), ( LEFT($C8, 1) & _xlfn.UNICHAR( HEX2DEC(J$1)) & MID($C8, 2, LEN($C8)-1))) -> ô | K8: =IF( LEN($C8)=1, LEFT($C8, 1) & _xlfn.UNICHAR( HEX2DEC(K$1)), ( LEFT($C8, 1) & _xlfn.UNICHAR( HEX2DEC(K$1)) & MID($C8, 2, LEN($C8)-1))) -> ǒ | L8: =IF( LEN($C8)=1, LEFT($C8, 1) & _xlfn.UNICHAR( HEX2DEC(L$1)), ( LEFT($C8, 1) & _xlfn.UNICHAR( HEX2DEC(L$1)) & MID($C8, 2, LEN($C8)-1))) -> ō | M8: =IF( LEN($C8)=1, LEFT($C8, 1) & _xlfn.UNICHAR( HEX2DEC(M$1)), ( LEFT($C8, 1) & _xlfn.UNICHAR( HEX2DEC(M$1)) & MID($C8, 2, LEN($C8)-1))) -> o̍ | O8: 4 | P8: =IF( LEN($C8)=1, LEFT($C8, 1) & _xlfn.UNICHAR( HEX2DEC(P$1)), ( LEFT($C8, 1) & _xlfn.UNICHAR( HEX2DEC(P$1)) & MID($C8, 2, LEN($C8)-1))) -> ō | Q8: ó | R8: ǒ | S8: =IF( LEN($C8)=1, LEFT($C8, 1) & _xlfn.UNICHAR( HEX2DEC(S$1)), ( LEFT($C8, 1) & _xlfn.UNICHAR( HEX2DEC(S$1)) & MID($C8, 2, LEN($C8)-1))) -> ǒ | T8: =IF( LEN($C8)=1, LEFT($C8, 1) & _xlfn.UNICHAR( HEX2DEC(T$1)), ( LEFT($C8, 1) & _xlfn.UNICHAR( HEX2DEC(T$1)) & MID($C8, 2, LEN($C8)-1))) -> ò | U8: =IF( LEN($C8)=1, LEFT($C8, 1) & _xlfn.UNICHAR( HEX2DEC(U$1)), ( LEFT($C8, 1) & _xlfn.UNICHAR( HEX2DEC(U$1)) & MID($C8, 2, LEN($C8)-1))) -> ô | V8: =IF( LEN($C8)=1, LEFT($C8, 1) & _xlfn.UNICHAR( HEX2DEC(V$1)), ( LEFT($C8, 1) & _xlfn.UNICHAR( HEX2DEC(V$1)) & MID($C8, 2, LEN($C8)-1))) -> ō | W8: ó
B9: 5 | C9: oo | E9: 5 | F9: =$C9 -> oo | G9: ó͘o | H9: =IF( LEN($C9)=1, LEFT($C9, 1) & _xlfn.UNICHAR( HEX2DEC(H$1)), ( LEFT($C9, 1) & _xlfn.UNICHAR( HEX2DEC(H$1)) & MID($C9, 2, LEN($C9)-1))) -> òo | I9: =$C9 -> oo | J9: =IF( LEN($C9)=1, LEFT($C9, 1) & _xlfn.UNICHAR( HEX2DEC(J$1)), ( LEFT($C9, 1) & _xlfn.UNICHAR( HEX2DEC(J$1)) & MID($C9, 2, LEN($C9)-1))) -> ôo | K9: =IF( LEN($C9)=1, LEFT($C9, 1) & _xlfn.UNICHAR( HEX2DEC(K$1)), ( LEFT($C9, 1) & _xlfn.UNICHAR( HEX2DEC(K$1)) & MID($C9, 2, LEN($C9)-1))) -> ǒo | L9: =IF( LEN($C9)=1, LEFT($C9, 1) & _xlfn.UNICHAR( HEX2DEC(L$1)), ( LEFT($C9, 1) & _xlfn.UNICHAR( HEX2DEC(L$1)) & MID($C9, 2, LEN($C9)-1))) -> ōo | M9: =IF( LEN($C9)=1, LEFT($C9, 1) & _xlfn.UNICHAR( HEX2DEC(M$1)), ( LEFT($C9, 1) & _xlfn.UNICHAR( HEX2DEC(M$1)) & MID($C9, 2, LEN($C9)-1))) -> o̍o | O9: 5 | P9: =IF( LEN($C9)=1, LEFT($C9, 1) & _xlfn.UNICHAR( HEX2DEC(P$1)), ( LEFT($C9, 1) & _xlfn.UNICHAR( HEX2DEC(P$1)) & MID($C9, 2, LEN($C9)-1))) -> ōo | Q9: ó͘o | R9: ǒo | S9: =IF( LEN($C9)=1, LEFT($C9, 1) & _xlfn.UNICHAR( HEX2DEC(S$1)), ( LEFT($C9, 1) & _xlfn.UNICHAR( HEX2DEC(S$1)) & MID($C9, 2, LEN($C9)-1))) -> ǒo | T9: =IF( LEN($C9)=1, LEFT($C9, 1) & _xlfn.UNICHAR( HEX2DEC(T$1)), ( LEFT($C9, 1) & _xlfn.UNICHAR( HEX2DEC(T$1)) & MID($C9, 2, LEN($C9)-1))) -> òo | U9: =IF( LEN($C9)=1, LEFT($C9, 1) & _xlfn.UNICHAR( HEX2DEC(U$1)), ( LEFT($C9, 1) & _xlfn.UNICHAR( HEX2DEC(U$1)) & MID($C9, 2, LEN($C9)-1))) -> ôo | V9: =IF( LEN($C9)=1, LEFT($C9, 1) & _xlfn.UNICHAR( HEX2DEC(V$1)), ( LEFT($C9, 1) & _xlfn.UNICHAR( HEX2DEC(V$1)) & MID($C9, 2, LEN($C9)-1))) -> ōo | W9: ó͘o | Y9: 入聲韻尾
B10: 6 | C10: u | E10: 6 | F10: =$C10 -> u | G10: ú | H10: =IF( LEN($C10)=1, LEFT($C10, 1) & _xlfn.UNICHAR( HEX2DEC(H$1)), ( LEFT($C10, 1) & _xlfn.UNICHAR( HEX2DEC(H$1)) & MID($C10, 2, LEN($C10)-1))) -> ù | I10: =$C10 -> u | J10: =IF( LEN($C10)=1, LEFT($C10, 1) & _xlfn.UNICHAR( HEX2DEC(J$1)), ( LEFT($C10, 1) & _xlfn.UNICHAR( HEX2DEC(J$1)) & MID($C10, 2, LEN($C10)-1))) -> û | K10: =IF( LEN($C10)=1, LEFT($C10, 1) & _xlfn.UNICHAR( HEX2DEC(K$1)), ( LEFT($C10, 1) & _xlfn.UNICHAR( HEX2DEC(K$1)) & MID($C10, 2, LEN($C10)-1))) -> ǔ | L10: =IF( LEN($C10)=1, LEFT($C10, 1) & _xlfn.UNICHAR( HEX2DEC(L$1)), ( LEFT($C10, 1) & _xlfn.UNICHAR( HEX2DEC(L$1)) & MID($C10, 2, LEN($C10)-1))) -> ū | M10: =IF( LEN($C10)=1, LEFT($C10, 1) & _xlfn.UNICHAR( HEX2DEC(M$1)), ( LEFT($C10, 1) & _xlfn.UNICHAR( HEX2DEC(M$1)) & MID($C10, 2, LEN($C10)-1))) -> u̍ | O10: 6 | P10: =IF( LEN($C10)=1, LEFT($C10, 1) & _xlfn.UNICHAR( HEX2DEC(P$1)), ( LEFT($C10, 1) & _xlfn.UNICHAR( HEX2DEC(P$1)) & MID($C10, 2, LEN($C10)-1))) -> ū | Q10: ú | R10: ǔ | S10: =IF( LEN($C10)=1, LEFT($C10, 1) & _xlfn.UNICHAR( HEX2DEC(S$1)), ( LEFT($C10, 1) & _xlfn.UNICHAR( HEX2DEC(S$1)) & MID($C10, 2, LEN($C10)-1))) -> ǔ | T10: =IF( LEN($C10)=1, LEFT($C10, 1) & _xlfn.UNICHAR( HEX2DEC(T$1)), ( LEFT($C10, 1) & _xlfn.UNICHAR( HEX2DEC(T$1)) & MID($C10, 2, LEN($C10)-1))) -> ù | U10: =IF( LEN($C10)=1, LEFT($C10, 1) & _xlfn.UNICHAR( HEX2DEC(U$1)), ( LEFT($C10, 1) & _xlfn.UNICHAR( HEX2DEC(U$1)) & MID($C10, 2, LEN($C10)-1))) -> û | V10: =IF( LEN($C10)=1, LEFT($C10, 1) & _xlfn.UNICHAR( HEX2DEC(V$1)), ( LEFT($C10, 1) & _xlfn.UNICHAR( HEX2DEC(V$1)) & MID($C10, 2, LEN($C10)-1))) -> ū | W10: ú
B11: 7 | C11: m | E11: 7 | F11: =$C11 -> m | G11: ḿ | H11: =IF( LEN($C11)=1, LEFT($C11, 1) & _xlfn.UNICHAR( HEX2DEC(H$1)), ( LEFT($C11, 1) & _xlfn.UNICHAR( HEX2DEC(H$1)) & MID($C11, 2, LEN($C11)-1))) -> m̀ | I11: =$C11 -> m | J11: =IF( LEN($C11)=1, LEFT($C11, 1) & _xlfn.UNICHAR( HEX2DEC(J$1)), ( LEFT($C11, 1) & _xlfn.UNICHAR( HEX2DEC(J$1)) & MID($C11, 2, LEN($C11)-1))) -> m̂ | K11: =IF( LEN($C11)=1, LEFT($C11, 1) & _xlfn.UNICHAR( HEX2DEC(K$1)), ( LEFT($C11, 1) & _xlfn.UNICHAR( HEX2DEC(K$1)) & MID($C11, 2, LEN($C11)-1))) -> m̌ | L11: =IF( LEN($C11)=1, LEFT($C11, 1) & _xlfn.UNICHAR( HEX2DEC(L$1)), ( LEFT($C11, 1) & _xlfn.UNICHAR( HEX2DEC(L$1)) & MID($C11, 2, LEN($C11)-1))) -> m̄ | M11: =IF( LEN($C11)=1, LEFT($C11, 1) & _xlfn.UNICHAR( HEX2DEC(M$1)), ( LEFT($C11, 1) & _xlfn.UNICHAR( HEX2DEC(M$1)) & MID($C11, 2, LEN($C11)-1))) -> m̍ | O11: 7 | P11: =IF( LEN($C11)=1, LEFT($C11, 1) & _xlfn.UNICHAR( HEX2DEC(P$1)), ( LEFT($C11, 1) & _xlfn.UNICHAR( HEX2DEC(P$1)) & MID($C11, 2, LEN($C11)-1))) -> m̄ | Q11: ḿ | R11: m̌ | S11: =IF( LEN($C11)=1, LEFT($C11, 1) & _xlfn.UNICHAR( HEX2DEC(S$1)), ( LEFT($C11, 1) & _xlfn.UNICHAR( HEX2DEC(S$1)) & MID($C11, 2, LEN($C11)-1))) -> m̌ | T11: =IF( LEN($C11)=1, LEFT($C11, 1) & _xlfn.UNICHAR( HEX2DEC(T$1)), ( LEFT($C11, 1) & _xlfn.UNICHAR( HEX2DEC(T$1)) & MID($C11, 2, LEN($C11)-1))) -> m̀ | U11: =IF( LEN($C11)=1, LEFT($C11, 1) & _xlfn.UNICHAR( HEX2DEC(U$1)), ( LEFT($C11, 1) & _xlfn.UNICHAR( HEX2DEC(U$1)) & MID($C11, 2, LEN($C11)-1))) -> m̂ | V11: =IF( LEN($C11)=1, LEFT($C11, 1) & _xlfn.UNICHAR( HEX2DEC(V$1)), ( LEFT($C11, 1) & _xlfn.UNICHAR( HEX2DEC(V$1)) & MID($C11, 2, LEN($C11)-1))) -> m̄ | W11: ḿ | Y11: 入聲韻尾 | Z11: p | AA11: t | AB11: k | AC11: h
B12: 8 | C12: n | E12: 8 | F12: =$C12 -> n | G12: ń | H12: =IF( LEN($C12)=1, LEFT($C12, 1) & _xlfn.UNICHAR( HEX2DEC(H$1)), ( LEFT($C12, 1) & _xlfn.UNICHAR( HEX2DEC(H$1)) & MID($C12, 2, LEN($C12)-1))) -> ǹ | I12: =$C12 -> n | J12: =IF( LEN($C12)=1, LEFT($C12, 1) & _xlfn.UNICHAR( HEX2DEC(J$1)), ( LEFT($C12, 1) & _xlfn.UNICHAR( HEX2DEC(J$1)) & MID($C12, 2, LEN($C12)-1))) -> n̂ | K12: =IF( LEN($C12)=1, LEFT($C12, 1) & _xlfn.UNICHAR( HEX2DEC(K$1)), ( LEFT($C12, 1) & _xlfn.UNICHAR( HEX2DEC(K$1)) & MID($C12, 2, LEN($C12)-1))) -> ň | L12: =IF( LEN($C12)=1, LEFT($C12, 1) & _xlfn.UNICHAR( HEX2DEC(L$1)), ( LEFT($C12, 1) & _xlfn.UNICHAR( HEX2DEC(L$1)) & MID($C12, 2, LEN($C12)-1))) -> n̄ | M12: =IF( LEN($C12)=1, LEFT($C12, 1) & _xlfn.UNICHAR( HEX2DEC(M$1)), ( LEFT($C12, 1) & _xlfn.UNICHAR( HEX2DEC(M$1)) & MID($C12, 2, LEN($C12)-1))) -> n̍ | O12: 8 | P12: =IF( LEN($C12)=1, LEFT($C12, 1) & _xlfn.UNICHAR( HEX2DEC(P$1)), ( LEFT($C12, 1) & _xlfn.UNICHAR( HEX2DEC(P$1)) & MID($C12, 2, LEN($C12)-1))) -> n̄ | Q12: ń | R12: ň | S12: =IF( LEN($C12)=1, LEFT($C12, 1) & _xlfn.UNICHAR( HEX2DEC(S$1)), ( LEFT($C12, 1) & _xlfn.UNICHAR( HEX2DEC(S$1)) & MID($C12, 2, LEN($C12)-1))) -> ň | T12: =IF( LEN($C12)=1, LEFT($C12, 1) & _xlfn.UNICHAR( HEX2DEC(T$1)), ( LEFT($C12, 1) & _xlfn.UNICHAR( HEX2DEC(T$1)) & MID($C12, 2, LEN($C12)-1))) -> ǹ | U12: =IF( LEN($C12)=1, LEFT($C12, 1) & _xlfn.UNICHAR( HEX2DEC(U$1)), ( LEFT($C12, 1) & _xlfn.UNICHAR( HEX2DEC(U$1)) & MID($C12, 2, LEN($C12)-1))) -> n̂ | V12: =IF( LEN($C12)=1, LEFT($C12, 1) & _xlfn.UNICHAR( HEX2DEC(V$1)), ( LEFT($C12, 1) & _xlfn.UNICHAR( HEX2DEC(V$1)) & MID($C12, 2, LEN($C12)-1))) -> n̄ | W12: ń | Y12: 第4調（陰入） | Z12: ㆴ | AA12: ㆵ | AB12: ㆻ | AC12: ㆷ
B13: 9 | C13: ng | E13: 9 | F13: =$C13 -> ng | G13: ńg | H13: =IF( LEN($C13)=1, LEFT($C13, 1) & _xlfn.UNICHAR( HEX2DEC(H$1)), ( LEFT($C13, 1) & _xlfn.UNICHAR( HEX2DEC(H$1)) & MID($C13, 2, LEN($C13)-1))) -> ǹg | I13: =$C13 -> ng | J13: =IF( LEN($C13)=1, LEFT($C13, 1) & _xlfn.UNICHAR( HEX2DEC(J$1)), ( LEFT($C13, 1) & _xlfn.UNICHAR( HEX2DEC(J$1)) & MID($C13, 2, LEN($C13)-1))) -> n̂g | K13: =IF( LEN($C13)=1, LEFT($C13, 1) & _xlfn.UNICHAR( HEX2DEC(K$1)), ( LEFT($C13, 1) & _xlfn.UNICHAR( HEX2DEC(K$1)) & MID($C13, 2, LEN($C13)-1))) -> ňg | L13: =IF( LEN($C13)=1, LEFT($C13, 1) & _xlfn.UNICHAR( HEX2DEC(L$1)), ( LEFT($C13, 1) & _xlfn.UNICHAR( HEX2DEC(L$1)) & MID($C13, 2, LEN($C13)-1))) -> n̄g | M13: =IF( LEN($C13)=1, LEFT($C13, 1) & _xlfn.UNICHAR( HEX2DEC(M$1)), ( LEFT($C13, 1) & _xlfn.UNICHAR( HEX2DEC(M$1)) & MID($C13, 2, LEN($C13)-1))) -> n̍g | O13: 9 | P13: =IF( LEN($C13)=1, LEFT($C13, 1) & _xlfn.UNICHAR( HEX2DEC(P$1)), ( LEFT($C13, 1) & _xlfn.UNICHAR( HEX2DEC(P$1)) & MID($C13, 2, LEN($C13)-1))) -> n̄g | Q13: ńg | R13: ňg | S13: =IF( LEN($C13)=1, LEFT($C13, 1) & _xlfn.UNICHAR( HEX2DEC(S$1)), ( LEFT($C13, 1) & _xlfn.UNICHAR( HEX2DEC(S$1)) & MID($C13, 2, LEN($C13)-1))) -> ňg | T13: =IF( LEN($C13)=1, LEFT($C13, 1) & _xlfn.UNICHAR( HEX2DEC(T$1)), ( LEFT($C13, 1) & _xlfn.UNICHAR( HEX2DEC(T$1)) & MID($C13, 2, LEN($C13)-1))) -> ǹg | U13: =IF( LEN($C13)=1, LEFT($C13, 1) & _xlfn.UNICHAR( HEX2DEC(U$1)), ( LEFT($C13, 1) & _xlfn.UNICHAR( HEX2DEC(U$1)) & MID($C13, 2, LEN($C13)-1))) -> n̂g | V13: =IF( LEN($C13)=1, LEFT($C13, 1) & _xlfn.UNICHAR( HEX2DEC(V$1)), ( LEFT($C13, 1) & _xlfn.UNICHAR( HEX2DEC(V$1)) & MID($C13, 2, LEN($C13)-1))) -> n̄g | W13: ńg | Y13: 第8調（陽入） | Z13: ㆴ˙ | AA13: ㆵ˙ | AB13: ㆻ˙ | AC13: ㆷ˙

Sheet 設定
B2: 上 | C2: 平 | D2: =B$2&C2 -> 上平 | E2: =TEXT(F2, "[DBNum1]") -> 一 | F2: 1 | H2: 傳統八聲調 | I2: 閩拼八聲調 | J2: 雅俗通調號 | K2: 方音符號調符 | L2: 白話字調符編碼 | M2: 白話字調符 | N2: 雅俗通調名 | O2: 台羅調名 | P2: 調名 | R2: 序號 | S2: 聲母碼 | T2: 國際音標 | U2: 白話字 | V2: 台羅 | W2: 閩拼 | X2: 方音 | Y2: 十五音
C3: 上 | D3: =B$2&C3 -> 上上 | E3: =TEXT(F3, "[DBNum1]") -> 二 | F3: 2 | H3: 1 | I3: 1 | J3: 一 | K3: =_xlfn.UNICHAR(HEX2DEC("02C9")) -> ˉ | M3: =_xlfn.CONCAT("◌", 聲調表[[#This Row],[白話字調符編碼]]) -> ◌ | N3: =_xlfn.CONCAT( LEFT(P3), RIGHT(P3)) -> 上平 | O3: =_xlfn.CONCAT( MID(P3,3,1), RIGHT(P3)) -> 陰平 | P3: 上（陰）平 | R3: 8 | S3: zi | T3: ʨ | U3: chi | V3: tsi | W3: zi | X3: ㄐ | Y3: 曾
C4: 去 | D4: =B$2&C4 -> 上去 | E4: =TEXT(F4, "[DBNum1]") -> 三 | F4: 3 | H4: 2 | I4: 3 | J4: 二 | K4: =_xlfn.UNICHAR(HEX2DEC("02CB")) -> ˋ | L4: =_xlfn.UNICHAR(HEX2DEC("0301")) -> ́ | M4: =_xlfn.CONCAT("◌", 聲調表[[#This Row],[白話字調符編碼]]) -> ◌́ | N4: =_xlfn.CONCAT( LEFT(P4), RIGHT(P4)) -> 上上 | O4: =_xlfn.CONCAT( MID(P4,3,1), RIGHT(P4)) -> 陰上 | P4: 上（陰）上 | R4: 9 | S4: ji | T4: ʥ | U4: ji | V4: ji | W4: zzi | X4: ㆢ | Y4: 入
C5: 入 | D5: =B$2&C5 -> 上入 | E5: =TEXT(F5, "[DBNum1]") -> 四 | F5: 4 | H5: 3 | I5: 5 | J5: 三 | K5: =_xlfn.UNICHAR(HEX2DEC("02EA")) -> ˪ | L5: =_xlfn.UNICHAR(HEX2DEC("0300")) -> ̀ | M5: =_xlfn.CONCAT("◌", 聲調表[[#This Row],[白話字調符編碼]]) -> ◌̀ | N5: =_xlfn.CONCAT( LEFT(P5), RIGHT(P5)) -> 上去 | O5: =_xlfn.CONCAT( MID(P5,3,1), RIGHT(P5)) -> 陰去 | P5: 上（陰）去 | R5: 10 | S5: si | T5: ɕ | U5: si | V5: si | W5: si | X5: ㄒ | Y5: 時
B6: 下 | C6: 平 | D6: =B$6&C6 -> 下平 | E6: =TEXT(F6, "[DBNum1]") -> 五 | F6: 5 | H6: 4 | I6: 7 | J6: 四 | K6: =_xlfn.UNICHAR(HEX2DEC("02C9")) -> ˉ | M6: =_xlfn.CONCAT("◌", 聲調表[[#This Row],[白話字調符編碼]]) -> ◌ | N6: =_xlfn.CONCAT( LEFT(P6), RIGHT(P6)) -> 上入 | O6: =_xlfn.CONCAT( MID(P6,3,1), RIGHT(P6)) -> 陰入 | P6: 上（陰）入 | R6: 14 | S6: ci | T6: ʨʰ | U6: chhi | V6: tshi | W6: ci | X6: ㄑ | Y6: 出
C7: 上 | D7: =B$6&C7 -> 下上 | E7: =TEXT(F7, "[DBNum1]") -> 六 | F7: 6 | H7: 5 | I7: 2 | J7: 五 | K7: =_xlfn.UNICHAR(HEX2DEC("02CA")) -> ˊ | L7: =_xlfn.UNICHAR(HEX2DEC("0302")) -> ̂ | M7: =_xlfn.CONCAT("◌", 聲調表[[#This Row],[白話字調符編碼]]) -> ◌̂ | N7: =_xlfn.CONCAT( LEFT(P7), RIGHT(P7)) -> 下平 | O7: =_xlfn.CONCAT( MID(P7,3,1), RIGHT(P7)) -> 陽平 | P7: 下（陽）平
C8: 去 | D8: =B$6&C8 -> 下去 | E8: =TEXT(F8, "[DBNum1]") -> 七 | F8: 7 | H8: 6 | I8: 4 | J8: 六 | K8: =_xlfn.UNICHAR(HEX2DEC("02CB")) -> ˋ | L8: =_xlfn.UNICHAR(HEX2DEC("030C")) -> ̌ | M8: =_xlfn.CONCAT("◌", 聲調表[[#This Row],[白話字調符編碼]]) -> ◌̌ | N8: =_xlfn.CONCAT( LEFT(P8), RIGHT(P8)) -> 下上 | O8: =_xlfn.CONCAT( MID(P8,3,1), RIGHT(P8)) -> 陽上 | P8: 下（陽）上 | W8: 方音變更
C9: 入 | D9: =B$6&C9 -> 下入 | E9: =TEXT(F9, "[DBNum1]") -> 八 | F9: 8 | H9: 7 | I9: 6 | J9: 七 | K9: =_xlfn.UNICHAR(HEX2DEC("02EB")) -> ˫ | L9: =_xlfn.UNICHAR(HEX2DEC("0304")) -> ̄ | M9: =_xlfn.CONCAT("◌", 聲調表[[#This Row],[白話字調符編碼]]) -> ◌̄ | N9: =_xlfn.CONCAT( LEFT(P9), RIGHT(P9)) -> 下去 | O9: =_xlfn.CONCAT( MID(P9,3,1), RIGHT(P9)) -> 陽去 | P9: 下（陽）去 | W9: ㄗㄧ | X9: ㄐㄧ
H10: 8 | I10: 8 | J10: 八 | K10: =_xlfn.UNICHAR(HEX2DEC("02D9")) -> ˙ | L10: =_xlfn.UNICHAR(HEX2DEC("030D")) -> ̍ | M10: =_xlfn.CONCAT("◌", 聲調表[[#This Row],[白話字調符編碼]]) -> ◌̍ | N10: =_xlfn.CONCAT( LEFT(P10), RIGHT(P10)) -> 下入 | O10: =_xlfn.CONCAT( MID(P10,3,1), RIGHT(P10)) -> 陽入 | P10: 下（陽）入 | W10: ㆡㄧ | X10: ㆢㄧ
W11: ㄙㄧ | X11: ㄒㄧ
W12: ㄘㄧ | X12: ㄑㄧ
H14: 雅俗通調號 | I14: 調名 | J14: 調符名稱 | K14: 調符樣式 | M14: Unicode (16進位) | N14: 十進位碼 | O14: Excel 公式
H15: 一 | I15: 陰平 | J15: (不標符號) | K15: - | M15: - | N15: - | O15: -
H16: 二 | I16: 陰上 | J16: 銳音符 (Acute) | K16: ˊ | L16: ́ | M16: U+02CA | N16: 714 | O16: =_xlfn.UNICHAR(714) -> ˊ
H17: 三 | I17: 陰去 | J17: 抑音符 (Grave) | K17: ˋ | L17: ̀ | M17: U+02CB | N17: 715 | O17: =_xlfn.UNICHAR(715) -> ˋ
H18: 四 | I18: 陰入 | J18: (不標符號) | K18: - | M18: - | N18: - | O18: -
H19: 五 | I19: 陽平 | J19: 揚抑符 (Circumflex) | K19: ˆ | L19: ̂ | M19: U+02C6 | N19: 710 | O19: =_xlfn.UNICHAR(710) -> ˆ
H20: 六 | I20: 陽上 | J20: 抑揚符 (Caron) | K20: ˇ | L20: ̌ | M20: U+02C7 | N20: 711 | O20: =_xlfn.UNICHAR(711) -> ˇ
H21: 七 | I21: 陽去 | J21: 長音符 (Macron) | K21: ˉ | L21: ̄ | M21: U+02C9 | N21: 713 | O21: =_xlfn.UNICHAR(713) -> ˉ
H22: 八 | I22: 陽入 | J22: 直豎符 (Vertical line) | K22: ̍ | L22: ̍ | M22: U+030D | N22: 781 | O22: =_xlfn.UNICHAR(781) -> ̍

Sheet  閩拼八聲調
B2: 上 | C2: 平 | D2: =B$2&C2 -> 上平 | E2: =TEXT(F2, "[DBNum1]") -> 一 | F2: 1 | H2: 雅俗通調名 | I2: 台羅調名 | J2: 傳統八聲調 | K2: 雅俗通調號 | L2: 閩拼八聲調 | M2: 閩拼調符編碼 | N2: 閩拼調符 | O2: 方音調符編碼 | P2: 方音符號 | Q2: 方音符號調符 | R2: 台拼調符編碼 | S2: 台語音標 | U2: 序號 | V2: 聲母碼 | W2: 國際音標 | X2: 白話字 | Y2: 台羅 | Z2: 閩拼 | AA2: 方音 | AB2: 十五音
C3: 上 | D3: =B$2&C3 -> 上上 | E3: =TEXT(F3, "[DBNum1]") -> 二 | F3: 2 | H3: =_xlfn.CONCAT( LEFT(R3), RIGHT(R3)) | I3: =_xlfn.CONCAT( MID(R3,3,1), RIGHT(R3)) | J3: 1 | K3: 一 | L3: 1 | M3: U+0304 | N3: =_xlfn.CONCAT("s", "i", _xlfn.UNICHAR(HEX2DEC(RIGHT(M3,4)))) -> sī | O3: U+02C9 | P3: =_xlfn.CONCAT("ㄒㄧ",_xlfn.UNICHAR(HEX2DEC(RIGHT(O3,4)))) -> ㄒㄧˉ | Q3: =_xlfn.UNICHAR(HEX2DEC(RIGHT(O3,4))) -> ˉ | S3: =IFERROR(_xlfn.CONCAT("s","i",_xlfn.UNICHAR(HEX2DEC(RIGHT(R3,4)))),_xlfn.CONCAT("s","i")) -> si | T3: 1 | U3: 8 | V3: zi | W3: ʨ | X3: chi | Y3: tsi | Z3: zi | AA3: ㄐ | AB3: 曾
C4: 去 | D4: =B$2&C4 -> 上去 | E4: =TEXT(F4, "[DBNum1]") -> 三 | F4: 3 | H4: =_xlfn.CONCAT( LEFT(R4), RIGHT(R4)) -> U2 | I4: =_xlfn.CONCAT( MID(R4,3,1), RIGHT(R4)) -> 02 | J4: 5 | K4: 五 | L4: 2 | M4: U+0301 | N4: =_xlfn.CONCAT("s", "i", _xlfn.UNICHAR(HEX2DEC(RIGHT(M4,4)))) -> sí | O4: U+02CA | P4: =_xlfn.CONCAT("ㄒㄧ",_xlfn.UNICHAR(HEX2DEC(RIGHT(O4,4)))) -> ㄒㄧˊ | Q4: =_xlfn.UNICHAR(HEX2DEC(RIGHT(O4,4))) -> ˊ | R4: U+0302 | S4: =_xlfn.CONCAT("s", "i", _xlfn.UNICHAR(HEX2DEC(RIGHT(R4,4)))) -> sî | T4: 5 | U4: 9 | V4: ji | W4: ʥ | X4: ji | Y4: ji | Z4: zzi | AA4: ㆢ | AB4: 入
C5: 入 | D5: =B$2&C5 -> 上入 | E5: =TEXT(F5, "[DBNum1]") -> 四 | F5: 4 | H5: =_xlfn.CONCAT( LEFT(R5), RIGHT(R5)) -> U1 | I5: =_xlfn.CONCAT( MID(R5,3,1), RIGHT(R5)) -> 01 | J5: 2 | K5: 二 | L5: 3 | M5: U+030C | N5: =_xlfn.CONCAT("s", "i", _xlfn.UNICHAR(HEX2DEC(RIGHT(M5,4)))) -> sǐ | O5: U+02CB | P5: =_xlfn.CONCAT("ㄒㄧ",_xlfn.UNICHAR(HEX2DEC(RIGHT(O5,4)))) -> ㄒㄧˋ | Q5: =_xlfn.UNICHAR(HEX2DEC(RIGHT(O5,4))) -> ˋ | R5: U+0301 | S5: =_xlfn.CONCAT("s", "i", _xlfn.UNICHAR(HEX2DEC(RIGHT(R5,4)))) -> sí | T5: 2 | U5: 10 | V5: si | W5: ɕ | X5: si | Y5: si | Z5: si | AA5: ㄒ | AB5: 時
B6: 下 | C6: 平 | D6: =B$6&C6 -> 下平 | E6: =TEXT(F6, "[DBNum1]") -> 五 | F6: 5 | H6: =_xlfn.CONCAT( LEFT(R6), RIGHT(R6)) -> UC | I6: =_xlfn.CONCAT( MID(R6,3,1), RIGHT(R6)) -> 0C | J6: 6 | K6: 六 | L6: 4 | M6: U+030C | N6: =_xlfn.CONCAT("s", "i", _xlfn.UNICHAR(HEX2DEC(RIGHT(M6,4)))) -> sǐ | O6: U+02CB | P6: =_xlfn.CONCAT("ㄒㄧ",_xlfn.UNICHAR(HEX2DEC(RIGHT(O6,4)))) -> ㄒㄧˋ | Q6: =_xlfn.UNICHAR(HEX2DEC(RIGHT(O6,4))) -> ˋ | R6: U+030C | S6: =_xlfn.CONCAT("s", "i", _xlfn.UNICHAR(HEX2DEC(RIGHT(R6,4)))) -> sǐ | T6: 6 | U6: 14 | V6: ci | W6: ʨʰ | X6: chhi | Y6: tshi | Z6: ci | AA6: ㄑ | AB6: 出
C7: 上 | D7: =B$6&C7 -> 下上 | E7: =TEXT(F7, "[DBNum1]") -> 六 | F7: 6 | H7: =_xlfn.CONCAT( LEFT(R7), RIGHT(R7)) -> U0 | I7: =_xlfn.CONCAT( MID(R7,3,1), RIGHT(R7)) -> 00 | J7: 3 | K7: 三 | L7: 5 | M7: U+0300 | N7: =_xlfn.CONCAT("s", "i", _xlfn.UNICHAR(HEX2DEC(RIGHT(M7,4)))) -> sì | O7: U+02EA | P7: =_xlfn.CONCAT("ㄒㄧ",_xlfn.UNICHAR(HEX2DEC(RIGHT(O7,4)))) -> ㄒㄧ˪ | Q7: =_xlfn.UNICHAR(HEX2DEC(RIGHT(O7,4))) -> ˪ | R7: U+0300 | S7: =_xlfn.CONCAT("s", "i", _xlfn.UNICHAR(HEX2DEC(RIGHT(R7,4)))) -> sì | T7: 3
C8: 去 | D8: =B$6&C8 -> 下去 | E8: =TEXT(F8, "[DBNum1]") -> 七 | F8: 7 | H8: =_xlfn.CONCAT( LEFT(R8), RIGHT(R8)) -> U4 | I8: =_xlfn.CONCAT( MID(R8,3,1), RIGHT(R8)) -> 04 | J8: 7 | K8: 七 | L8: 6 | M8: U+0302 | N8: =_xlfn.CONCAT("s", "i", _xlfn.UNICHAR(HEX2DEC(RIGHT(M8,4)))) -> sî | O8: U+02EB | P8: =_xlfn.CONCAT("ㄒㄧ",_xlfn.UNICHAR(HEX2DEC(RIGHT(O8,4)))) -> ㄒㄧ˫ | Q8: =_xlfn.UNICHAR(HEX2DEC(RIGHT(O8,4))) -> ˫ | R8: U+0304 | S8: =_xlfn.CONCAT("s", "i", _xlfn.UNICHAR(HEX2DEC(RIGHT(R8,4)))) -> sī | T8: 7 | Z8: 方音變更
C9: 入 | D9: =B$6&C9 -> 下入 | E9: =TEXT(F9, "[DBNum1]") -> 八 | F9: 8 | H9: =_xlfn.CONCAT( LEFT(R9), RIGHT(R9)) -> UC | I9: =_xlfn.CONCAT( MID(R9,3,1), RIGHT(R9)) -> 0C | J9: 4 | K9: 四 | L9: 7 | M9: U+0304 | N9: =_xlfn.CONCAT("s", "i", _xlfn.UNICHAR(HEX2DEC(RIGHT(M9,4))), "p") -> sīp | O9: U+02C9 | P9: =_xlfn.CONCAT("ㄒㄧㆴ",_xlfn.UNICHAR(HEX2DEC(RIGHT(O9,4)))) -> ㄒㄧㆴˉ | Q9: =_xlfn.UNICHAR(HEX2DEC(RIGHT(O9,4))) -> ˉ | R9: U+030C | S9: =_xlfn.CONCAT("s", "i", "p") -> sip | T9: 4 | Z9: ㄗㄧ | AA9: ㄐㄧ
H10: =_xlfn.CONCAT( LEFT(R10), RIGHT(R10)) -> UD | I10: =_xlfn.CONCAT( MID(R10,3,1), RIGHT(R10)) -> 0D | J10: 8 | K10: 八 | L10: 8 | M10: U+0301 | N10: =_xlfn.CONCAT("s", "i", _xlfn.UNICHAR(HEX2DEC(RIGHT(M10,4))), "p") -> síp | O10: U+02D9 | P10: =_xlfn.CONCAT("ㄒㄧㆴ",_xlfn.UNICHAR(HEX2DEC(RIGHT(O10,4)))) -> ㄒㄧㆴ˙ | Q10: =_xlfn.UNICHAR(HEX2DEC(RIGHT(O10,4))) -> ˙ | R10: U+030D | S10: =_xlfn.CONCAT("s", "i", _xlfn.UNICHAR(HEX2DEC(RIGHT(R10,4))), "p") -> si̍p | T10: 8 | Z10: ㆡㄧ | AA10: ㆢㄧ
X11: ㄙㄧ | Y11: ㄒㄧ
Q12: 1 | S12: 1 | X12: ㄘㄧ | Y12: ㄑㄧ
Q13: 3 | R13: U+0300 | S13: 2
H14: 雅俗通調號 | I14: 調名 | J14: 調符名稱 | K14: 調符樣式 | M14: Unicode (16進位) | N14: 十進位碼 | O14: Excel 公式 | Q14: 5 | R14: U+0302 | S14: 3
H15: 一 | I15: 陰平 | J15: (不標符號) | K15: - | M15: - | N15: - | O15: - | Q15: 7 | R15: U+0304 | S15: 4
H16: 二 | I16: 陰上 | J16: 銳音符 (Acute) | K16: ˊ | M16: U+02CA | N16: 714 | O16: =_xlfn.UNICHAR(714) -> ˊ | Q16: 2 | R16: U+0301 | S16: 5
H17: 三 | I17: 陰去 | J17: 抑音符 (Grave) | K17: ˋ | M17: U+02CB | N17: 715 | O17: =_xlfn.UNICHAR(715) -> ˋ | Q17: 4 | S17: 6
H18: 四 | I18: 陰入 | J18: (不標符號) | K18: - | M18: - | N18: - | O18: - | Q18: 6 | R18: U+030C | S18: 7
H19: 五 | I19: 陽平 | J19: 揚抑符 (Circumflex) | K19: ˆ | M19: U+02C6 | N19: 710 | O19: =_xlfn.UNICHAR(710) -> ˆ | Q19: 8 | R19: U+030D | S19: 8
H20: 六 | I20: 陽上 | J20: 抑揚符 (Caron) | K20: ˇ | M20: U+02C7 | N20: 711 | O20: =_xlfn.UNICHAR(711) -> ˇ
H21: 七 | I21: 陽去 | J21: 長音符 (Macron) | K21: ˉ | M21: U+02C9 | N21: 713 | O21: =_xlfn.UNICHAR(713) -> ˉ
H22: 八 | I22: 陽入 | J22: 直豎符 (Vertical line) | K22: ̍ | M22: U+030D | N22: 781 | O22: =_xlfn.UNICHAR(781) -> ̍

Sheet 【聲母】十五音對照表
D2: 雙唇音 | L2: 齒齦音 | T2: 齦顎音 | AB2: 軟顎音 | AJ2: 聲門音
D3: 清音 | H3: 濁音 | L3: 清音 | P3: 濁音 | T3: 清音 | X3: 濁音 | AB3: 清音 | AF3: 濁音 | AJ3: 清音
B4: 鼻音 | H4: 門 | J4: m | P4: 柳 | R4: n | AB4: 語 | AD4: ng
J5: m | R5: n | AD5: ng
H6: [ m ] | J6: bb | P6: [ n ] | R6: ln | AB6: [ ŋ ] | AD6: ggn
H7: 毛 | J7: ㄇ | P7: 耐 | R7: ㄋ | AB7: 雅 | AD7: ㄫ
B8: 塞音 | C8: 不送氣 | D8: 邊 | F8: p | H8: 門 | J8: b | L8: 地 | N8: t | AB8: 求 | AD8: k | AF8: 語 | AH8: g | AJ8: 英 | AL8: Ø
F9: p | J9: b | N9: t | AD9: k | AH9: g | AL9: Ø
D10: [ p ] | F10: b | H10: [b] | J10: bb | L10: [ t ] | N10: d | AB10: [ k ] | AD10: g | AF10: [ g ] | AH10: gg | AJ10: [ ? ] | AL10: Ø
D11: 比 | F11: ㄅ | H11: 美 | J11: ㆠ | L11: 底 | N11: ㄉ | AB11: 己 | AD11: ㄍ | AF11: 我 | AH11: ㆣ | AJ11: 以 | AL11: Ø
C12: 送氣 | D12: 頗 | F12: ph | L12: 他 | N12: th | AB12: 去 | AD12: kh
F13: ph | N13: th | AD13: kh
D14: [ pʰ ] | F14: p | L14: [ tʰ ] | N14: t | AB14: [ kʰ ] | AD14: k
D15: 鄙 | F15: ㄆ | L15: 恥 | N15: ㄊ | AB15: 起 | AD15: ㄎ
B16: 塞擦音 | C16: 不送氣 | L16: 曾 | N16: ch | P16: 入 | R16: j | T16: 曾 | V16: chi | X16: 入 | Z16: ji
N17: ts | R17: j | V17: tsi | Z17: ji
L18: [ ts ] | N18: z | P18: [ ʣ ] | R18: zz | T18: [ ʨ ] | V18: zi | X18: [ ʥ ] | Z18: zzi
L19: 止 | N19: ㄗ | P19: 耳 | R19: ㆡ | T19: 尖 | V19: ㄐ | Z19: ㆢ
C20: 送氣 | L20: 出 | N20: chh | T20: 出 | V20: chhi
N21: tsh | V21: tshi
L22: [ t͡sʰ ] | N22: c | T22: [ ʨʰ ] | V22: ci
L23: 取 | N23: ㄘ | T23: 手 | V23: ㄑ
B24: 擦音 | L24: 時 | N24: s | T24: 時 | V24: si | AJ24: 喜 | AL24: h
N25: s | V25: si | AL25: h
L26: [ s ] | N26: s | T26: [ ɕ ] | V26: si | AJ26: [ h ] | AL26: h
L27: 始 | N27: ㄙ | T27: 寫 | V27: ㄒ | AJ27: 喜 | AL27: ㄏ
B28: 邊音 | P28: 柳 | R28: l
R29: l
P30: [ l ] | R30: l
P31: 理 | R31: ㄌ

Sheet 【韻母】十五音對照表
C2: 開口呼 | K2: 齊齒呼 | S2: 合口呼
C3: 舒聲 | G3: 促聲 | K3: 舒聲 | O3: 促聲 | S3: 舒聲 | W3: 促聲
B4: 母音尾韻及相應的入聲韻 | C4: 膠 | E4: a | G4: 膠 | I4: ah | K4: 居 | M4: i | O4: 居 | Q4: ih | S4: 艍 | U4: u | W4: 艍 | Y4: uh
E5: a | I5: ah | M5: i | Q5: ih | U5: u | Y5: uh
C6: [ a ] | E6: a | G6: [ a? ] | I6: ah | K6: [ i ] | M6: i | O6: [ i? ] | Q6: ih | S6: [ u ] | U6: u | W6: [ u? ] | Y6: uh
C7: 阿 | E7: ㄚ | G7: 鴨 | I7: ㄚㆷ | K7: 依 | M7: ㄧ | O7: 鱉 | Q7: ㄧㆷ | S7: 于 | U7: ㄨ | W7: 嗍 | Y7: ㄨㆷ
C8: 沽 | E8: o | G8: 沽 | I8: oh | K8: 迦 | M8: ia | O8: 迦 | Q8: iah | S8: 瓜 | U8: oa | W8: 瓜 | Y8: oah
E9: oo | I9: ooh | M9: ia | Q9: iah | U9: ua | Y9: uah
C10: [ ɔ ] | E10: oo | G10: [ ɔ? ] | I10: ooh | K10: [ ia ] | M10: ia | O10: [ ia? ] | Q10: iah | S10: [ ua ] | U10: ua | W10: [ ua? ] | Y10: uah
C11: 烏 | E11: ㆦ | G11: 嘔 | I11: ㆦㆷ | K11: 鴉 | M11: ㄧㄚ | O11: 頁 | Q11: ㄧㄚㆷ | S11: 話 | U11: ㄨㄚ | W11: 撥 | Y11: ㄨㄚㆷ
C12: 高 | E12: o | G12: 高 | I12: oh | K12: 迦 | M12: ia | O12: 迦 | Q12: iah | S12: 檜 | U12: oe | W12: 檜 | Y12: oeh
E13: o | I13: oh | M13: ia | Q13: iah | U13: ue | Y13: ueh
C14: [ ə ] | E14: o | G14: [ ə? ] | I14: oh | K14: [ ia ] | M14: ia | O14: [ ia? ] | Q14: iah | S14: [ ue ] | U14: ue | W14: [ ue? ] | Y14: ueh
C15: 窩 | E15: ㄜ | G15: 學 | I15: ㄜㆷ | K15: 鴉 | M15: ㄧㄚ | O15: 頁 | Q15: ㄧㄚㆷ | S15: 話 | U15: ㄨㆤ | W15: 狹 | Y15: ㄨㆤㆷ
C16: 稽 | E16: ei | G16: 稽 | I16: eih | K16: 丩 | M16: iu | O16: 丩 | Q16: iuh | S16: 規 | U16: ui | W16: 規 | Y16: uih
E17: ei | I17: eih | M17: iu | Q17: iuh | U17: ui | Y17: uih
C18: [ ei ] | E18: e | G18: [ ei? ] | I18: eih | K18: [ iu ] | M18: iu | O18: [ iu? ] | Q18: iuh | S18: [ ui ] | U18: ui | W18: [ ui? ] | Y18: uh
C19: 鞋 | E19: ㄟ | G19: 八 | I19: ㄟㆷ | K19: 優 | M19: ㄧㄨ | O19: 匊 | Q19: ㄧㄨㆷ | S19: 威 | U19: ㄨㄧ | W19: 劃 | Y19: ㄨㄧㆷ
C20: 伽 | E20: e | G20: 伽 | I20: eh | K20: 嬌 | M20: iau | O20: 嬌 | Q20: iauh | S20: 乖 | U20: oai | W20: 乖 | Y20: oaih
E21: e | I21: eh | M21: iau | Q21: iauh | U21: uai | Y21: uaih
C22: [ e ] | E22: e | G22: [ e? ] | I22: eh | K22: [ iau ] | M22: iao | O22: [ iau? ] | Q22: iaoh | S22: [ uai ] | U22: uai | W22: [ uai? ] | Y22: uah
C23: 鍋 | E23: ㆤ | G23: 呃 | I23: ㆤㆷ | K23: 妖 | M23: ㄧㄠ | O23: 寂 | Q23: ㄧㄠㆷ | S23: 歪 | U23: ㄨㄞ | Y23: ㄨㄞㆷ
C24: 嘉 | E24: ee | G24: 嘉 | I24: eeh
E25: ee | I25: eeh
C26: [ ɛ ] | E26: ee | G26: [ ɛ? ] | I26: eeh
C27: 加 | E27: ㄝ | G27: 百 | I27: ㄝㆷ
C28: 皆 | E28: ai | G28: 皆 | I28: aih
E29: ai | I29: aih
C30: [ ai ] | E30: ai | G30: [ ai? ] | I30: aih
C31: 哀 | E31: ㄞ | I31: ㄞㆷ
C32: 交 | E32: au | G32: 交 | I32: auh
E33: au | I33: auh
C34: [ au ] | E34: ao | G34: [ au? ] | I34: aoh
C35: 歐 | E35: ㄠ | G35: 雹 | I35: ㄠㆷ
B36: 鼻音尾韻及相應的入聲韻 | C36: 姆 | E36: m | G36: 姆 | I36: mh | K36: 金 | M36: im | O36: 金 | Q36: ip | S36: 君 | U36: un | W36: 君 | Y36: ut
E37: m | I37: mh | M37: im | Q37: ip | U37: un | Y37: ut
C38: [ m ] | E38: m | G38: [ m? ] | I38: mh | K38: [ im ] | M38: im | O38: [ ip̚ ] | Q38: ip | S38: [ un ] | U38: un | W38: [ ut̚ ] | Y38: ut
C39: 姆 | E39: ㆬ | G39: 默 | I39: ㆬㆷ | K39: 音 | M39: ㄧㆬ | O39: 揖 | Q39: ㄧㆴ | S39: 溫 | U39: ㄨㄣ | W39: 骨 | Y39: ㄨㆵ
C40: 甘 | E40: am | G40: 甘 | I40: ap | K40: 兼 | M40: iam | O40: 兼 | Q40: iap | S40: 觀 | U40: oan | W40: 觀 | Y40: oat
E41: am | I41: ap | M41: iam | Q41: iap | U41: uan | Y41: uat
C42: [ am ] | E42: am | G42: [ ap̚ ] | I42: ap | K42: [ iam ] | M42: iam | O42: [ iap̚ ] | Q42: iap | S42: [ uan ] | U42: uan | W42: [ uat̚ ] | Y42: uat
C43: 庵 | E43: ㆰ | G43: 壓 | I43: ㄚㆴ | K43: 掩 | M43: ㄧㆰ | O43: 葉 | Q43: ㄧㄚㆴ | S43: 彎 | U43: ㄨㄢ | W43: 越 | Y43: ㄨㄚㆵ
C44: 箴 | E44: om | G44: 箴 | I44: op | K44: 巾 | M44: in | O44: 巾 | Q44: it | S44: 光 | U44: oang | W44: 光 | Y44: oak
E45: om | I45: op | M45: in | Q45: it | U45: uang | Y45: uak
C46: [ ɔm ] | E46: om | G46: [ ɔp ] | I46: op | K46: [ in ] | M46: ing | O46: [ it̚ ] | Q46: it | S46: [ uaŋ ] | U46: uang | W46: [ uak̚ ] | Y46: uangk
C47: 森 | E47: ㆱ | G47: 欱 | I47: ㆦㆴ | K47: 因 | M47: ㄧㄣ | O47: 乙 | Q47: ㄧㆻ | S47: 風 | U47: ㄨㄤ | W47: 呋 | Y47: ㄨㄚㆻ
C48: 干 | E48: an | G48: 干 | I48: at | K48: 堅 | M48: ian | O48: 堅 | Q48: iat
E49: an | I49: at | M49: ian | Q49: iat
C50: [ an ] | E50: an | G50: [ at̚ ] | I50: at | K50: [ ian ] | M50: ian | O50: [ iat̚ ] | Q50: iat
C51: 安 | E51: ㄢ | G51: 遏 | I51: ㄚㆵ | K51: 烟 | M51: ㄧㄢ | O51: 閱 | Q51: ㄧㄚㆵ
C52: 鋼 | E52: ng | G52: 鋼 | I52: ngh | K52: 經 | M52: eng | O52: 經 | Q52: ek
E53: ng | I53: ngh | M53: ing | Q53: ik
C54: [ ŋ ] | E54: ng | G54: [ ŋ? ] | I54: ngh | K54: [ iŋ ] | M54: in | O54: [ ik̚ ] | Q54: ik
C55: 秧 | E55: ㆭ | G55: 蹭 | I55: ㆭㆷ | K55: 英 | M55: ㄧㄥ | O55: 益 | Q55: ㄧㆻ
C56: 江 | E56: ang | G56: 江 | I56: ak | K56: 姜 | M56: iang | O56: 姜 | Q56: iak
E57: ang | I57: ak | M57: iang | Q57: iak
C58: [ aŋ ] | E58: ang | G58: [ ak̚ ] | I58: ak | K58: [ iaŋ ] | M58: iang | O58: [ iak̚ ] | Q58: iak
C59: 紅 | E59: ㄤ | G59: 握 | I59: ㄚㆻ | K59: 漳 | M59: ㄧㄤ | O59: 煏 | Q59: ㄧㄚㆻ
C60: 公 | E60: ong | G60: 公 | I60: ok | K60: 恭 | M60: iong | O60: 恭 | Q60: iok
E61: ong | I61: ok | M61: iong | Q61: iok
C62: [ ɔŋ ] | E62: ong | G62: [ ɔk̚ ] | I62: ok | K62: [ iɔŋ ] | M62: iong | O62: [ iɔk̚ ] | Q62: iok
C63: 汪 | E63: ㆲ | G63: 屋 | I63: ㆦㆻ | K63: 央 | M63: ㄧㆲ | O63: 約 | Q63: ㄧㆦㆻ
B64: 鼻化韻及相應的入聲韻 | C64: 監 | E64: aⁿ | G64: 監 | I64: aⁿh | K64: 梔 | M64: iⁿ | O64: 梔 | Q64: iⁿh | S64: 官 | U64: oaⁿ | W64: 官 | Y64: oaⁿh
E65: ann | I65: annh | M65: inn | Q65: innh | U65: uann | Y65: uannh
C66: [ a ] | E66: na | G66: [ a? ] | I66: nah | K66: [ i ] | M66: ni | O66: [ i? ] | Q66: nih | S66: [ ua ] | U66: nua | W66: [ ua? ] | Y66: nuah
C67: 餡 | E67: ㆩ | G67: 煞 | I67: ㆩㆷ | K67: 圓 | M67: ㆪ | O67: 物 | Q67: ㆪㆷ | S67: 碗 | U67: ㄨㆩ | Y67: ㄨㆩㆷ
C68: 姑 | E68: o͘ ⁿ | G68: 姑 | I68: o͘ ⁿh | K68: 驚 | M68: iaⁿ | O68: 驚 | Q68: iaⁿh | S68: 糜 | U68: oeⁿ | W68: 糜 | Y68: oeⁿh
E69: oonn | I69: oonnh | M69: iann | Q69: iannh | U69: uenn | Y69: uennh
C70: [ ɔ ] | E70: noo | G70: [ ɔ? ] | I70: nooh | K70: [ ia ] | M70: nia | O70: [ ia? ] | Q70: niah | S70: [ ue ] | U70: nue | W70: [ ue? ] | Y70: nueh
C71: 嘔 | E71: ㆧ | G71: 膜 | I71: ㆧㆷ | K71: 影 | M71: ㄧㆩ | O71: 嚇 | Q71: ㄧㆩㆷ | U71: ㄨㆥ | W71: 夾 | Y71: ㄨㆥㆷ
C72: 扛 | E72: o͘ ⁿ | G72: 扛 | I72: o͘ ⁿh | K72: 薑 | M72: ioⁿ | S72: 褌 | U72: uiⁿ | W72: 褌 | Y72: uiⁿh
E73: onn | I73: onnh | M73: ionn | U73: uinn | Y73: uinnh
C74: [ õ ] | E74: no | G74: [ õ? ] | I74: noh | K74: [ iõ ] | M74: nioo | S74: [ ui ] | U74: nui | W74: [ ui? ] | Y74: nuih
C75: 毛 | E75: ㆧ | G75: 膜 | I75: ㆧㆷ | K75: 張 | M75: ㄧㆧ | S75: 關 | U75: ㄨㆪ | W75: 哼 | Y75: ㄨㆪㆷ
C76: 更 | E76: eⁿ | G76: 更 | I76: eⁿh | K76: 牛 | M76: iuⁿ | S76: 閂 | U76: oaiⁿ | W76: 閂 | Y76: oaiⁿh
E77: enn | I77: ennh | M77: iunn | U77: uainn | Y77: uainnh
C78: [ e ] | E78: nee | G78: [ e? ] | I78: neh | K78: [ iu ] | M78: niu | S78: [ uai ] | U78: nuai | W78: [ uai? ] | Y78: nuaih
C79: 嬰 | E79: ㆥ | G79: 脉 | I79: ㆥㆷ | K79: 羊 | M79: ㄧㆫ | S79: 關 | U79: ㄨㆮ | Y79: ㄨㆮㆷ
C80: 閒 | E80: aiⁿ | G80: 閒 | I80: aiⁿh | K80: 嘄 | M80: iauⁿ | O80: 嘄 | Q80: iauⁿh
E81: ainn | I81: ainnh | M81: iaunn | Q81: iaunnh
C82: [ ai ] | E82: nai | G82: [ ai? ] | I82: naih | K82: [ iau ] | M82: niao | O82: [ iau? ] | Q82: niaoh
C83: 耐 | E83: ㆮ | I83: ㆮ | K83: 撓 | M83: ㄧㆯ | O83: 蟯 | Q83: ㄧㆯㆷ
C84: 爻 | E84: auⁿ | G84: 爻 | I84: auⁿh
E85: aunn | I85: aunnh
C86: [ au ] | E86: nao | G86: [ au? ] | I86: naoh
C87: 鬧 | E87: ㆯ | G87: 澩 | I87: ㆯ

Sheet 【韻母】韻腹排序對照表
B2: 韻腹 | C2: 陰聲韻（以元音及韻化輔音收尾的韻母） | S2: 陽聲韻（以鼻輔音收尾的韻母）
C3: 口音韻 | K3: 鼻音韻 | S3: [ m / p ] | AA3: [ n / t ] | AI3: [ ŋ / k ]
C4: 舒聲 | G4: 入聲 | K4: 舒聲 | O4: 入聲 | S4: 舒聲 | W4: 入聲 | AA4: 舒聲 | AE4: 入聲 | AI4: 舒聲 | AM4: 入聲
B5: [ a ] | C5: 膠 | E5: a | G5: 膠 | I5: ah | K5: 監 | M5: aⁿ | O5: 監 | Q5: aⁿh | S5: 甘 | U5: am | W5: 甘 | Y5: ap | AA5: 干 | AC5: an | AE5: 干 | AG5: at | AI5: 江 | AK5: ang | AM5: 江 | AO5: ak
E6: a | I6: ah | M6: ann | Q6: annh | U6: am | Y6: ap | AC6: an | AG6: at | AK6: ang | AO6: ak
C7: [ a ] | E7: a | G7: [ a? ] | I7: ah | K7: [ ã ] | M7: na | O7: [ ã? ] | Q7: nah | S7: [ am ] | U7: am | W7: [ ap̚ ] | Y7: ap | AA7: [ an ] | AC7: an | AE7: [ at̚ ] | AG7: at | AI7: [ aŋ ] | AK7: ang | AM7: [ ak̚ ] | AO7: ak
C8: 阿 | E8: ㄚ | G8: 鴨 | I8: ㄚㆷ | K8: 餡 | M8: ㆩ | O8: 煞 | Q8: ㆩㆷ | S8: 庵 | U8: ㆰ | W8: 壓 | Y8: ㄚㆴ | AA8: 安 | AC8: ㄢ | AE8: 遏 | AG8: ㄚㆵ | AI8: 紅 | AK8: ㄤ | AM8: 握 | AO8: ㄚㆻ
B9: [ ai ] | C9: 皆 | E9: ai | G9: 皆 | I9: aih | K9: 閒 | M9: aiⁿ | O9: 閒 | Q9: aiⁿh
E10: ai | I10: aih | M10: ainn | Q10: ainnh
C11: [ ai ] | E11: ai | G11: [ ai? ] | I11: aih | K11: [ ãĩ ] | M11: nai | O11: [ ãĩ? ] | Q11: naih
C12: 哀 | E12: ㄞ | I12: ㄞㆷ | K12: 耐 | M12: ㆮ | Q12: ㆮ
B13: [ aʊ ] | C13: 交 | E13: au | G13: 交 | I13: auh | K13: 爻 | M13: auⁿ | O13: 爻 | Q13: auⁿh
E14: au | I14: auh | M14: aunn | Q14: aunnh
C15: [ au ] | E15: ao | G15: [ au? ] | I15: aoh | K15: [ ãũ ] | M15: nao | O15: [ ãũ? ] | Q15: naoh
C16: 歐 | E16: ㄠ | G16: 雹 | I16: ㄠㆷ | K16: 鬧 | M16: ㆯ | O16: 澩 | Q16: ㆯ
B17: [ ɛ ] | C17: 嘉 | E17: ee | G17: 嘉 | I17: eeh
E18: ee | I18: eeh
C19: [ ɛ ] | E19: ee | G19: [ ɛ? ] | I19: eeh
C20: 加 | E20: ㄝ | G20: 百 | I20: ㄝㆷ
B21: [ e ] | C21: 伽 | E21: e | G21: 伽 | I21: eh | K21: 更 | M21: eⁿ | O21: 更 | Q21: eⁿh
E22: e | I22: eh | M22: enn | Q22: ennh
C23: [ e ] | E23: e | G23: [ e? ] | I23: eh | K23: [ ẽ ] | M23: nee | O23: [ ẽ? ] | Q23: neh
C24: 鍋 | E24: ㆤ | G24: 呃 | I24: ㆤㆷ | K24: 嬰 | M24: ㆥ | O24: 脉 | Q24: ㆥㆷ
B25: [ ei ] | C25: 稽 | E25: ei | G25: 稽 | I25: eih
E26: ei | I26: eih
C27: [ ei ] | E27: e | G27: [ ei? ] | I27: eih
C28: 鞋 | E28: ㄟ | G28: 八 | I28: ㄟㆷ
B29: [ i ] | C29: 居 | E29: i | G29: 居 | I29: ih | K29: 梔 | M29: iⁿ | O29: 梔 | Q29: iⁿh | S29: 金 | U29: im | W29: 金 | Y29: ip | AA29: 巾 | AC29: in | AE29: 巾 | AG29: it | AI29: 經 | AK29: eng | AM29: 經 | AO29: ek
E30: i | I30: ih | M30: inn | Q30: innh | U30: im | Y30: ip | AC30: in | AG30: it | AK30: ing | AO30: ik
C31: [ i ] | E31: i | G31: [ i? ] | I31: ih | K31: [ ĩ ] | M31: ni | O31: [ ĩ? ] | Q31: nih | S31: [ im ] | U31: im | W31: [ ip̚ ] | Y31: ip | AA31: [ in ] | AC31: ing | AE31: [ it̚ ] | AG31: it | AI31: [ iŋ ] | AK31: in | AM31: [ ik̚ ] | AO31: ik
C32: 依 | E32: ㄧ | G32: 鱉 | I32: ㄧㆷ | K32: 圓 | M32: ㆪ | O32: 物 | Q32: ㆪㆷ | S32: 音 | U32: ㄧㆬ | W32: 揖 | Y32: ㄧㆴ | AA32: 因 | AC32: ㄧㄣ | AE32: 乙 | AG32: ㄧㆻ | AI32: 英 | AK32: ㄧㄥ | AM32: 益 | AO32: ㄧㆻ
B33: [ ɪa ] | C33: 迦 | E33: ia | G33: 迦 | I33: iah | K33: 驚 | M33: iaⁿ | O33: 驚 | Q33: iaⁿh | S33: 兼 | U33: iam | W33: 兼 | Y33: iap | AA33: 堅 | AC33: ian | AE33: 堅 | AG33: iat | AI33: 姜 | AK33: iang | AM33: 姜 | AO33: iak
E34: ia | I34: iah | M34: iann | Q34: iannh | U34: iam | Y34: iap | AC34: ian | AG34: iat | AK34: iang | AO34: iak
C35: [ ia ] | E35: ia | G35: [ ia? ] | I35: iah | K35: [ iã ] | M35: nia | O35: [ iã? ] | Q35: niah | S35: [ iam ] | U35: iam | W35: [ iap̚ ] | Y35: iap | AA35: [ ian ] | AC35: ian | AE35: [ iat̚ ] | AG35: iat | AI35: [ iaŋ ] | AK35: iang | AM35: [ iak̚ ] | AO35: iak
C36: 鴉 | E36: ㄧㄚ | G36: 頁 | I36: ㄧㄚㆷ | K36: 影 | M36: ㄧㆩ | O36: 嚇 | Q36: ㄧㆩㆷ | S36: 掩 | U36: ㄧㆰ | W36: 葉 | Y36: ㄧㄚㆴ | AA36: 烟 | AC36: ㄧㄢ | AE36: 閱 | AG36: ㄧㄚㆵ | AI36: 漳 | AK36: ㄧㄤ | AM36: 煏 | AO36: ㄧㄚㆻ
B37: [ ɪaʊ ] | C37: 嬌 | E37: iau | G37: 嬌 | I37: iauh | K37: 嘄 | M37: iauⁿ | O37: 嘄 | Q37: iauⁿh
E38: iau | I38: iauh | M38: iaunn | Q38: iaunnh
C39: [ iau ] | E39: iao | G39: [ iau? ] | I39: iaoh | K39: [ iãũ ] | M39: niao | O39: [ iãũ? ] | Q39: niaoh
C40: 妖 | E40: ㄧㄠ | G40: 寂 | I40: ㄧㄠㆷ | K40: 撓 | M40: ㄧㆯ | O40: 蟯 | Q40: ㄧㆯㆷ
B41: [ ɪə ] [ ɪo ] | C41: 茄 | E41: io | G41: 茄 | I41: ioh | K41: 薑 | M41: ioⁿ
E42: io | I42: ioh | M42: ionn
C43: [ iə ] | E43: io | G43: [ iə? ] | I43: ioh | K43: [ iõ ] | M43: nioo
C44: 腰 | E44: ㄧㄜ | G44: 葯 | I44: ㄧㄜㆷ | K44: 張 | M44: ㄧㆧ
B45: [ ɪɔ ] | AI45: 恭 | AK45: iong | AM45: 恭 | AO45: iok
AK46: iong | AO46: iok
AI47: [ iɔŋ ] | AK47: iong | AM47: [ iɔk̚ ] | AO47: iok
AI48: 央 | AK48: ㄧㆲ | AM48: 約 | AO48: ㄧㆦㆻ
B49: [ iu ] | C49: 丩 | E49: iu | G49: 丩 | I49: iuh | K49: 牛 | M49: iuⁿ
E50: iu | I50: iuh | M50: iunn
C51: [ iu ] | E51: iu | G51: [ iu? ] | I51: iuh | K51: [ iũ ] | M51: niu
C52: 優 | E52: ㄧㄨ | G52: 匊 | I52: ㄧㄨㆷ | K52: 羊 | M52: ㄧㆫ
B53: [ ə ] [ o ] | C53: 高 | E53: o | G53: 高 | I53: oh | K53: 扛 | M53: oⁿ | O53: 扛 | Q53: oⁿh
E54: o | I54: oh | M54: onn | Q54: onnh
C55: [ ə ] | E55: o | G55: [ ə? ] | I55: oh | K55: [ õ ] | M55: no | O55: [ õ? ] | Q55: noh
C56: 窩 | E56: ㄜ | G56: 學 | I56: ㄜㆷ | K56: 毛 | M56: ㆧ | O56: 膜 | Q56: ㆧㆷ
B57: [ ɔ ] | C57: 沽 | E57: o͘ | G57: 沽 | I57: o͘ h | K57: 姑 | M57: o͘ ⁿ | O57: 姑 | Q57: o͘ ⁿh | S57: 箴 | U57: om | W57: 箴 | Y57: op | AI57: 公 | AK57: ong | AM57: 公 | AO57: ok
E58: oo | I58: ooh | M58: oonn | Q58: oonnh | U58: om | Y58: op | AK58: ong | AO58: ok
C59: [ ɔ ] | E59: oo | G59: [ ɔ? ] | I59: ooh | K59: [ ɔ̃ ] | M59: noo | O59: [ ɔ̃? ] | Q59: nooh | S59: [ ɔm ] | U59: om | W59: [ ɔp ] | Y59: op | AI59: [ ɔŋ ] | AK59: ong | AM59: [ ɔk̚ ] | AO59: ok
C60: 烏 | E60: ㆦ | G60: 嘔 | I60: ㆦㆷ | K60: 嘔 | M60: ㆧ | O60: 膜 | Q60: ㆧㆷ | S60: 森 | U60: ㆱ | W60: 欱 | Y60: ㆦㆴ | AI60: 汪 | AK60: ㆲ | AM60: 屋 | AO60: ㆦㆻ
B61: [ u ] | C61: 艍 | E61: u | G61: 艍 | I61: uh | M61: uⁿ | AA61: 君 | AC61: un | AE61: 君 | AG61: ut
E62: u | I62: uh | M62: unn | AC62: un | AG62: ut
C63: [ u ] | E63: u | G63: [ u? ] | I63: uh | K63: [ ũ ] | M63: nu | AA63: [ un ] | AC63: un | AE63: [ ut̚ ] | AG63: ut
C64: 于 | E64: ㄨ | G64: 嗍 | I64: ㄨㆷ | K64: 鴦 | M64: ㆫ | AA64: 溫 | AC64: ㄨㄣ | AE64: 骨 | AG64: ㄨㆵ
B65: [ ua ] | C65: 瓜 | E65: oa | G65: 瓜 | I65: oah | K65: 官 | M65: oaⁿ | O65: 官 | Q65: oaⁿh | AA65: 觀 | AC65: oan | AE65: 觀 | AG65: oat | AI65: 光 | AK65: oang | AM65: 光 | AO65: oak
E66: ua | I66: uah | M66: uann | Q66: uannh | AC66: uan | AG66: uat | AK66: uang | AO66: uak
C67: [ ua ] | E67: ua | G67: [ ua? ] | I67: uah | K67: [ uã ] | M67: nua | O67: [ uã? ] | Q67: nuah | AA67: [ uan ] | AC67: uan | AE67: [ uat̚ ] | AG67: uat | AI67: [ uaŋ ] | AK67: uang | AM67: [ uak̚ ] | AO67: uangk
C68: 話 | E68: ㄨㄚ | G68: 撥 | I68: ㄨㄚㆷ | K68: 碗 | M68: ㄨㆩ | Q68: ㄨㆩㆷ | AA68: 彎 | AC68: ㄨㄢ | AE68: 越 | AG68: ㄨㄚㆵ | AI68: 風 | AK68: ㄨㄤ | AM68: 呋 | AO68: ㄨㄚㆻ
B69: [ uai ] | C69: 乖 | E69: oai | G69: 乖 | I69: oaih | K69: 閂 | M69: oaiⁿ | O69: 閂 | Q69: oaiⁿh
E70: uai | I70: uaih | M70: uainn | Q70: uainnh
C71: [ uai ] | E71: uai | G71: [ uai? ] | I71: uah | K71: [ uãĩ ] | M71: nuai | O71: [ uãĩ? ] | Q71: nuaih
C72: 歪 | E72: ㄨㄞ | I72: ㄨㄞㆷ | K72: 關 | M72: ㄨㆮ | Q72: ㄨㆮㆷ
B73: [ ue ] | C73: 檜 | E73: oe | G73: 檜 | I73: oeh | K73: 糜 | M73: oeⁿ | O73: 糜 | Q73: oeⁿh
E74: ue | I74: ueh | M74: uenn | Q74: uennh
C75: [ ue ] | E75: ue | G75: [ ue? ] | I75: ueh | K75: [ uẽ ] | M75: nue | O75: [ uẽ? ] | Q75: nueh
C76: 話 | E76: ㄨㆤ | G76: 狹 | I76: ㄨㆤㆷ | M76: ㄨㆥ | O76: 夾 | Q76: ㄨㆥㆷ
B77: [ ui ] | C77: 規 | E77: ui | G77: 規 | I77: uih | K77: 褌 | M77: uiⁿ | O77: 褌 | Q77: uiⁿh
E78: ui | I78: uih | M78: uinn | Q78: uinnh
C79: [ ui ] | E79: ui | G79: [ ui? ] | I79: uh | K79: [ uĩ ] | M79: nui | O79: [ uĩ? ] | Q79: nuih
C80: 威 | E80: ㄨㄧ | G80: 劃 | I80: ㄨㄧㆷ | K80: 關 | M80: ㄨㆪ | O80: 哼 | Q80: ㄨㆪㆷ
B81: [ m ] | C81: 姆 | E81: m | G81: 姆 | I81: mh
E82: m | I82: mh
C83: [ m ] | E83: m | G83: [ m? ] | I83: mh
C84: 姆 | E84: ㆬ | G84: 默 | I84: ㆬㆷ
B85: [ ŋ ] | C85: 鋼 | E85: ng | G85: 鋼 | I85: ngh
E86: ng | I86: ngh
C87: [ ŋ ] | E87: ng | G87: [ ŋ? ] | I87: ngh
C88: 秧 | E88: ㆭ | G88: 蹭 | I88: ㆭㆷ

Sheet 【韻母】《漳州閩拼》對照表
B2: 開口呼 | R2: 齊齒呼 | AH2: 合口呼
B3: 口音韻 | J3: 鼻音韻 | R3: 口音韻 | Z3: 鼻音韻 | AH3: 口音韻 | AP3: 鼻音韻
B4: 舒聲 | F4: 入聲 | J4: 舒聲 | N4: 入聲 | R4: 舒聲 | V4: 入聲 | Z4: 舒聲 | AD4: 入聲 | AH4: 舒聲 | AL4: 入聲 | AP4: 舒聲 | AT4: 入聲
R5: 居 | T5: i | V5: 居 | X5: ih | Z5: 梔 | AB5: iⁿ | AD5: 梔 | AF5: iⁿh | AH5: 艍 | AJ5: u | AL5: 艍 | AN5: uh | AR5: uⁿ
T6: i | X6: ih | AB6: inn | AF6: innh | AJ6: u | AN6: uh | AR6: unn
R7: [ i ] | T7: i | V7: [ i? ] | X7: ih | Z7: [ ĩ ] | AB7: ni | AD7: [ ĩ? ] | AF7: nih | AH7: [ u ] | AJ7: u | AL7: [ u? ] | AN7: uh | AP7: [ ũ ] | AR7: nu
R8: 依 | T8: ㄧ | V8: 鱉 | X8: ㄧㆷ | Z8: 圓 | AB8: ㆪ | AD8: 物 | AF8: ㆪㆷ | AH8: 于 | AJ8: ㄨ | AL8: 嗍 | AN8: ㄨㆷ | AP8: 鴦 | AR8: ㆫ
B9: 膠 | D9: a | F9: 膠 | H9: ah | J9: 監 | L9: aⁿ | N9: 監 | P9: aⁿh | R9: 迦 | T9: ia | V9: 迦 | X9: iah | Z9: 驚 | AB9: iaⁿ | AD9: 驚 | AF9: iaⁿh | AH9: 瓜 | AJ9: oa | AL9: 瓜 | AN9: oah | AP9: 官 | AR9: oaⁿ | AT9: 官 | AV9: oaⁿh
D10: a | H10: ah | L10: ann | P10: annh | T10: ia | X10: iah | AB10: iann | AF10: iannh | AJ10: ua | AN10: uah | AR10: uann | AV10: uannh
B11: [ a ] | D11: a | F11: [ a? ] | H11: ah | J11: [ ã ] | L11: na | N11: [ ã? ] | P11: nah | R11: [ ia ] | T11: ia | V11: [ ia? ] | X11: iah | Z11: [ iã ] | AB11: nia | AD11: [ iã? ] | AF11: niah | AH11: [ ua ] | AJ11: ua | AL11: [ ua? ] | AN11: uah | AP11: [ uã ] | AR11: nua | AT11: [ uã? ] | AV11: nuah
B12: 阿 | D12: ㄚ | F12: 鴨 | H12: ㄚㆷ | J12: 餡 | L12: ㆩ | N12: 煞 | P12: ㆩㆷ | R12: 鴉 | T12: ㄧㄚ | V12: 頁 | X12: ㄧㄚㆷ | Z12: 影 | AB12: ㄧㆩ | AD12: 嚇 | AF12: ㄧㆩㆷ | AH12: 話 | AJ12: ㄨㄚ | AL12: 撥 | AN12: ㄨㄚㆷ | AP12: 碗 | AR12: ㄨㆩ | AV12: ㄨㆩㆷ
B13: 沽 | D13: o͘ | F13: 沽 | H13: o͘ h | J13: 姑 | L13: o͘ ⁿ | N13: 姑 | P13: o͘ ⁿh
D14: oo | H14: ooh | L14: oonn | P14: oonnh
B15: [ ɔ ] | D15: oo | F15: [ ɔ? ] | H15: ooh | J15: [ ɔ̃ ] | L15: noo | N15: [ ɔ̃? ] | P15: nooh
B16: 烏 | D16: ㆦ | F16: 嘔 | H16: ㆦㆷ | J16: 嘔 | L16: ㆧ | N16: 膜 | P16: ㆧㆷ
B17: 高 | D17: o | F17: 高 | H17: oh | J17: 扛 | L17: oⁿ | N17: 扛 | P17: oⁿh | R17: 茄 | T17: io | V17: 茄 | X17: ioh | Z17: 薑 | AB17: ioⁿ
D18: o | H18: oh | L18: onn | P18: onnh | T18: io | X18: ioh | AB18: ionn
B19: [ ə ] | D19: o | F19: [ ə? ] | H19: oh | J19: [ õ ] | L19: no | N19: [ õ? ] | P19: noh | R19: [ iə ] | T19: io | V19: [ iə? ] | X19: ioh | Z19: [ iõ ] | AB19: nioo
B20: 窩 | D20: ㄜ | F20: 學 | H20: ㄜㆷ | J20: 毛 | L20: ㆧ | N20: 膜 | P20: ㆧㆷ | R20: 腰 | T20: ㄧㄜ | V20: 葯 | X20: ㄧㄜㆷ | Z20: 張 | AB20: ㄧㆧ
B21: 稽 | D21: ei | F21: 稽 | H21: eih
D22: ei | H22: eih
B23: [ ei ] | D23: e | F23: [ ei? ] | H23: eih
B24: 鞋 | D24: ㄟ | F24: 八 | H24: ㄟㆷ
B25: 伽 | D25: e | F25: 伽 | H25: eh | J25: 更 | L25: eⁿ | N25: 更 | P25: eⁿh | AH25: 檜 | AJ25: oe | AL25: 檜 | AN25: oeh | AP25: 糜 | AR25: oeⁿ | AT25: 糜 | AV25: oeⁿh
D26: e | H26: eh | L26: enn | P26: ennh | AJ26: ue | AN26: ueh | AR26: uenn | AV26: uennh
B27: [ e ] | D27: e | F27: [ e? ] | H27: eh | J27: [ ẽ ] | L27: nee | N27: [ ẽ? ] | P27: neh | AH27: [ ue ] | AJ27: ue | AL27: [ ue? ] | AN27: ueh | AP27: [ uẽ ] | AR27: nue | AT27: [ uẽ? ] | AV27: nueh
B28: 鍋 | D28: ㆤ | F28: 呃 | H28: ㆤㆷ | J28: 嬰 | L28: ㆥ | N28: 脉 | P28: ㆥㆷ | AH28: 話 | AJ28: ㄨㆤ | AL28: 狹 | AN28: ㄨㆤㆷ | AR28: ㄨㆥ | AT28: 夾 | AV28: ㄨㆥㆷ
B29: 嘉 | D29: ee | F29: 嘉 | H29: eeh
D30: ee | H30: eeh
B31: [ ɛ ] | D31: ee | F31: [ ɛ? ] | H31: eeh
B32: 加 | D32: ㄝ | F32: 百 | H32: ㄝㆷ
R33: 巾 | T33: in | V33: 巾 | X33: it | AH33: 君 | AJ33: un | AL33: 君 | AN33: ut
T34: in | X34: it | AJ34: un | AN34: ut
R35: [ in ] | T35: ing | V35: [ it̚ ] | X35: it | AH35: [ un ] | AJ35: un | AL35: [ ut̚ ] | AN35: ut
R36: 因 | T36: ㄧㄣ | V36: 乙 | X36: ㄧㆻ | AH36: 溫 | AJ36: ㄨㄣ | AL36: 骨 | AN36: ㄨㆵ
R37: 丩 | T37: iu | V37: 丩 | X37: iuh | Z37: 牛 | AB37: iuⁿ | AH37: 規 | AJ37: ui | AL37: 規 | AN37: uih | AP37: 褌 | AR37: uiⁿ | AT37: 褌 | AV37: uiⁿh
T38: iu | X38: iuh | AB38: iunn | AJ38: ui | AN38: uih | AR38: uinn | AV38: uinnh
R39: [ iu ] | T39: iu | V39: [ iu? ] | X39: iuh | Z39: [ iũ ] | AB39: niu | AH39: [ ui ] | AJ39: ui | AL39: [ ui? ] | AN39: uh | AP39: [ uĩ ] | AR39: nui | AT39: [ uĩ? ] | AV39: nuih
R40: 優 | T40: ㄧㄨ | V40: 匊 | X40: ㄧㄨㆷ | Z40: 羊 | AB40: ㄧㆫ | AH40: 威 | AJ40: ㄨㄧ | AL40: 劃 | AN40: ㄨㄧㆷ | AP40: 關 | AR40: ㄨㆪ | AT40: 哼 | AV40: ㄨㆪㆷ
B41: 皆 | D41: ai | F41: 皆 | H41: aih | J41: 閒 | L41: aiⁿ | N41: 閒 | P41: aiⁿh | AH41: 乖 | AJ41: oai | AL41: 乖 | AN41: oaih | AP41: 閂 | AR41: oaiⁿ | AT41: 閂 | AV41: oaiⁿh
D42: ai | H42: aih | L42: ainn | P42: ainnh | AJ42: uai | AN42: uaih | AR42: uainn | AV42: uainnh
B43: [ ai ] | D43: ai | F43: [ ai? ] | H43: aih | J43: [ ãĩ ] | L43: nai | N43: [ ãĩ? ] | P43: naih | AH43: [ uai ] | AJ43: uai | AL43: [ uai? ] | AN43: uah | AP43: [ uãĩ ] | AR43: nuai | AT43: [ uãĩ? ] | AV43: nuaih
B44: 哀 | D44: ㄞ | H44: ㄞㆷ | J44: 耐 | L44: ㆮ | P44: ㆮ | AH44: 歪 | AJ44: ㄨㄞ | AN44: ㄨㄞㆷ | AP44: 關 | AR44: ㄨㆮ | AV44: ㄨㆮㆷ
B45: 交 | D45: au | F45: 交 | H45: auh | J45: 爻 | L45: auⁿ | N45: 爻 | P45: auⁿh | R45: 嬌 | T45: iau | V45: 嬌 | X45: iauh | Z45: 嘄 | AB45: iauⁿ | AD45: 嘄 | AF45: iauⁿh
D46: au | H46: auh | L46: aunn | P46: aunnh | T46: iau | X46: iauh | AB46: iaunn | AF46: iaunnh
B47: [ au ] | D47: ao | F47: [ au? ] | H47: aoh | J47: [ ãũ ] | L47: nao | N47: [ ãũ? ] | P47: naoh | R47: [ iau ] | T47: iao | V47: [ iau? ] | X47: iaoh | Z47: [ iãũ ] | AB47: niao | AD47: [ iãũ? ] | AF47: niaoh
B48: 歐 | D48: ㄠ | F48: 雹 | H48: ㄠㆷ | J48: 鬧 | L48: ㆯ | N48: 澩 | P48: ㆯ | R48: 妖 | T48: ㄧㄠ | V48: 寂 | X48: ㄧㄠㆷ | Z48: 撓 | AB48: ㄧㆯ | AD48: 蟯 | AF48: ㄧㆯㆷ
B49: 姆 | D49: m | F49: 姆 | H49: mh | R49: 金 | T49: im | V49: 金 | X49: ip
D50: m | H50: mh | T50: im | X50: ip
B51: [ m ] | D51: m | F51: [ m? ] | H51: mh | R51: [ im ] | T51: im | V51: [ ip̚ ] | X51: ip
B52: 姆 | D52: ㆬ | F52: 默 | H52: ㆬㆷ | R52: 音 | T52: ㄧㆬ | V52: 揖 | X52: ㄧㆴ
B53: 甘 | D53: am | F53: 甘 | H53: ap | R53: 兼 | T53: iam | V53: 兼 | X53: iap
D54: am | H54: ap | T54: iam | X54: iap
B55: [ am ] | D55: am | F55: [ ap̚ ] | H55: ap | R55: [ iam ] | T55: iam | V55: [ iap̚ ] | X55: iap
B56: 庵 | D56: ㆰ | F56: 壓 | H56: ㄚㆴ | R56: 掩 | T56: ㄧㆰ | V56: 葉 | X56: ㄧㄚㆴ
B57: 干 | D57: an | F57: 干 | H57: at | R57: 堅 | T57: ian | V57: 堅 | X57: iat | AH57: 觀 | AJ57: oan | AL57: 觀 | AN57: oat
D58: an | H58: at | T58: ian | X58: iat | AJ58: uan | AN58: uat
B59: [ an ] | D59: an | F59: [ at̚ ] | H59: at | R59: [ ian ] | T59: ian | V59: [ iat̚ ] | X59: iat | AH59: [ uan ] | AJ59: uan | AL59: [ uat̚ ] | AN59: uat
B60: 安 | D60: ㄢ | F60: 遏 | H60: ㄚㆵ | R60: 烟 | T60: ㄧㄢ | V60: 閱 | X60: ㄧㄚㆵ | AH60: 彎 | AJ60: ㄨㄢ | AL60: 越 | AN60: ㄨㄚㆵ
B61: 箴 | D61: om | F61: 箴 | H61: op
D62: om | H62: op
B63: [ ɔm ] | D63: om | F63: [ ɔp ] | H63: op
B64: 森 | D64: ㆱ | F64: 欱 | H64: ㆦㆴ
B65: 鋼 | D65: ng | F65: 鋼 | H65: ngh | R65: 經 | T65: eng | V65: 經 | X65: ek
D66: ng | H66: ngh | T66: ing | X66: ik
B67: [ ŋ ] | D67: ng | F67: [ ŋ? ] | H67: ngh | R67: [ iŋ ] | T67: in | V67: [ ik̚ ] | X67: ik
B68: 秧 | D68: ㆭ | F68: 蹭 | H68: ㆭㆷ | R68: 英 | T68: ㄧㄥ | V68: 益 | X68: ㄧㆻ
B69: 江 | D69: ang | F69: 江 | H69: ak | R69: 姜 | T69: iang | V69: 姜 | X69: iak | AH69: 光 | AJ69: oang | AL69: 光 | AN69: oak
D70: ang | H70: ak | T70: iang | X70: iak | AJ70: uang | AN70: uak
B71: [ aŋ ] | D71: ang | F71: [ ak̚ ] | H71: ak | R71: [ iaŋ ] | T71: iang | V71: [ iak̚ ] | X71: iak | AH71: [ uaŋ ] | AJ71: uang | AL71: [ uak̚ ] | AN71: uangk
B72: 紅 | D72: ㄤ | F72: 握 | H72: ㄚㆻ | R72: 漳 | T72: ㄧㄤ | V72: 煏 | X72: ㄧㄚㆻ | AH72: 風 | AJ72: ㄨㄤ | AL72: 呋 | AN72: ㄨㄚㆻ
B73: 公 | D73: ong | F73: 公 | H73: ok | R73: 恭 | T73: iong | V73: 恭 | X73: iok
D74: ong | H74: ok | T74: iong | X74: iok
B75: [ ɔŋ ] | D75: ong | F75: [ ɔk̚ ] | H75: ok | R75: [ iɔŋ ] | T75: iong | V75: [ iɔk̚ ] | X75: iok
B76: 汪 | D76: ㆲ | F76: 屋 | H76: ㆦㆻ | R76: 央 | T76: ㄧㆲ | V76: 約 | X76: ㄧㆦㆻ

Sheet 閩拼-聲調
B2: 傳統八聲調 | C2: 調名 | D2: 閩拼七聲調 | E2: 五標 | F2: 調值 | S2: 傳統八聲調 | T2: 閩拼七聲調 | U2: 調名
B3: 1 | C3: 上（陰）平 | D3: 1 | E3: ˦˦ | F3: 44 | S3: 1 | T3: 1 | U3: 上（陰）平
B4: 2 | C4: 上（陰）上 | D4: 3 | E4: ˥˧ | F4: 53 | S4: 2 | T4: 3 | U4: 上（陰）上
B5: 3 | C5: 上（陰）去 | D5: 5 | E5: ˨˩ | F5: 21 | S5: 3 | T5: 5 | U5: 上（陰）去
B6: 4 | C6: 上（陰）入 | D6: 7 | E6: ˧ʔ | F6: 3? | S6: 4 | T6: 7 | U6: 上（陰）入
B7: 5 | C7: 下（陽）平 | D7: 2 | E7: ˨˩ | F7: 24 | S7: 5 | T7: 2 | U7: 下（陽）平
B8: 6 | C8: 下（陽）上 | D8: 4 | S8: 6 | T8: 4 | U8: 下（陽）上
B9: 7 | C9: 下（陽）去 | D9: 6 | E9: ˧˧ | F9: 33 | S9: 7 | T9: 6 | U9: 下（陽）去
B10: 8 | C10: 下（陽）入 | D10: 8 | E10: ˦ʔ | F10: 4ʔ | S10: 8 | T10: 8 | U10: 下（陽）入
B12: 聲調[編輯]
B13: 聲調符號大致上為漢語拼音方案之擴充，陰平、陽平、上聲、陰去沿用漢語拼音方案之符號，另外新增陽去及兩個入聲。但注意部分聲調名稱與普通話相同但調值不同。陽上調僅在泉州話中存在，其他閩南語方言皆已併入陰上（上聲）。高升調僅在連讀變調中存在。在聲調排列上有部分文獻順序為：1 陰平、2 陰上、3 陰去、4 陰入、5 陽平、6 陽上、7 陽去、8 陽入與本方案不同。①→⑧為BP所使用的"調號"(調序)。
B15: 基本閩南語廈門話七聲 | L15: 方言及特殊音調
B16: 調序 | C16: ① | D16: ② | E16: ③ | F16: ⑤ | G16: ⑥ | H16: ⑦ | I16: ⑧ | J16: ④ | L16: － | M16: － | N16: －
B17: 調名 | C17: 陰平 | D17: 陽平 | E17: 上聲 | F17: 陰去 | G17: 陽去 | H17: 陰入 | I17: 陽入 | J17: 陽上 | L17: 高升 | M17: 輕聲 | N17: 鼻化
B18: 五標 | C18: ˦˦ | D18: ˨˦ | E18: ˥˧ | F18: ˨˩ | G18: ˧˧ | H18: ˧ʔ | I18: ˦ʔ | J18: ˦˥ | L18: ˥˥
B19: 調值 | C19: 44 | D19: 24 | E19: 53 | F19: 21 | G19: 33 | H19: 3ʔ | I19: 4ʔ | J19: 45 | L19: 55
B21: 調號標示規則[編輯]
B22: 當一個音節有多個字母時，調號得標示在響度最大的字母上面（通常在韻腹）。由規則可以判定確切的字母：
B23: * 響度優先順序： a > oo > (e = o) > (i = u)〈低元音 > 高元音 > 無擦通音 > 擦音 > 塞音〉
B24: *二合字母 iu 及 ui ，調號都標在後一個字母上；因為前一個字母是介音。
B25: * m 作韻腹時則標於字母 m 上。
B26: * 二合字母 oo 及 ng，標於前一個字母上；比如 ng 標示在字母 n 上。
B27: * 三合字母 ere，標於最後的字母 e 上。

Sheet 元音舌位圖
B2: 國際音標元音圖（舌位示意圖）
D4: 元音舌位：舌頭置前、後位置
B5: 元音高度：嘴唇的開、閉程度 | M5: 元音分類的維度：
M7: - 舌體的高低 (Height)
M9: - 舌位的前後 (Backness)
M11: - 唇形圓展 (Roundedness)
N12: 發 [u] 這個音的時候，嘴唇是圓的；但發 [i] 這個音的時候，嘴唇是扁的。
N14: 圓唇元音：[u]、[ʊ]、[o]、[ɔ]
N17: 不圓唇元音：[i]、[ɪ]、[e]、[ɛ]、[æ]、[ɑ]、[ʌ]、[ə]

Sheet 【韻母】元音及韻化輔音
C2: 前元音 | K2: 央元音 | S2: 後元音 | AB2: 韻化輔音
C3: 口音韻 | G3: 鼻音韻 | K3: 口音韻 | O3: 鼻音韻 | S3: 口音韻 | W3: 鼻音韻
B4: 高元音 | C4: 居 | E4: i | G4: 梔 | I4: iⁿ | S4: 艍 | U4: u | Y4: uⁿ
E5: i | I5: inn | U5: u | Y5: unn
C6: [ i ] | E6: i | G6: [ ĩ ] | I6: ni | S6: [ u ] | U6: u | W6: [ ũ ]
C7: 衣 | E7: ㄧ | G7: 圓 | I7: ㆪ | S7: 汙 | U7: ㄨ | W7: 張 | Y7: ㆫ
B8: 中元音 | C8: 伽 | E8: e | G8: 更 | I8: eⁿ | K8: 高 | M8: o | O8: 扛 | Q8: oⁿ | S8: 沽 | U8: o͘ | W8: 姑 | Y8: o͘ ⁿ | AB8: 姆 | AD8: m | AF8: 鋼 | AH8: ng
E9: e | I9: enn | M9: o | Q9: onn | U9: oo | Y9: onn | AD9: m | AH9: ng
C10: [ e ] | E10: e | G10: [ ẽ ] | I10: ne | K10: [ ə ] | M10: o | O10: [ õ ] | Q10: no | S10: [ ɔ ] | U10: oo | W10: [ ɔ̃ ] | Y10: noo | AB10: [ m ] | AD10: m | AF10: [ ŋ ] | AH10: ng
C11: 比 | E11: ㆤ | G11: 美 | I11: ㆥ | K11: 刀 | M11: ㄜ | O11: 毛 | Q11: ㆧ | S11: 烏 | U11: ㆦ | W11: 唔 | Y11: ㆧ | AB11: 姆 | AD11: ㆬ | AF11: 酸 | AH11: ㆭ
B12: 低元音 | C12: 膠 | E12: a | G12: 監 | I12: aⁿ
E13: a | I13: ann
C14: [ a ] | E14: p | G14: [ ã ] | I14: na
C15: 查 | E15: ㄚ | G15: 衫 | I15: ㆩ
B18: IPA | C18: 十五音 | D18: 白話字 | E18: 台羅 | F18: 方音 | G18: 舌位 | I18: 舌體 | K18: 唇形
B19: [a] | C19: 膠 | D19: a | E19: a | F19: ㄚ | G19: 前 | I19: 低 | K19: 不圓唇
B20: [e] | C20: 伽 | D20: e | E20: e | F20: ㆤ | G20: 前 | I20: 中 | K20: 不圓唇
B21: [i] | C21: 居 | D21: i | E21: i | F21: ㄧ | G21: 前 | I21: 高 | K21: 不圓唇
B22: [u] | C22: 艍 | D22: u | E22: u | F22: ㄨ | G22: 後 | I22: 高 | K22: 圓唇
B23: [ə] | C23: 高 | D23: o | E23: o | F23: ㄜ | G23: 央 | I23: 中 | K23: 不圓唇
B24: [ɔ] | C24: 沽 | D24: o͘ | E24: oo | F24: ㆦ | G24: 後 | I24: 中 | K24: 圓唇
